Date (MM/DD/YYYY),Time (HH:MM),GHI (W/m^2),GHI SERI QC Flag,GHI Uncertainty (+/-%),GHI Uncertainty Code,DNI (W/m^2),DNI SERI QC Flag,DNI Uncertainty (+/-%),DNI Uncertainty Code,DHI (W/m^2),DHI SERI QC Flag,DHI Uncertainty (+/-%),DHI Uncertainty Code,System Uncertainty (+/-%),Field Uncertainty (+/-%),Urads (+/-%)
1/1/2004,0:00,-7.0,01,-9900,2,2.2,01,-9900,2,-6.9,01,-9900,2,-9900,-9900,-9900
1/1/2004,0:01,-7.1,01,-9900,2,2.3,01,-9900,2,-7.0,01,-9900,2,-9900,-9900,-9900
1/1/2004,0:02,-7.2,01,-9900,2,2.9,01,-9900,2,-7.1,01,-9900,2,-9900,-9900,-9900
1/1/2004,0:03,-7.3,01,-9900,2,3.9,01,-9900,2,-7.4,01,-9900,2,-9900,-9900,-9900
1/1/2004,0:04,-7.4,01,-9900,2,4.8,01,-9900,2,-7.5,01,-9900,2,-9900,-9900,-9900
1/1/2004,0:05,-7.7,01,-9900,2,4.3,01,-9900,2,-8.0,01,-9900,2,-9900,-9900,-9900
1/1/2004,0:06,-8.3,01,-9900,2,0.6,01,-9900,2,-8.9,01,-9900,2,-9900,-9900,-9900
1/1/2004,0:07,-8.6,01,-9900,2,-2.0,01,-9900,2,-9.4,01,-9900,2,-9900,-9900,-9900
1/1/2004,0:08,-8.6,01,-9900,2,-1.6,01,-9900,2,-9.3,01,-9900,2,-9900,-9900,-9900
1/1/2004,0:09,-8.5,01,-9900,2,-2.0,01,-9900,2,-9.3,01,-9900,2,-9900,-9900,-9900
1/1/2004,0:10,-8.6,01,-9900,2,-2.0,01,-9900,2,-9.3,01,-9900,2,-9900,-9900,-9900
1/1/2004,0:11,-8.3,01,-9900,2,1.5,01,-9900,2,-8.8,01,-9900,2,-9900,-9900,-9900
1/1/2004,0:12,-7.9,01,-9900,2,3.0,01,-9900,2,-8.3,01,-9900,2,-9900,-9900,-9900
1/1/2004,0:13,-7.9,01,-9900,2,3.0,01,-9900,2,-8.0,01,-9900,2,-9900,-9900,-9900
1/1/2004,0:14,-7.9,01,-9900,2,3.2,01,-9900,2,-7.9,01,-9900,2,-9900,-9900,-9900
1/1/2004,0:15,-7.9,01,-9900,2,3.6,01,-9900,2,-7.8,01,-9900,2,-9900,-9900,-9900
1/1/2004,0:16,-7.9,01,-9900,2,3.5,01,-9900,2,-7.8,01,-9900,2,-9900,-9900,-9900
1/1/2004,0:17,-8.1,01,-9900,2,3.0,01,-9900,2,-7.8,01,-9900,2,-9900,-9900,-9900
1/1/2004,0:18,-8.4,01,-9900,2,2.6,01,-9900,2,-7.9,01,-9900,2,-9900,-9900,-9900
1/1/2004,0:19,-8.4,01,-9900,2,2.0,01,-9900,2,-7.9,01,-9900,2,-9900,-9900,-9900
1/1/2004,0:20,-8.4,01,-9900,2,2.5,01,-9900,2,-8.0,01,-9900,2,-9900,-9900,-9900
1/1/2004,0:21,-8.4,01,-9900,2,2.7,01,-9900,2,-8.0,01,-9900,2,-9900,-9900,-9900
1/1/2004,0:22,-8.4,01,-9900,2,1.9,01,-9900,2,-8.1,01,-9900,2,-9900,-9900,-9900
1/1/2004,0:23,-8.6,01,-9900,2,1.6,01,-9900,2,-8.1,01,-9900,2,-9900,-9900,-9900
1/1/2004,0:24,-8.8,01,-9900,2,1.1,01,-9900,2,-8.4,01,-9900,2,-9900,-9900,-9900
1/1/2004,0:25,-8.8,01,-9900,2,1.5,01,-9900,2,-8.7,01,-9900,2,-9900,-9900,-9900
1/1/2004,0:26,-8.8,01,-9900,2,2.0,01,-9900,2,-8.8,01,-9900,2,-9900,-9900,-9900
1/1/2004,0:27,-8.8,01,-9900,2,2.0,01,-9900,2,-8.9,01,-9900,2,-9900,-9900,-9900
1/1/2004,0:28,-8.8,01,-9900,2,2.1,01,-9900,2,-9.1,01,-9900,2,-9900,-9900,-9900
1/1/2004,0:29,-8.8,01,-9900,2,1.5,01,-9900,2,-9.2,01,-9900,2,-9900,-9900,-9900
1/1/2004,0:30,-9.1,01,-9900,2,1.1,01,-9900,2,-9.2,01,-9900,2,-9900,-9900,-9900
1/1/2004,0:31,-9.3,01,-9900,2,1.1,01,-9900,2,-9.3,01,-9900,2,-9900,-9900,-9900
1/1/2004,0:32,-9.1,01,-9900,2,1.5,01,-9900,2,-9.3,01,-9900,2,-9900,-9900,-9900
1/1/2004,0:33,-9.0,01,-9900,2,1.5,01,-9900,2,-9.4,01,-9900,2,-9900,-9900,-9900
1/1/2004,0:34,-9.0,01,-9900,2,1.6,01,-9900,2,-9.4,01,-9900,2,-9900,-9900,-9900
1/1/2004,0:35,-8.9,01,-9900,2,0.8,01,-9900,2,-9.4,01,-9900,2,-9900,-9900,-9900
1/1/2004,0:36,-9.1,01,-9900,2,-0.2,01,-9900,2,-9.4,01,-9900,2,-9900,-9900,-9900
1/1/2004,0:37,-9.3,01,-9900,2,-0.7,01,-9900,2,-9.5,01,-9900,2,-9900,-9900,-9900
1/1/2004,0:38,-9.3,01,-9900,2,-1.4,01,-9900,2,-9.5,01,-9900,2,-9900,-9900,-9900
1/1/2004,0:39,-9.2,01,-9900,2,-1.7,01,-9900,2,-9.5,01,-9900,2,-9900,-9900,-9900
1/1/2004,0:40,-9.0,01,-9900,2,-1.8,01,-9900,2,-9.5,01,-9900,2,-9900,-9900,-9900
1/1/2004,0:41,-8.9,01,-9900,2,-0.9,01,-9900,2,-9.7,01,-9900,2,-9900,-9900,-9900
1/1/2004,0:42,-8.8,01,-9900,2,0.4,01,-9900,2,-9.6,01,-9900,2,-9900,-9900,-9900
1/1/2004,0:43,-9.0,01,-9900,2,0.9,01,-9900,2,-9.7,01,-9900,2,-9900,-9900,-9900
1/1/2004,0:44,-9.1,01,-9900,2,0.3,01,-9900,2,-9.8,01,-9900,2,-9900,-9900,-9900
1/1/2004,0:45,-8.9,01,-9900,2,-0.7,01,-9900,2,-9.8,01,-9900,2,-9900,-9900,-9900
1/1/2004,0:46,-9.0,01,-9900,2,-0.7,01,-9900,2,-9.8,01,-9900,2,-9900,-9900,-9900
1/1/2004,0:47,-9.3,01,-9900,2,-0.7,01,-9900,2,-9.8,01,-9900,2,-9900,-9900,-9900
1/1/2004,0:48,-9.3,01,-9900,2,-0.6,01,-9900,2,-9.8,01,-9900,2,-9900,-9900,-9900
1/1/2004,0:49,-9.3,01,-9900,2,-0.5,01,-9900,2,-9.7,01,-9900,2,-9900,-9900,-9900
1/1/2004,0:50,-9.4,01,-9900,2,-0.4,01,-9900,2,-9.6,01,-9900,2,-9900,-9900,-9900
1/1/2004,0:51,-9.4,01,-9900,2,0.1,01,-9900,2,-9.6,01,-9900,2,-9900,-9900,-9900
1/1/2004,0:52,-9.3,01,-9900,2,0.2,01,-9900,2,-9.5,01,-9900,2,-9900,-9900,-9900
1/1/2004,0:53,-9.3,01,-9900,2,0.2,01,-9900,2,-9.5,01,-9900,2,-9900,-9900,-9900
1/1/2004,0:54,-9.3,01,-9900,2,0.0,01,-9900,2,-9.5,01,-9900,2,-9900,-9900,-9900
1/1/2004,0:55,-9.3,01,-9900,2,-0.5,01,-9900,2,-9.4,01,-9900,2,-9900,-9900,-9900
1/1/2004,0:56,-9.3,01,-9900,2,-0.7,01,-9900,2,-9.2,01,-9900,2,-9900,-9900,-9900
1/1/2004,0:57,-9.2,01,-9900,2,-0.8,01,-9900,2,-9.1,01,-9900,2,-9900,-9900,-9900
1/1/2004,0:58,-8.9,01,-9900,2,-1.1,01,-9900,2,-9.0,01,-9900,2,-9900,-9900,-9900
1/1/2004,0:59,-8.8,01,-9900,2,-1.1,01,-9900,2,-9.0,01,-9900,2,-9900,-9900,-9900
1/1/2004,1:00,-8.8,01,-9900,2,-1.1,01,-9900,2,-8.9,01,-9900,2,-9900,-9900,-9900
1/1/2004,1:01,-8.7,01,-9900,2,-0.9,01,-9900,2,-8.8,01,-9900,2,-9900,-9900,-9900
1/1/2004,1:02,-8.6,01,-9900,2,-0.3,01,-9900,2,-8.9,01,-9900,2,-9900,-9900,-9900
1/1/2004,1:03,-8.7,01,-9900,2,0.6,01,-9900,2,-9.0,01,-9900,2,-9900,-9900,-9900
1/1/2004,1:04,-8.8,01,-9900,2,1.3,01,-9900,2,-9.1,01,-9900,2,-9900,-9900,-9900
1/1/2004,1:05,-8.8,01,-9900,2,1.7,01,-9900,2,-8.9,01,-9900,2,-9900,-9900,-9900
1/1/2004,1:06,-8.8,01,-9900,2,1.7,01,-9900,2,-8.8,01,-9900,2,-9900,-9900,-9900
1/1/2004,1:07,-8.8,01,-9900,2,1.4,01,-9900,2,-8.6,01,-9900,2,-9900,-9900,-9900
1/1/2004,1:08,-8.8,01,-9900,2,1.1,01,-9900,2,-8.6,01,-9900,2,-9900,-9900,-9900
1/1/2004,1:09,-8.8,01,-9900,2,0.7,01,-9900,2,-8.6,01,-9900,2,-9900,-9900,-9900
1/1/2004,1:10,-8.8,01,-9900,2,1.0,01,-9900,2,-8.5,01,-9900,2,-9900,-9900,-9900
1/1/2004,1:11,-8.8,01,-9900,2,1.1,01,-9900,2,-8.4,01,-9900,2,-9900,-9900,-9900
1/1/2004,1:12,-8.7,01,-9900,2,1.2,01,-9900,2,-8.5,01,-9900,2,-9900,-9900,-9900
1/1/2004,1:13,-8.6,01,-9900,2,1.4,01,-9900,2,-8.4,01,-9900,2,-9900,-9900,-9900
1/1/2004,1:14,-8.6,01,-9900,2,1.2,01,-9900,2,-8.4,01,-9900,2,-9900,-9900,-9900
1/1/2004,1:15,-8.7,01,-9900,2,1.2,01,-9900,2,-8.5,01,-9900,2,-9900,-9900,-9900
1/1/2004,1:16,-8.8,01,-9900,2,1.2,01,-9900,2,-8.6,01,-9900,2,-9900,-9900,-9900
1/1/2004,1:17,-8.8,01,-9900,2,1.1,01,-9900,2,-8.7,01,-9900,2,-9900,-9900,-9900
1/1/2004,1:18,-8.8,01,-9900,2,0.7,01,-9900,2,-8.8,01,-9900,2,-9900,-9900,-9900
1/1/2004,1:19,-8.8,01,-9900,2,0.4,01,-9900,2,-8.9,01,-9900,2,-9900,-9900,-9900
1/1/2004,1:20,-8.7,01,-9900,2,0.3,01,-9900,2,-8.8,01,-9900,2,-9900,-9900,-9900
1/1/2004,1:21,-8.4,01,-9900,2,0.4,01,-9900,2,-8.6,01,-9900,2,-9900,-9900,-9900
1/1/2004,1:22,-8.4,01,-9900,2,0.6,01,-9900,2,-8.5,01,-9900,2,-9900,-9900,-9900
1/1/2004,1:23,-8.4,01,-9900,2,0.6,01,-9900,2,-8.6,01,-9900,2,-9900,-9900,-9900
1/1/2004,1:24,-8.4,01,-9900,2,0.4,01,-9900,2,-8.6,01,-9900,2,-9900,-9900,-9900
1/1/2004,1:25,-8.4,01,-9900,2,0.5,01,-9900,2,-8.6,01,-9900,2,-9900,-9900,-9900
1/1/2004,1:26,-8.4,01,-9900,2,0.1,01,-9900,2,-8.5,01,-9900,2,-9900,-9900,-9900
1/1/2004,1:27,-8.4,01,-9900,2,0.1,01,-9900,2,-8.5,01,-9900,2,-9900,-9900,-9900
1/1/2004,1:28,-8.4,01,-9900,2,0.4,01,-9900,2,-8.4,01,-9900,2,-9900,-9900,-9900
1/1/2004,1:29,-8.4,01,-9900,2,0.3,01,-9900,2,-8.6,01,-9900,2,-9900,-9900,-9900
1/1/2004,1:30,-8.5,01,-9900,2,0.9,01,-9900,2,-8.6,01,-9900,2,-9900,-9900,-9900
1/1/2004,1:31,-8.4,01,-9900,2,1.3,01,-9900,2,-8.4,01,-9900,2,-9900,-9900,-9900
1/1/2004,1:32,-8.4,01,-9900,2,0.9,01,-9900,2,-8.4,01,-9900,2,-9900,-9900,-9900
1/1/2004,1:33,-8.6,01,-9900,2,0.2,01,-9900,2,-8.7,01,-9900,2,-9900,-9900,-9900
1/1/2004,1:34,-8.6,01,-9900,2,0.1,01,-9900,2,-8.8,01,-9900,2,-9900,-9900,-9900
1/1/2004,1:35,-8.8,01,-9900,2,0.0,01,-9900,2,-8.8,01,-9900,2,-9900,-9900,-9900
1/1/2004,1:36,-8.8,01,-9900,2,0.1,01,-9900,2,-8.8,01,-9900,2,-9900,-9900,-9900
1/1/2004,1:37,-8.8,01,-9900,2,0.2,01,-9900,2,-8.8,01,-9900,2,-9900,-9900,-9900
1/1/2004,1:38,-8.6,01,-9900,2,0.4,01,-9900,2,-8.5,01,-9900,2,-9900,-9900,-9900
1/1/2004,1:39,-8.3,01,-9900,2,1.3,01,-9900,2,-8.2,01,-9900,2,-9900,-9900,-9900
1/1/2004,1:40,-7.9,01,-9900,2,1.7,01,-9900,2,-8.0,01,-9900,2,-9900,-9900,-9900
1/1/2004,1:41,-8.0,01,-9900,2,1.8,01,-9900,2,-7.9,01,-9900,2,-9900,-9900,-9900
1/1/2004,1:42,-8.3,01,-9900,2,1.4,01,-9900,2,-7.9,01,-9900,2,-9900,-9900,-9900
1/1/2004,1:43,-8.4,01,-9900,2,1.1,01,-9900,2,-8.1,01,-9900,2,-9900,-9900,-9900
1/1/2004,1:44,-8.3,01,-9900,2,1.1,01,-9900,2,-8.1,01,-9900,2,-9900,-9900,-9900
1/1/2004,1:45,-8.1,01,-9900,2,1.6,01,-9900,2,-8.1,01,-9900,2,-9900,-9900,-9900
1/1/2004,1:46,-8.4,01,-9900,2,2.0,01,-9900,2,-8.1,01,-9900,2,-9900,-9900,-9900
1/1/2004,1:47,-8.4,01,-9900,2,1.9,01,-9900,2,-8.1,01,-9900,2,-9900,-9900,-9900
1/1/2004,1:48,-8.7,01,-9900,2,1.3,01,-9900,2,-8.4,01,-9900,2,-9900,-9900,-9900
1/1/2004,1:49,-8.8,01,-9900,2,0.4,01,-9900,2,-8.5,01,-9900,2,-9900,-9900,-9900
1/1/2004,1:50,-8.7,01,-9900,2,0.8,01,-9900,2,-8.5,01,-9900,2,-9900,-9900,-9900
1/1/2004,1:51,-8.5,01,-9900,2,0.9,01,-9900,2,-8.5,01,-9900,2,-9900,-9900,-9900
1/1/2004,1:52,-8.4,01,-9900,2,0.7,01,-9900,2,-8.5,01,-9900,2,-9900,-9900,-9900
1/1/2004,1:53,-8.5,01,-9900,2,0.9,01,-9900,2,-8.4,01,-9900,2,-9900,-9900,-9900
1/1/2004,1:54,-8.7,01,-9900,2,0.6,01,-9900,2,-8.6,01,-9900,2,-9900,-9900,-9900
1/1/2004,1:55,-8.8,01,-9900,2,0.1,01,-9900,2,-8.8,01,-9900,2,-9900,-9900,-9900
1/1/2004,1:56,-8.6,01,-9900,2,1.1,01,-9900,2,-8.7,01,-9900,2,-9900,-9900,-9900
1/1/2004,1:57,-8.4,01,-9900,2,1.6,01,-9900,2,-8.4,01,-9900,2,-9900,-9900,-9900
1/1/2004,1:58,-8.4,01,-9900,2,1.2,01,-9900,2,-8.2,01,-9900,2,-9900,-9900,-9900
1/1/2004,1:59,-8.5,01,-9900,2,0.8,01,-9900,2,-8.3,01,-9900,2,-9900,-9900,-9900
1/1/2004,2:00,-8.4,01,-9900,2,0.9,01,-9900,2,-8.1,01,-9900,2,-9900,-9900,-9900
1/1/2004,2:01,-8.4,01,-9900,2,0.8,01,-9900,2,-8.1,01,-9900,2,-9900,-9900,-9900
1/1/2004,2:02,-8.4,01,-9900,2,0.3,01,-9900,2,-8.3,01,-9900,2,-9900,-9900,-9900
1/1/2004,2:03,-8.6,01,-9900,2,0.0,01,-9900,2,-8.4,01,-9900,2,-9900,-9900,-9900
1/1/2004,2:04,-8.8,01,-9900,2,-0.4,01,-9900,2,-8.5,01,-9900,2,-9900,-9900,-9900
1/1/2004,2:05,-8.6,01,-9900,2,-0.7,01,-9900,2,-8.5,01,-9900,2,-9900,-9900,-9900
1/1/2004,2:06,-8.4,01,-9900,2,-1.1,01,-9900,2,-8.6,01,-9900,2,-9900,-9900,-9900
1/1/2004,2:07,-8.4,01,-9900,2,0.1,01,-9900,2,-8.6,01,-9900,2,-9900,-9900,-9900
1/1/2004,2:08,-8.4,01,-9900,2,1.4,01,-9900,2,-8.5,01,-9900,2,-9900,-9900,-9900
1/1/2004,2:09,-8.4,01,-9900,2,1.3,01,-9900,2,-8.5,01,-9900,2,-9900,-9900,-9900
1/1/2004,2:10,-8.6,01,-9900,2,0.9,01,-9900,2,-8.4,01,-9900,2,-9900,-9900,-9900
1/1/2004,2:11,-8.6,01,-9900,2,0.4,01,-9900,2,-8.2,01,-9900,2,-9900,-9900,-9900
1/1/2004,2:12,-8.4,01,-9900,2,-0.0,01,-9900,2,-8.1,01,-9900,2,-9900,-9900,-9900
1/1/2004,2:13,-8.4,01,-9900,2,-0.3,01,-9900,2,-8.1,01,-9900,2,-9900,-9900,-9900
1/1/2004,2:14,-8.4,01,-9900,2,-0.6,01,-9900,2,-8.1,01,-9900,2,-9900,-9900,-9900
1/1/2004,2:15,-8.4,01,-9900,2,0.2,01,-9900,2,-8.3,01,-9900,2,-9900,-9900,-9900
1/1/2004,2:16,-8.4,01,-9900,2,1.2,01,-9900,2,-8.3,01,-9900,2,-9900,-9900,-9900
1/1/2004,2:17,-8.4,01,-9900,2,1.0,01,-9900,2,-8.1,01,-9900,2,-9900,-9900,-9900
1/1/2004,2:18,-8.4,01,-9900,2,0.5,01,-9900,2,-8.2,01,-9900,2,-9900,-9900,-9900
1/1/2004,2:19,-8.6,01,-9900,2,0.4,01,-9900,2,-8.4,01,-9900,2,-9900,-9900,-9900
1/1/2004,2:20,-8.4,01,-9900,2,0.7,01,-9900,2,-8.5,01,-9900,2,-9900,-9900,-9900
1/1/2004,2:21,-8.4,01,-9900,2,0.7,01,-9900,2,-8.3,01,-9900,2,-9900,-9900,-9900
1/1/2004,2:22,-8.4,01,-9900,2,0.8,01,-9900,2,-8.4,01,-9900,2,-9900,-9900,-9900
1/1/2004,2:23,-8.4,01,-9900,2,1.7,01,-9900,2,-8.3,01,-9900,2,-9900,-9900,-9900
1/1/2004,2:24,-8.4,01,-9900,2,2.9,01,-9900,2,-8.1,01,-9900,2,-9900,-9900,-9900
1/1/2004,2:25,-8.4,01,-9900,2,2.6,01,-9900,2,-8.1,01,-9900,2,-9900,-9900,-9900
1/1/2004,2:26,-8.8,01,-9900,2,1.4,01,-9900,2,-8.6,01,-9900,2,-9900,-9900,-9900
1/1/2004,2:27,-9.1,01,-9900,2,1.0,01,-9900,2,-9.0,01,-9900,2,-9900,-9900,-9900
1/1/2004,2:28,-9.3,01,-9900,2,-0.1,01,-9900,2,-9.4,01,-9900,2,-9900,-9900,-9900
1/1/2004,2:29,-9.3,01,-9900,2,-0.0,01,-9900,2,-9.5,01,-9900,2,-9900,-9900,-9900
1/1/2004,2:30,-9.2,01,-9900,2,-0.5,01,-9900,2,-9.5,01,-9900,2,-9900,-9900,-9900
1/1/2004,2:31,-8.9,01,-9900,2,-0.9,01,-9900,2,-9.4,01,-9900,2,-9900,-9900,-9900
1/1/2004,2:32,-8.8,01,-9900,2,-1.1,01,-9900,2,-9.2,01,-9900,2,-9900,-9900,-9900
1/1/2004,2:33,-8.5,01,-9900,2,-1.1,01,-9900,2,-9.0,01,-9900,2,-9900,-9900,-9900
1/1/2004,2:34,-8.4,01,-9900,2,-0.7,01,-9900,2,-8.8,01,-9900,2,-9900,-9900,-9900
1/1/2004,2:35,-8.4,01,-9900,2,-0.6,01,-9900,2,-8.6,01,-9900,2,-9900,-9900,-9900
1/1/2004,2:36,-8.2,01,-9900,2,-0.5,01,-9900,2,-8.5,01,-9900,2,-9900,-9900,-9900
1/1/2004,2:37,-8.4,01,-9900,2,-0.6,01,-9900,2,-8.7,01,-9900,2,-9900,-9900,-9900
1/1/2004,2:38,-8.4,01,-9900,2,1.5,01,-9900,2,-8.7,01,-9900,2,-9900,-9900,-9900
1/1/2004,2:39,-8.4,01,-9900,2,2.0,01,-9900,2,-8.6,01,-9900,2,-9900,-9900,-9900
1/1/2004,2:40,-8.4,01,-9900,2,2.3,01,-9900,2,-8.5,01,-9900,2,-9900,-9900,-9900
1/1/2004,2:41,-8.5,01,-9900,2,1.5,01,-9900,2,-8.6,01,-9900,2,-9900,-9900,-9900
1/1/2004,2:42,-8.8,01,-9900,2,-0.3,01,-9900,2,-8.9,01,-9900,2,-9900,-9900,-9900
1/1/2004,2:43,-8.9,01,-9900,2,-1.4,01,-9900,2,-9.2,01,-9900,2,-9900,-9900,-9900
1/1/2004,2:44,-8.8,01,-9900,2,-1.3,01,-9900,2,-9.1,01,-9900,2,-9900,-9900,-9900
1/1/2004,2:45,-8.7,01,-9900,2,0.1,01,-9900,2,-8.8,01,-9900,2,-9900,-9900,-9900
1/1/2004,2:46,-8.4,01,-9900,2,2.3,01,-9900,2,-8.4,01,-9900,2,-9900,-9900,-9900
1/1/2004,2:47,-8.4,01,-9900,2,3.0,01,-9900,2,-8.1,01,-9900,2,-9900,-9900,-9900
1/1/2004,2:48,-8.4,01,-9900,2,2.4,01,-9900,2,-8.1,01,-9900,2,-9900,-9900,-9900
1/1/2004,2:49,-8.3,01,-9900,2,3.0,01,-9900,2,-7.9,01,-9900,2,-9900,-9900,-9900
1/1/2004,2:50,-7.9,01,-9900,2,4.3,01,-9900,2,-7.7,01,-9900,2,-9900,-9900,-9900
1/1/2004,2:51,-8.0,01,-9900,2,3.3,01,-9900,2,-7.7,01,-9900,2,-9900,-9900,-9900
1/1/2004,2:52,-8.2,01,-9900,2,2.9,01,-9900,2,-7.8,01,-9900,2,-9900,-9900,-9900
1/1/2004,2:53,-7.9,01,-9900,2,4.3,01,-9900,2,-7.6,01,-9900,2,-9900,-9900,-9900
1/1/2004,2:54,-7.7,01,-9900,2,4.8,01,-9900,2,-7.4,01,-9900,2,-9900,-9900,-9900
1/1/2004,2:55,-7.7,01,-9900,2,5.1,01,-9900,2,-7.2,01,-9900,2,-9900,-9900,-9900
1/1/2004,2:56,-7.7,01,-9900,2,5.2,01,-9900,2,-7.1,01,-9900,2,-9900,-9900,-9900
1/1/2004,2:57,-7.8,01,-9900,2,4.8,01,-9900,2,-7.1,01,-9900,2,-9900,-9900,-9900
1/1/2004,2:58,-7.9,01,-9900,2,4.4,01,-9900,2,-7.2,01,-9900,2,-9900,-9900,-9900
1/1/2004,2:59,-7.9,01,-9900,2,4.4,01,-9900,2,-7.4,01,-9900,2,-9900,-9900,-9900
1/1/2004,3:00,-7.9,01,-9900,2,4.3,01,-9900,2,-7.3,01,-9900,2,-9900,-9900,-9900
1/1/2004,3:01,-7.9,01,-9900,2,3.5,01,-9900,2,-7.4,01,-9900,2,-9900,-9900,-9900
1/1/2004,3:02,-8.1,01,-9900,2,2.5,01,-9900,2,-7.4,01,-9900,2,-9900,-9900,-9900
1/1/2004,3:03,-8.4,01,-9900,2,2.0,01,-9900,2,-7.6,01,-9900,2,-9900,-9900,-9900
1/1/2004,3:04,-8.4,01,-9900,2,1.7,01,-9900,2,-7.9,01,-9900,2,-9900,-9900,-9900
1/1/2004,3:05,-8.4,01,-9900,2,1.7,01,-9900,2,-8.1,01,-9900,2,-9900,-9900,-9900
1/1/2004,3:06,-8.4,01,-9900,2,2.0,01,-9900,2,-8.1,01,-9900,2,-9900,-9900,-9900
1/1/2004,3:07,-8.4,01,-9900,2,1.7,01,-9900,2,-8.1,01,-9900,2,-9900,-9900,-9900
1/1/2004,3:08,-8.5,01,-9900,2,1.2,01,-9900,2,-8.2,01,-9900,2,-9900,-9900,-9900
1/1/2004,3:09,-8.7,01,-9900,2,0.7,01,-9900,2,-8.3,01,-9900,2,-9900,-9900,-9900
1/1/2004,3:10,-8.8,01,-9900,2,0.6,01,-9900,2,-8.5,01,-9900,2,-9900,-9900,-9900
1/1/2004,3:11,-8.8,01,-9900,2,0.2,01,-9900,2,-8.8,01,-9900,2,-9900,-9900,-9900
1/1/2004,3:12,-9.0,01,-9900,2,0.2,01,-9900,2,-8.9,01,-9900,2,-9900,-9900,-9900
1/1/2004,3:13,-8.8,01,-9900,2,1.7,01,-9900,2,-8.7,01,-9900,2,-9900,-9900,-9900
1/1/2004,3:14,-8.7,01,-9900,2,1.8,01,-9900,2,-8.7,01,-9900,2,-9900,-9900,-9900
1/1/2004,3:15,-8.8,01,-9900,2,0.9,01,-9900,2,-8.8,01,-9900,2,-9900,-9900,-9900
1/1/2004,3:16,-8.8,01,-9900,2,-0.2,01,-9900,2,-8.6,01,-9900,2,-9900,-9900,-9900
1/1/2004,3:17,-8.9,01,-9900,2,-0.7,01,-9900,2,-8.6,01,-9900,2,-9900,-9900,-9900
1/1/2004,3:18,-8.9,01,-9900,2,-0.7,01,-9900,2,-8.6,01,-9900,2,-9900,-9900,-9900
1/1/2004,3:19,-8.9,01,-9900,2,-0.7,01,-9900,2,-8.6,01,-9900,2,-9900,-9900,-9900
1/1/2004,3:20,-8.8,01,-9900,2,-0.8,01,-9900,2,-8.5,01,-9900,2,-9900,-9900,-9900
1/1/2004,3:21,-8.8,01,-9900,2,-1.5,01,-9900,2,-8.7,01,-9900,2,-9900,-9900,-9900
1/1/2004,3:22,-9.2,01,-9900,2,-2.5,01,-9900,2,-9.1,01,-9900,2,-9900,-9900,-9900
1/1/2004,3:23,-9.3,01,-9900,2,-3.1,01,-9900,2,-9.5,01,-9900,2,-9900,-9900,-9900
1/1/2004,3:24,-9.3,01,-9900,2,-2.8,01,-9900,2,-9.5,01,-9900,2,-9900,-9900,-9900
1/1/2004,3:25,-8.9,01,-9900,2,-2.3,01,-9900,2,-9.2,01,-9900,2,-9900,-9900,-9900
1/1/2004,3:26,-8.8,01,-9900,2,-2.1,01,-9900,2,-9.0,01,-9900,2,-9900,-9900,-9900
1/1/2004,3:27,-8.6,01,-9900,2,-1.7,01,-9900,2,-8.8,01,-9900,2,-9900,-9900,-9900
1/1/2004,3:28,-8.7,01,-9900,2,-0.9,01,-9900,2,-8.6,01,-9900,2,-9900,-9900,-9900
1/1/2004,3:29,-8.7,01,-9900,2,1.2,01,-9900,2,-8.5,01,-9900,2,-9900,-9900,-9900
1/1/2004,3:30,-8.8,01,-9900,2,2.5,01,-9900,2,-8.4,01,-9900,2,-9900,-9900,-9900
1/1/2004,3:31,-8.8,01,-9900,2,3.0,01,-9900,2,-8.4,01,-9900,2,-9900,-9900,-9900
1/1/2004,3:32,-8.8,01,-9900,2,2.7,01,-9900,2,-8.4,01,-9900,2,-9900,-9900,-9900
1/1/2004,3:33,-8.8,01,-9900,2,3.1,01,-9900,2,-8.4,01,-9900,2,-9900,-9900,-9900
1/1/2004,3:34,-8.8,01,-9900,2,2.7,01,-9900,2,-8.4,01,-9900,2,-9900,-9900,-9900
1/1/2004,3:35,-8.8,01,-9900,2,2.9,01,-9900,2,-8.5,01,-9900,2,-9900,-9900,-9900
1/1/2004,3:36,-8.8,01,-9900,2,3.0,01,-9900,2,-8.5,01,-9900,2,-9900,-9900,-9900
1/1/2004,3:37,-8.8,01,-9900,2,2.8,01,-9900,2,-8.5,01,-9900,2,-9900,-9900,-9900
1/1/2004,3:38,-8.8,01,-9900,2,3.0,01,-9900,2,-8.5,01,-9900,2,-9900,-9900,-9900
1/1/2004,3:39,-8.9,01,-9900,2,2.4,01,-9900,2,-8.6,01,-9900,2,-9900,-9900,-9900
1/1/2004,3:40,-9.1,01,-9900,2,1.9,01,-9900,2,-8.8,01,-9900,2,-9900,-9900,-9900
1/1/2004,3:41,-9.1,01,-9900,2,2.3,01,-9900,2,-8.8,01,-9900,2,-9900,-9900,-9900
1/1/2004,3:42,-9.1,01,-9900,2,2.1,01,-9900,2,-8.8,01,-9900,2,-9900,-9900,-9900
1/1/2004,3:43,-9.1,01,-9900,2,2.0,01,-9900,2,-9.0,01,-9900,2,-9900,-9900,-9900
1/1/2004,3:44,-8.9,01,-9900,2,2.7,01,-9900,2,-9.1,01,-9900,2,-9900,-9900,-9900
1/1/2004,3:45,-8.8,01,-9900,2,3.0,01,-9900,2,-8.9,01,-9900,2,-9900,-9900,-9900
1/1/2004,3:46,-8.9,01,-9900,2,3.0,01,-9900,2,-8.9,01,-9900,2,-9900,-9900,-9900
1/1/2004,3:47,-9.1,01,-9900,2,2.4,01,-9900,2,-8.9,01,-9900,2,-9900,-9900,-9900
1/1/2004,3:48,-9.3,01,-9900,2,1.9,01,-9900,2,-9.0,01,-9900,2,-9900,-9900,-9900
1/1/2004,3:49,-9.3,01,-9900,2,2.2,01,-9900,2,-9.1,01,-9900,2,-9900,-9900,-9900
1/1/2004,3:50,-9.3,01,-9900,2,2.0,01,-9900,2,-9.2,01,-9900,2,-9900,-9900,-9900
1/1/2004,3:51,-9.3,01,-9900,2,1.6,01,-9900,2,-9.4,01,-9900,2,-9900,-9900,-9900
1/1/2004,3:52,-9.3,01,-9900,2,1.3,01,-9900,2,-9.6,01,-9900,2,-9900,-9900,-9900
1/1/2004,3:53,-9.3,01,-9900,2,1.1,01,-9900,2,-9.8,01,-9900,2,-9900,-9900,-9900
1/1/2004,3:54,-9.3,01,-9900,2,1.1,01,-9900,2,-9.9,01,-9900,2,-9900,-9900,-9900
1/1/2004,3:55,-9.3,01,-9900,2,1.0,01,-9900,2,-9.8,01,-9900,2,-9900,-9900,-9900
1/1/2004,3:56,-9.3,01,-9900,2,0.5,01,-9900,2,-9.5,01,-9900,2,-9900,-9900,-9900
1/1/2004,3:57,-9.3,01,-9900,2,0.0,01,-9900,2,-9.3,01,-9900,2,-9900,-9900,-9900
1/1/2004,3:58,-9.3,01,-9900,2,-0.2,01,-9900,2,-9.2,01,-9900,2,-9900,-9900,-9900
1/1/2004,3:59,-9.3,01,-9900,2,-0.0,01,-9900,2,-9.2,01,-9900,2,-9900,-9900,-9900
1/1/2004,4:00,-9.3,01,-9900,2,0.0,01,-9900,2,-9.2,01,-9900,2,-9900,-9900,-9900
1/1/2004,4:01,-9.3,01,-9900,2,-0.1,01,-9900,2,-9.2,01,-9900,2,-9900,-9900,-9900
1/1/2004,4:02,-9.3,01,-9900,2,-0.6,01,-9900,2,-9.2,01,-9900,2,-9900,-9900,-9900
1/1/2004,4:03,-9.3,01,-9900,2,-1.0,01,-9900,2,-9.2,01,-9900,2,-9900,-9900,-9900
1/1/2004,4:04,-9.3,01,-9900,2,-1.1,01,-9900,2,-9.3,01,-9900,2,-9900,-9900,-9900
1/1/2004,4:05,-9.4,01,-9900,2,-1.6,01,-9900,2,-9.6,01,-9900,2,-9900,-9900,-9900
1/1/2004,4:06,-9.7,01,-9900,2,-1.9,01,-9900,2,-9.9,01,-9900,2,-9900,-9900,-9900
1/1/2004,4:07,-9.7,01,-9900,2,-2.0,01,-9900,2,-10.1,07,-9900,2,-9900,-9900,-9900
1/1/2004,4:08,-10.0,07,-9900,2,-2.3,01,-9900,2,-10.3,07,-9900,2,-9900,-9900,-9900
1/1/2004,4:09,-10.2,07,-9900,2,-2.3,01,-9900,2,-10.4,07,-9900,2,-9900,-9900,-9900
1/1/2004,4:10,-9.6,01,-9900,2,-1.7,01,-9900,2,-10.1,07,-9900,2,-9900,-9900,-9900
1/1/2004,4:11,-9.3,01,-9900,2,-1.3,01,-9900,2,-9.7,01,-9900,2,-9900,-9900,-9900
1/1/2004,4:12,-9.3,01,-9900,2,-1.1,01,-9900,2,-9.4,01,-9900,2,-9900,-9900,-9900
1/1/2004,4:13,-8.9,01,-9900,2,-1.1,01,-9900,2,-9.0,01,-9900,2,-9900,-9900,-9900
1/1/2004,4:14,-8.6,01,-9900,2,-1.1,01,-9900,2,-8.7,01,-9900,2,-9900,-9900,-9900
1/1/2004,4:15,-8.5,01,-9900,2,-1.1,01,-9900,2,-8.6,01,-9900,2,-9900,-9900,-9900
1/1/2004,4:16,-8.8,01,-9900,2,-1.1,01,-9900,2,-8.8,01,-9900,2,-9900,-9900,-9900
1/1/2004,4:17,-8.8,01,-9900,2,-1.6,01,-9900,2,-9.0,01,-9900,2,-9900,-9900,-9900
1/1/2004,4:18,-8.8,01,-9900,2,-1.9,01,-9900,2,-9.2,01,-9900,2,-9900,-9900,-9900
1/1/2004,4:19,-8.8,01,-9900,2,-1.5,01,-9900,2,-9.1,01,-9900,2,-9900,-9900,-9900
1/1/2004,4:20,-8.8,01,-9900,2,-1.1,01,-9900,2,-9.0,01,-9900,2,-9900,-9900,-9900
1/1/2004,4:21,-8.7,01,-9900,2,-1.1,01,-9900,2,-8.8,01,-9900,2,-9900,-9900,-9900
1/1/2004,4:22,-8.6,01,-9900,2,-1.1,01,-9900,2,-8.8,01,-9900,2,-9900,-9900,-9900
1/1/2004,4:23,-8.6,01,-9900,2,-0.7,01,-9900,2,-8.7,01,-9900,2,-9900,-9900,-9900
1/1/2004,4:24,-8.6,01,-9900,2,-0.7,01,-9900,2,-8.7,01,-9900,2,-9900,-9900,-9900
1/1/2004,4:25,-8.4,01,-9900,2,-0.7,01,-9900,2,-8.5,01,-9900,2,-9900,-9900,-9900
1/1/2004,4:26,-8.3,01,-9900,2,-0.7,01,-9900,2,-8.4,01,-9900,2,-9900,-9900,-9900
1/1/2004,4:27,-8.0,01,-9900,2,-0.7,01,-9900,2,-8.2,01,-9900,2,-9900,-9900,-9900
1/1/2004,4:28,-7.9,01,-9900,2,-0.7,01,-9900,2,-8.1,01,-9900,2,-9900,-9900,-9900
1/1/2004,4:29,-7.9,01,-9900,2,-0.5,01,-9900,2,-8.1,01,-9900,2,-9900,-9900,-9900
1/1/2004,4:30,-7.9,01,-9900,2,-0.1,01,-9900,2,-8.0,01,-9900,2,-9900,-9900,-9900
1/1/2004,4:31,-7.9,01,-9900,2,0.7,01,-9900,2,-8.0,01,-9900,2,-9900,-9900,-9900
1/1/2004,4:32,-7.8,01,-9900,2,1.1,01,-9900,2,-7.8,01,-9900,2,-9900,-9900,-9900
1/1/2004,4:33,-7.7,01,-9900,2,1.1,01,-9900,2,-7.7,01,-9900,2,-9900,-9900,-9900
1/1/2004,4:34,-7.9,01,-9900,2,1.3,01,-9900,2,-7.8,01,-9900,2,-9900,-9900,-9900
1/1/2004,4:35,-8.2,01,-9900,2,1.2,01,-9900,2,-8.0,01,-9900,2,-9900,-9900,-9900
1/1/2004,4:36,-8.4,01,-9900,2,1.2,01,-9900,2,-8.1,01,-9900,2,-9900,-9900,-9900
1/1/2004,4:37,-8.5,01,-9900,2,1.0,01,-9900,2,-8.3,01,-9900,2,-9900,-9900,-9900
1/1/2004,4:38,-8.5,01,-9900,2,1.0,01,-9900,2,-8.3,01,-9900,2,-9900,-9900,-9900
1/1/2004,4:39,-8.4,01,-9900,2,1.2,01,-9900,2,-8.2,01,-9900,2,-9900,-9900,-9900
1/1/2004,4:40,-8.4,01,-9900,2,1.8,01,-9900,2,-8.1,01,-9900,2,-9900,-9900,-9900
1/1/2004,4:41,-8.4,01,-9900,2,2.5,01,-9900,2,-8.2,01,-9900,2,-9900,-9900,-9900
1/1/2004,4:42,-8.4,01,-9900,2,3.1,01,-9900,2,-8.3,01,-9900,2,-9900,-9900,-9900
1/1/2004,4:43,-8.4,01,-9900,2,3.8,01,-9900,2,-8.3,01,-9900,2,-9900,-9900,-9900
1/1/2004,4:44,-8.4,01,-9900,2,4.4,01,-9900,2,-8.2,01,-9900,2,-9900,-9900,-9900
1/1/2004,4:45,-8.4,01,-9900,2,4.1,01,-9900,2,-8.2,01,-9900,2,-9900,-9900,-9900
1/1/2004,4:46,-8.5,01,-9900,2,3.3,01,-9900,2,-8.3,01,-9900,2,-9900,-9900,-9900
1/1/2004,4:47,-8.6,01,-9900,2,3.3,01,-9900,2,-8.3,01,-9900,2,-9900,-9900,-9900
1/1/2004,4:48,-8.5,01,-9900,2,3.2,01,-9900,2,-8.2,01,-9900,2,-9900,-9900,-9900
1/1/2004,4:49,-8.6,01,-9900,2,2.2,01,-9900,2,-8.2,01,-9900,2,-9900,-9900,-9900
1/1/2004,4:50,-8.6,01,-9900,2,1.8,01,-9900,2,-8.2,01,-9900,2,-9900,-9900,-9900
1/1/2004,4:51,-8.6,01,-9900,2,2.4,01,-9900,2,-8.4,01,-9900,2,-9900,-9900,-9900
1/1/2004,4:52,-8.6,01,-9900,2,2.7,01,-9900,2,-8.6,01,-9900,2,-9900,-9900,-9900
1/1/2004,4:53,-8.7,01,-9900,2,3.0,01,-9900,2,-8.6,01,-9900,2,-9900,-9900,-9900
1/1/2004,4:54,-8.6,01,-9900,2,3.5,01,-9900,2,-8.6,01,-9900,2,-9900,-9900,-9900
1/1/2004,4:55,-8.6,01,-9900,2,3.1,01,-9900,2,-8.6,01,-9900,2,-9900,-9900,-9900
1/1/2004,4:56,-8.8,01,-9900,2,2.6,01,-9900,2,-8.6,01,-9900,2,-9900,-9900,-9900
1/1/2004,4:57,-8.8,01,-9900,2,2.0,01,-9900,2,-8.7,01,-9900,2,-9900,-9900,-9900
1/1/2004,4:58,-8.8,01,-9900,2,1.6,01,-9900,2,-8.7,01,-9900,2,-9900,-9900,-9900
1/1/2004,4:59,-8.8,01,-9900,2,1.1,01,-9900,2,-8.7,01,-9900,2,-9900,-9900,-9900
1/1/2004,5:00,-8.8,01,-9900,2,0.8,01,-9900,2,-8.7,01,-9900,2,-9900,-9900,-9900
1/1/2004,5:01,-8.6,01,-9900,2,0.7,01,-9900,2,-8.5,01,-9900,2,-9900,-9900,-9900
1/1/2004,5:02,-8.6,01,-9900,2,0.7,01,-9900,2,-8.5,01,-9900,2,-9900,-9900,-9900
1/1/2004,5:03,-8.6,01,-9900,2,0.7,01,-9900,2,-8.7,01,-9900,2,-9900,-9900,-9900
1/1/2004,5:04,-8.6,01,-9900,2,1.2,01,-9900,2,-8.8,01,-9900,2,-9900,-9900,-9900
1/1/2004,5:05,-8.8,01,-9900,2,1.2,01,-9900,2,-8.6,01,-9900,2,-9900,-9900,-9900
1/1/2004,5:06,-8.7,01,-9900,2,1.7,01,-9900,2,-8.5,01,-9900,2,-9900,-9900,-9900
1/1/2004,5:07,-8.8,01,-9900,2,1.7,01,-9900,2,-8.7,01,-9900,2,-9900,-9900,-9900
1/1/2004,5:08,-8.8,01,-9900,2,1.8,01,-9900,2,-9.0,01,-9900,2,-9900,-9900,-9900
1/1/2004,5:09,-8.8,01,-9900,2,1.8,01,-9900,2,-9.0,01,-9900,2,-9900,-9900,-9900
1/1/2004,5:10,-8.8,01,-9900,2,1.1,01,-9900,2,-8.9,01,-9900,2,-9900,-9900,-9900
1/1/2004,5:11,-8.8,01,-9900,2,0.7,01,-9900,2,-8.9,01,-9900,2,-9900,-9900,-9900
1/1/2004,5:12,-8.8,01,-9900,2,0.3,01,-9900,2,-8.7,01,-9900,2,-9900,-9900,-9900
1/1/2004,5:13,-8.8,01,-9900,2,0.7,01,-9900,2,-8.7,01,-9900,2,-9900,-9900,-9900
1/1/2004,5:14,-8.8,01,-9900,2,0.7,01,-9900,2,-8.8,01,-9900,2,-9900,-9900,-9900
1/1/2004,5:15,-8.8,01,-9900,2,0.6,01,-9900,2,-8.9,01,-9900,2,-9900,-9900,-9900
1/1/2004,5:16,-8.8,01,-9900,2,0.6,01,-9900,2,-9.0,01,-9900,2,-9900,-9900,-9900
1/1/2004,5:17,-8.8,01,-9900,2,0.7,01,-9900,2,-9.2,01,-9900,2,-9900,-9900,-9900
1/1/2004,5:18,-8.9,01,-9900,2,0.7,01,-9900,2,-9.1,01,-9900,2,-9900,-9900,-9900
1/1/2004,5:19,-8.8,01,-9900,2,0.7,01,-9900,2,-9.0,01,-9900,2,-9900,-9900,-9900
1/1/2004,5:20,-8.8,01,-9900,2,0.8,01,-9900,2,-8.8,01,-9900,2,-9900,-9900,-9900
1/1/2004,5:21,-8.8,01,-9900,2,1.0,01,-9900,2,-8.7,01,-9900,2,-9900,-9900,-9900
1/1/2004,5:22,-8.8,01,-9900,2,0.6,01,-9900,2,-8.8,01,-9900,2,-9900,-9900,-9900
1/1/2004,5:23,-8.8,01,-9900,2,0.5,01,-9900,2,-9.0,01,-9900,2,-9900,-9900,-9900
1/1/2004,5:24,-8.8,01,-9900,2,0.4,01,-9900,2,-9.0,01,-9900,2,-9900,-9900,-9900
1/1/2004,5:25,-8.8,01,-9900,2,0.7,01,-9900,2,-8.8,01,-9900,2,-9900,-9900,-9900
1/1/2004,5:26,-8.8,01,-9900,2,0.7,01,-9900,2,-8.6,01,-9900,2,-9900,-9900,-9900
1/1/2004,5:27,-8.8,01,-9900,2,0.9,01,-9900,2,-8.5,01,-9900,2,-9900,-9900,-9900
1/1/2004,5:28,-8.8,01,-9900,2,0.7,01,-9900,2,-8.4,01,-9900,2,-9900,-9900,-9900
1/1/2004,5:29,-8.8,01,-9900,2,0.4,01,-9900,2,-8.3,01,-9900,2,-9900,-9900,-9900
1/1/2004,5:30,-8.6,01,-9900,2,0.1,01,-9900,2,-8.3,01,-9900,2,-9900,-9900,-9900
1/1/2004,5:31,-8.6,01,-9900,2,-0.2,01,-9900,2,-8.3,01,-9900,2,-9900,-9900,-9900
1/1/2004,5:32,-8.4,01,-9900,2,-0.6,01,-9900,2,-8.3,01,-9900,2,-9900,-9900,-9900
1/1/2004,5:33,-8.4,01,-9900,2,-0.9,01,-9900,2,-8.5,01,-9900,2,-9900,-9900,-9900
1/1/2004,5:34,-8.4,01,-9900,2,-1.1,01,-9900,2,-8.5,01,-9900,2,-9900,-9900,-9900
1/1/2004,5:35,-8.4,01,-9900,2,-1.3,01,-9900,2,-8.6,01,-9900,2,-9900,-9900,-9900
1/1/2004,5:36,-8.6,01,-9900,2,-1.4,01,-9900,2,-8.8,01,-9900,2,-9900,-9900,-9900
1/1/2004,5:37,-8.6,01,-9900,2,-1.1,01,-9900,2,-8.8,01,-9900,2,-9900,-9900,-9900
1/1/2004,5:38,-8.6,01,-9900,2,-0.6,01,-9900,2,-8.8,01,-9900,2,-9900,-9900,-9900
1/1/2004,5:39,-8.6,01,-9900,2,0.1,01,-9900,2,-8.6,01,-9900,2,-9900,-9900,-9900
1/1/2004,5:40,-8.8,01,-9900,2,0.6,01,-9900,2,-8.7,01,-9900,2,-9900,-9900,-9900
1/1/2004,5:41,-8.8,01,-9900,2,0.4,01,-9900,2,-8.8,01,-9900,2,-9900,-9900,-9900
1/1/2004,5:42,-8.8,01,-9900,2,0.5,01,-9900,2,-8.7,01,-9900,2,-9900,-9900,-9900
1/1/2004,5:43,-8.8,01,-9900,2,0.9,01,-9900,2,-8.6,01,-9900,2,-9900,-9900,-9900
1/1/2004,5:44,-8.8,01,-9900,2,1.3,01,-9900,2,-8.5,01,-9900,2,-9900,-9900,-9900
1/1/2004,5:45,-8.7,01,-9900,2,1.2,01,-9900,2,-8.3,01,-9900,2,-9900,-9900,-9900
1/1/2004,5:46,-8.6,01,-9900,2,0.7,01,-9900,2,-8.3,01,-9900,2,-9900,-9900,-9900
1/1/2004,5:47,-8.6,01,-9900,2,1.0,01,-9900,2,-8.3,01,-9900,2,-9900,-9900,-9900
1/1/2004,5:48,-8.7,01,-9900,2,1.7,01,-9900,2,-8.5,01,-9900,2,-9900,-9900,-9900
1/1/2004,5:49,-8.9,01,-9900,2,1.7,01,-9900,2,-8.7,01,-9900,2,-9900,-9900,-9900
1/1/2004,5:50,-8.9,01,-9900,2,1.5,01,-9900,2,-8.8,01,-9900,2,-9900,-9900,-9900
1/1/2004,5:51,-8.8,01,-9900,2,1.1,01,-9900,2,-8.6,01,-9900,2,-9900,-9900,-9900
1/1/2004,5:52,-8.7,01,-9900,2,0.7,01,-9900,2,-8.3,01,-9900,2,-9900,-9900,-9900
1/1/2004,5:53,-8.5,01,-9900,2,0.8,01,-9900,2,-8.3,01,-9900,2,-9900,-9900,-9900
1/1/2004,5:54,-8.6,01,-9900,2,1.3,01,-9900,2,-8.4,01,-9900,2,-9900,-9900,-9900
1/1/2004,5:55,-8.6,01,-9900,2,1.1,01,-9900,2,-8.4,01,-9900,2,-9900,-9900,-9900
1/1/2004,5:56,-8.5,01,-9900,2,1.3,01,-9900,2,-8.4,01,-9900,2,-9900,-9900,-9900
1/1/2004,5:57,-8.4,01,-9900,2,1.2,01,-9900,2,-8.2,01,-9900,2,-9900,-9900,-9900
1/1/2004,5:58,-8.4,01,-9900,2,1.3,01,-9900,2,-8.1,01,-9900,2,-9900,-9900,-9900
1/1/2004,5:59,-8.4,01,-9900,2,1.1,01,-9900,2,-8.1,01,-9900,2,-9900,-9900,-9900
1/1/2004,6:00,-8.5,01,-9900,2,1.1,01,-9900,2,-8.2,01,-9900,2,-9900,-9900,-9900
1/1/2004,6:01,-8.6,01,-9900,2,1.3,01,-9900,2,-8.4,01,-9900,2,-9900,-9900,-9900
1/1/2004,6:02,-8.6,01,-9900,2,1.5,01,-9900,2,-8.3,01,-9900,2,-9900,-9900,-9900
1/1/2004,6:03,-8.6,01,-9900,2,1.5,01,-9900,2,-8.3,01,-9900,2,-9900,-9900,-9900
1/1/2004,6:04,-8.4,01,-9900,2,1.5,01,-9900,2,-8.2,01,-9900,2,-9900,-9900,-9900
1/1/2004,6:05,-8.4,01,-9900,2,1.3,01,-9900,2,-8.2,01,-9900,2,-9900,-9900,-9900
1/1/2004,6:06,-8.4,01,-9900,2,1.1,01,-9900,2,-8.1,01,-9900,2,-9900,-9900,-9900
1/1/2004,6:07,-8.1,01,-9900,2,1.1,01,-9900,2,-8.1,01,-9900,2,-9900,-9900,-9900
1/1/2004,6:08,-7.9,01,-9900,2,1.3,01,-9900,2,-8.1,01,-9900,2,-9900,-9900,-9900
1/1/2004,6:09,-7.9,01,-9900,2,1.1,01,-9900,2,-8.0,01,-9900,2,-9900,-9900,-9900
1/1/2004,6:10,-8.0,01,-9900,2,1.5,01,-9900,2,-8.0,01,-9900,2,-9900,-9900,-9900
1/1/2004,6:11,-8.4,01,-9900,2,1.3,01,-9900,2,-8.3,01,-9900,2,-9900,-9900,-9900
1/1/2004,6:12,-8.4,01,-9900,2,1.1,01,-9900,2,-8.3,01,-9900,2,-9900,-9900,-9900
1/1/2004,6:13,-8.3,01,-9900,2,0.7,01,-9900,2,-8.4,01,-9900,2,-9900,-9900,-9900
1/1/2004,6:14,-8.4,01,-9900,2,0.7,01,-9900,2,-8.6,01,-9900,2,-9900,-9900,-9900
1/1/2004,6:15,-8.4,01,-9900,2,0.7,01,-9900,2,-8.5,01,-9900,2,-9900,-9900,-9900
1/1/2004,6:16,-8.0,01,-9900,2,1.0,01,-9900,2,-8.5,01,-9900,2,-9900,-9900,-9900
1/1/2004,6:17,-7.9,01,-9900,2,0.8,01,-9900,2,-8.6,01,-9900,2,-9900,-9900,-9900
1/1/2004,6:18,-7.9,01,-9900,2,0.8,01,-9900,2,-8.6,01,-9900,2,-9900,-9900,-9900
1/1/2004,6:19,-7.9,01,-9900,2,1.1,01,-9900,2,-8.6,01,-9900,2,-9900,-9900,-9900
1/1/2004,6:20,-7.9,01,-9900,2,1.1,01,-9900,2,-8.5,01,-9900,2,-9900,-9900,-9900
1/1/2004,6:21,-7.6,01,-9900,2,0.9,01,-9900,2,-8.4,01,-9900,2,-9900,-9900,-9900
1/1/2004,6:22,-7.6,01,-9900,2,0.7,01,-9900,2,-8.2,01,-9900,2,-9900,-9900,-9900
1/1/2004,6:23,-7.4,01,-9900,2,0.6,01,-9900,2,-8.0,01,-9900,2,-9900,-9900,-9900
1/1/2004,6:24,-7.3,01,-9900,2,0.3,01,-9900,2,-7.8,01,-9900,2,-9900,-9900,-9900
1/1/2004,6:25,-7.2,01,-9900,2,0.3,01,-9900,2,-7.7,01,-9900,2,-9900,-9900,-9900
1/1/2004,6:26,-7.2,01,-9900,2,0.5,01,-9900,2,-7.6,01,-9900,2,-9900,-9900,-9900
1/1/2004,6:27,-7.2,01,-9900,2,0.5,01,-9900,2,-7.6,01,-9900,2,-9900,-9900,-9900
1/1/2004,6:28,-7.2,01,-9900,2,0.6,01,-9900,2,-7.6,01,-9900,2,-9900,-9900,-9900
1/1/2004,6:29,-7.2,01,-9900,2,1.0,01,-9900,2,-7.6,01,-9900,2,-9900,-9900,-9900
1/1/2004,6:30,-7.2,01,-9900,2,1.4,01,-9900,2,-7.5,01,-9900,2,-9900,-9900,-9900
1/1/2004,6:31,-7.2,01,-9900,2,1.3,01,-9900,2,-7.4,01,-9900,2,-9900,-9900,-9900
1/1/2004,6:32,-7.2,01,-9900,2,1.3,01,-9900,2,-7.4,01,-9900,2,-9900,-9900,-9900
1/1/2004,6:33,-7.4,01,-9900,2,1.5,01,-9900,2,-7.5,01,-9900,2,-9900,-9900,-9900
1/1/2004,6:34,-7.4,01,-9900,2,1.7,01,-9900,2,-7.5,01,-9900,2,-9900,-9900,-9900
1/1/2004,6:35,-7.4,01,-9900,2,1.7,01,-9900,2,-7.4,01,-9900,2,-9900,-9900,-9900
1/1/2004,6:36,-7.4,01,-9900,2,1.5,01,-9900,2,-7.4,01,-9900,2,-9900,-9900,-9900
1/1/2004,6:37,-7.4,01,-9900,2,1.3,01,-9900,2,-7.5,01,-9900,2,-9900,-9900,-9900
1/1/2004,6:38,-7.7,01,-9900,2,1.3,01,-9900,2,-7.6,01,-9900,2,-9900,-9900,-9900
1/1/2004,6:39,-7.5,01,-9900,2,1.3,01,-9900,2,-7.5,01,-9900,2,-9900,-9900,-9900
1/1/2004,6:40,-7.4,01,-9900,2,1.0,01,-9900,2,-7.4,01,-9900,2,-9900,-9900,-9900
1/1/2004,6:41,-7.5,01,-9900,2,0.7,01,-9900,2,-7.5,01,-9900,2,-9900,-9900,-9900
1/1/2004,6:42,-7.8,01,-9900,2,0.7,01,-9900,2,-7.7,01,-9900,2,-9900,-9900,-9900
1/1/2004,6:43,-8.0,01,-9900,2,0.3,01,-9900,2,-7.9,01,-9900,2,-9900,-9900,-9900
1/1/2004,6:44,-8.4,01,-9900,2,-0.4,01,-9900,2,-8.3,01,-9900,2,-9900,-9900,-9900
1/1/2004,6:45,-8.4,01,-9900,2,-0.5,01,-9900,2,-8.4,01,-9900,2,-9900,-9900,-9900
1/1/2004,6:46,-8.4,01,-9900,2,-0.4,01,-9900,2,-8.5,01,-9900,2,-9900,-9900,-9900
1/1/2004,6:47,-8.6,01,-9900,2,-0.4,01,-9900,2,-8.5,01,-9900,2,-9900,-9900,-9900
1/1/2004,6:48,-8.6,01,-9900,2,-0.4,01,-9900,2,-8.5,01,-9900,2,-9900,-9900,-9900
1/1/2004,6:49,-8.6,01,-9900,2,-0.0,01,-9900,2,-8.6,01,-9900,2,-9900,-9900,-9900
1/1/2004,6:50,-8.6,01,-9900,2,-0.1,01,-9900,2,-8.8,01,-9900,2,-9900,-9900,-9900
1/1/2004,6:51,-8.8,01,-9900,2,-0.3,01,-9900,2,-9.0,01,-9900,2,-9900,-9900,-9900
1/1/2004,6:52,-8.5,01,-9900,2,1.0,01,-9900,2,-8.7,01,-9900,2,-9900,-9900,-9900
1/1/2004,6:53,-8.4,01,-9900,2,1.0,01,-9900,2,-8.4,01,-9900,2,-9900,-9900,-9900
1/1/2004,6:54,-8.4,01,-9900,2,0.3,01,-9900,2,-8.4,01,-9900,2,-9900,-9900,-9900
1/1/2004,6:55,-8.4,01,-9900,2,-0.0,01,-9900,2,-8.4,01,-9900,2,-9900,-9900,-9900
1/1/2004,6:56,-8.4,01,-9900,2,0.0,01,-9900,2,-8.2,01,-9900,2,-9900,-9900,-9900
1/1/2004,6:57,-7.9,01,-9900,2,0.0,01,-9900,2,-8.0,01,-9900,2,-9900,-9900,-9900
1/1/2004,6:58,-7.8,01,-9900,2,0.0,01,-9900,2,-7.8,01,-9900,2,-9900,-9900,-9900
1/1/2004,6:59,-7.7,01,-9900,2,0.0,01,-9900,2,-7.7,01,-9900,2,-9900,-9900,-9900
1/1/2004,7:00,-7.5,01,-9900,2,0.1,01,-9900,2,-7.7,01,-9900,2,-9900,-9900,-9900
1/1/2004,7:01,-7.3,01,-9900,2,0.4,01,-9900,2,-7.7,01,-9900,2,-9900,-9900,-9900
1/1/2004,7:02,-7.2,01,-9900,2,0.7,01,-9900,2,-7.7,01,-9900,2,-9900,-9900,-9900
1/1/2004,7:03,-7.2,01,-9900,2,0.9,01,-9900,2,-7.7,01,-9900,2,-9900,-9900,-9900
1/1/2004,7:04,-7.2,01,-9900,2,1.4,01,-9900,2,-7.5,01,-9900,2,-9900,-9900,-9900
1/1/2004,7:05,-7.2,01,-9900,2,1.7,01,-9900,2,-7.4,01,-9900,2,-9900,-9900,-9900
1/1/2004,7:06,-7.2,01,-9900,2,1.7,01,-9900,2,-7.3,01,-9900,2,-9900,-9900,-9900
1/1/2004,7:07,-7.0,01,-9900,2,1.7,01,-9900,2,-7.2,01,-9900,2,-9900,-9900,-9900
1/1/2004,7:08,-7.0,01,-9900,2,1.8,01,-9900,2,-7.0,01,-9900,2,-9900,-9900,-9900
1/1/2004,7:09,-6.8,01,-9900,2,2.0,01,-9900,2,-6.9,01,-9900,2,-9900,-9900,-9900
1/1/2004,7:10,-6.6,01,-9900,2,2.1,01,-9900,2,-6.8,01,-9900,2,-9900,-9900,-9900
1/1/2004,7:11,-6.5,01,-9900,2,2.5,01,-9900,2,-6.5,01,-9900,2,-9900,-9900,-9900
1/1/2004,7:12,-6.5,01,-9900,2,2.7,01,-9900,2,-6.3,01,-9900,2,-9900,-9900,-9900
1/1/2004,7:13,-6.4,01,-9900,2,2.6,01,-9900,2,-6.2,01,-9900,2,-9900,-9900,-9900
1/1/2004,7:14,-6.3,01,-9900,2,2.3,01,-9900,2,-6.2,01,-9900,2,-9900,-9900,-9900
1/1/2004,7:15,-6.0,01,-9900,2,2.2,01,-9900,2,-6.1,01,-9900,2,-9900,-9900,-9900
1/1/2004,7:16,-5.6,01,-9900,2,2.2,01,-9900,2,-5.8,01,-9900,2,-9900,-9900,-9900
1/1/2004,7:17,-5.6,01,-9900,2,2.4,01,-9900,2,-5.6,01,-9900,2,-9900,-9900,-9900
1/1/2004,7:18,-5.4,01,-9900,2,2.7,01,-9900,2,-5.3,01,-9900,2,-9900,-9900,-9900
1/1/2004,7:19,-5.1,01,-9900,2,2.7,01,-9900,2,-5.0,01,-9900,2,-9900,-9900,-9900
1/1/2004,7:20,-4.7,01,-9900,2,3.1,01,-9900,2,-4.7,01,-9900,2,-9900,-9900,-9900
1/1/2004,7:21,-4.6,01,-9900,2,2.9,01,-9900,2,-4.4,01,-9900,2,-9900,-9900,-9900
1/1/2004,7:22,-4.1,01,-9900,2,3.6,01,-9900,2,-4.0,01,-9900,2,-9900,-9900,-9900
1/1/2004,7:23,-3.5,01,-9900,2,3.7,01,-9900,2,-3.6,01,-9900,2,-9900,-9900,-9900
1/1/2004,7:24,-3.2,01,-9900,2,2.9,01,-9900,2,-3.3,01,-9900,2,-9900,-9900,-9900
1/1/2004,7:25,-2.9,01,-9900,2,0.9,01,-9900,2,-3.2,01,-9900,2,-9900,-9900,-9900
1/1/2004,7:26,-2.8,01,-9900,2,-1.4,01,-9900,2,-3.4,01,-9900,2,-9900,-9900,-9900
1/1/2004,7:27,-2.4,01,-9900,2,-1.8,01,-9900,2,-3.4,01,-9900,2,-9900,-9900,-9900
1/1/2004,7:28,-2.1,01,-9900,2,-0.4,01,-9900,2,-3.0,01,-9900,2,-9900,-9900,-9900
1/1/2004,7:29,-1.7,01,-9900,2,1.0,01,-9900,2,-2.5,01,-9900,2,-9900,-9900,-9900
1/1/2004,7:30,-0.7,01,-9900,2,22.8,08,-9900,2,-1.8,01,-9900,2,-9900,-9900,-9900
1/1/2004,7:31,1.4,01,-9900,2,115.5,08,-9900,2,-0.9,01,-9900,2,-9900,-9900,-9900
1/1/2004,7:32,3.9,01,-9900,2,229.8,08,-9900,2,-0.1,01,-9900,2,-9900,-9900,-9900
1/1/2004,7:33,5.7,01,-9900,2,280.3,08,-9900,2,0.7,01,-9900,2,-9900,-9900,-9900
1/1/2004,7:34,7.4,01,-9900,2,307.0,08,-9900,2,1.4,01,-9900,2,-9900,-9900,-9900
1/1/2004,7:35,8.7,01,-9900,2,311.4,08,-9900,2,1.9,01,-9900,2,-9900,-9900,-9900
1/1/2004,7:36,9.5,01,-9900,2,299.5,08,-9900,2,2.3,01,-9900,2,-9900,-9900,-9900
1/1/2004,7:37,11.1,08,-9900,2,322.6,08,-9900,2,2.7,01,-9900,2,-9900,-9900,-9900
1/1/2004,7:38,12.4,08,-9900,2,330.8,08,-9900,2,3.1,01,-9900,2,-9900,-9900,-9900
1/1/2004,7:39,14.8,08,-9900,2,372.1,08,-9900,2,3.7,01,-9900,2,-9900,-9900,-9900
1/1/2004,7:40,16.5,08,-9900,2,381.0,08,-9900,2,4.3,01,-9900,2,-9900,-9900,-9900
1/1/2004,7:41,18.6,08,-9900,2,391.2,08,-9900,2,5.0,01,-9900,2,-9900,-9900,-9900
1/1/2004,7:42,20.7,08,-9900,2,404.3,08,-9900,2,6.0,01,-9900,2,-9900,-9900,-9900
1/1/2004,7:43,23.1,08,-9900,2,418.1,08,-9900,2,7.0,01,-9900,2,-9900,-9900,-9900
1/1/2004,7:44,25.6,08,-9900,2,430.6,08,-9900,2,8.1,01,-9900,2,-9900,-9900,-9900
1/1/2004,7:45,27.9,08,-9900,2,441.6,08,-9900,2,9.1,01,-9900,2,-9900,-9900,-9900
1/1/2004,7:46,30.6,08,-9900,2,452.8,08,-9900,2,10.2,08,-9900,2,-9900,-9900,-9900
1/1/2004,7:47,33.5,08,-9900,2,461.6,08,-9900,2,11.5,08,-9900,2,-9900,-9900,-9900
1/1/2004,7:48,36.7,08,-9900,2,471.9,08,-9900,2,13.1,08,-9900,2,-9900,-9900,-9900
1/1/2004,7:49,40.1,08,-9900,2,483.7,08,-9900,2,14.9,08,-9900,2,-9900,-9900,-9900
1/1/2004,7:50,43.7,08,-9900,2,496.5,08,-9900,2,16.8,08,-9900,2,-9900,-9900,-9900
1/1/2004,7:51,47.4,08,-9900,2,509.7,08,-9900,2,18.6,08,-9900,2,-9900,-9900,-9900
1/1/2004,7:52,51.0,08,-9900,2,521.2,08,-9900,2,20.3,08,-9900,2,-9900,-9900,-9900
1/1/2004,7:53,54.5,08,-9900,2,528.4,08,-9900,2,22.0,08,-9900,2,-9900,-9900,-9900
1/1/2004,7:54,58.1,08,-9900,2,536.4,08,-9900,2,23.8,08,-9900,2,-9900,-9900,-9900
1/1/2004,7:55,61.9,08,-9900,2,546.9,08,-9900,2,25.6,08,-9900,2,-9900,-9900,-9900
1/1/2004,7:56,65.4,08,-9900,2,555.2,08,-9900,2,27.3,08,-9900,2,-9900,-9900,-9900
1/1/2004,7:57,68.8,08,-9900,2,564.0,08,-9900,2,28.7,08,-9900,2,-9900,-9900,-9900
1/1/2004,7:58,72.1,08,-9900,2,572.4,08,-9900,2,30.2,08,-9900,2,-9900,-9900,-9900
1/1/2004,7:59,75.9,08,-9900,2,577.9,08,-9900,2,32.1,08,-9900,2,-9900,-9900,-9900
1/1/2004,8:00,80.2,08,-9900,2,587.7,08,-9900,2,33.8,08,-9900,2,-9900,-9900,-9900
1/1/2004,8:01,84.2,08,-9900,2,595.2,08,-9900,2,35.5,08,-9900,2,-9900,-9900,-9900
1/1/2004,8:02,88.2,08,-9900,2,606.2,08,-9900,2,37.1,08,-9900,2,-9900,-9900,-9900
1/1/2004,8:03,92.2,08,-9900,2,615.2,08,-9900,2,39.0,08,-9900,2,-9900,-9900,-9900
1/1/2004,8:04,96.0,08,-9900,2,622.5,08,-9900,2,40.6,08,-9900,2,-9900,-9900,-9900
1/1/2004,8:05,99.4,08,-9900,2,626.0,08,-9900,2,42.4,08,-9900,2,-9900,-9900,-9900
1/1/2004,8:06,103.1,08,-9900,2,635.9,08,-9900,2,43.9,08,-9900,2,-9900,-9900,-9900
1/1/2004,8:07,106.6,08,-9900,2,642.2,08,-9900,2,45.7,08,-9900,2,-9900,-9900,-9900
1/1/2004,8:08,110.2,08,-9900,2,651.2,08,-9900,2,47.5,08,-9900,2,-9900,-9900,-9900
1/1/2004,8:09,114.3,08,-9900,2,659.5,08,-9900,2,49.3,08,-9900,2,-9900,-9900,-9900
1/1/2004,8:10,118.8,08,-9900,2,663.8,08,-9900,2,51.5,08,-9900,2,-9900,-9900,-9900
1/1/2004,8:11,124.1,08,-9900,2,670.0,08,-9900,2,53.9,08,-9900,2,-9900,-9900,-9900
1/1/2004,8:12,129.6,08,-9900,2,676.0,08,-9900,2,56.9,08,-9900,2,-9900,-9900,-9900
1/1/2004,8:13,135.6,08,-9900,2,682.1,08,-9900,2,60.3,08,-9900,2,-9900,-9900,-9900
1/1/2004,8:14,142.1,08,-9900,2,686.8,08,-9900,2,64.4,08,-9900,2,-9900,-9900,-9900
1/1/2004,8:15,148.5,08,-9900,2,692.4,08,-9900,2,68.5,08,-9900,2,-9900,-9900,-9900
1/1/2004,8:16,154.9,08,-9900,2,698.9,08,-9900,2,72.5,08,-9900,2,-9900,-9900,-9900
1/1/2004,8:17,161.1,08,-9900,2,704.0,08,-9900,2,76.4,08,-9900,2,-9900,-9900,-9900
1/1/2004,8:18,167.3,08,-9900,2,710.1,08,-9900,2,80.1,08,-9900,2,-9900,-9900,-9900
1/1/2004,8:19,173.6,08,-9900,2,715.8,08,-9900,2,83.6,08,-9900,2,-9900,-9900,-9900
1/1/2004,8:20,179.5,08,-9900,2,719.8,08,-9900,2,87.0,08,-9900,2,-9900,-9900,-9900
1/1/2004,8:21,185.0,08,-9900,2,724.9,08,-9900,2,89.9,08,-9900,2,-9900,-9900,-9900
1/1/2004,8:22,189.4,08,-9900,2,730.0,08,-9900,2,92.2,08,-9900,2,-9900,-9900,-9900
1/1/2004,8:23,193.7,08,-9900,2,734.0,08,-9900,2,94.3,08,-9900,2,-9900,-9900,-9900
1/1/2004,8:24,198.3,08,-9900,2,737.4,08,-9900,2,96.5,08,-9900,2,-9900,-9900,-9900
1/1/2004,8:25,203.0,08,-9900,2,741.6,08,-9900,2,98.7,08,-9900,2,-9900,-9900,-9900
1/1/2004,8:26,207.3,08,-9900,2,745.8,08,-9900,2,100.2,08,-9900,2,-9900,-9900,-9900
1/1/2004,8:27,211.6,08,-9900,2,752.3,08,-9900,2,101.2,08,-9900,2,-9900,-9900,-9900
1/1/2004,8:28,215.0,08,-9900,2,755.3,08,-9900,2,102.7,08,-9900,2,-9900,-9900,-9900
1/1/2004,8:29,218.9,08,-9900,2,758.6,08,-9900,2,104.8,08,-9900,2,-9900,-9900,-9900
1/1/2004,8:30,223.0,08,-9900,2,762.3,08,-9900,2,107.0,08,-9900,2,-9900,-9900,-9900
1/1/2004,8:31,227.6,08,-9900,2,767.5,08,-9900,2,109.0,08,-9900,2,-9900,-9900,-9900
1/1/2004,8:32,233.0,08,-9900,2,773.6,08,-9900,2,111.5,08,-9900,2,-9900,-9900,-9900
1/1/2004,8:33,237.3,08,-9900,2,773.9,08,-9900,2,114.2,08,-9900,2,-9900,-9900,-9900
1/1/2004,8:34,242.2,08,-9900,2,777.2,08,-9900,2,116.6,08,-9900,2,-9900,-9900,-9900
1/1/2004,8:35,247.3,08,-9900,2,785.5,08,-9900,2,118.6,08,-9900,2,-9900,-9900,-9900
1/1/2004,8:36,251.7,08,-9900,2,789.5,08,-9900,2,120.8,08,-9900,2,-9900,-9900,-9900
1/1/2004,8:37,256.5,08,-9900,2,795.4,08,-9900,2,123.1,08,-9900,2,-9900,-9900,-9900
1/1/2004,8:38,257.6,08,-9900,2,778.8,08,-9900,2,125.4,08,-9900,2,-9900,-9900,-9900
1/1/2004,8:39,260.2,08,-9900,2,772.8,08,-9900,2,127.3,08,-9900,2,-9900,-9900,-9900
1/1/2004,8:40,266.8,08,-9900,2,794.1,08,-9900,2,128.4,08,-9900,2,-9900,-9900,-9900
1/1/2004,8:41,272.0,08,-9900,2,806.1,08,-9900,2,129.1,08,-9900,2,-9900,-9900,-9900
1/1/2004,8:42,258.3,08,-9900,2,716.0,08,-9900,2,129.8,08,-9900,2,-9900,-9900,-9900
1/1/2004,8:43,252.3,08,-9900,2,670.9,08,-9900,2,130.5,08,-9900,2,-9900,-9900,-9900
1/1/2004,8:44,247.6,08,-9900,2,628.2,08,-9900,2,131.0,08,-9900,2,-9900,-9900,-9900
1/1/2004,8:45,250.6,08,-9900,2,633.2,08,-9900,2,131.8,08,-9900,2,-9900,-9900,-9900
1/1/2004,8:46,271.1,08,-9900,2,732.5,08,-9900,2,132.2,08,-9900,2,-9900,-9900,-9900
1/1/2004,8:47,270.8,08,-9900,2,715.0,08,-9900,2,132.8,08,-9900,2,-9900,-9900,-9900
1/1/2004,8:48,231.5,08,-9900,2,492.8,08,-9900,2,134.4,08,-9900,2,-9900,-9900,-9900
1/1/2004,8:49,260.3,08,-9900,2,622.3,08,-9900,2,137.0,08,-9900,2,-9900,-9900,-9900
1/1/2004,8:50,245.6,08,-9900,2,532.1,08,-9900,2,138.6,08,-9900,2,-9900,-9900,-9900
1/1/2004,8:51,208.8,08,-9900,2,338.2,08,-9900,2,139.2,08,-9900,2,-9900,-9900,-9900
1/1/2004,8:52,226.1,08,-9900,2,412.5,08,-9900,2,140.8,08,-9900,2,-9900,-9900,-9900
1/1/2004,8:53,211.2,08,-9900,2,331.3,08,-9900,2,142.4,08,-9900,2,-9900,-9900,-9900
1/1/2004,8:54,187.3,08,-9900,2,207.6,08,-9900,2,144.0,08,-9900,2,-9900,-9900,-9900
1/1/2004,8:55,185.2,08,-9900,2,188.6,08,-9900,2,145.9,08,-9900,2,-9900,-9900,-9900
1/1/2004,8:56,180.0,08,-9900,2,152.3,08,-9900,2,148.1,08,-9900,2,-9900,-9900,-9900
1/1/2004,8:57,176.8,08,-9900,2,125.5,08,-9900,2,150.2,08,-9900,2,-9900,-9900,-9900
1/1/2004,8:58,168.1,08,-9900,2,73.9,08,-9900,2,152.0,08,-9900,2,-9900,-9900,-9900
1/1/2004,8:59,166.2,08,-9900,2,56.0,08,-9900,2,153.6,08,-9900,2,-9900,-9900,-9900
1/1/2004,9:00,169.1,08,-9900,2,59.7,08,-9900,2,155.3,08,-9900,2,-9900,-9900,-9900
1/1/2004,9:01,177.1,08,-9900,2,84.4,08,-9900,2,157.3,08,-9900,2,-9900,-9900,-9900
1/1/2004,9:02,188.1,08,-9900,2,121.5,08,-9900,2,159.2,08,-9900,2,-9900,-9900,-9900
1/1/2004,9:03,217.6,08,-9900,2,237.1,08,-9900,2,161.7,08,-9900,2,-9900,-9900,-9900
1/1/2004,9:04,232.0,08,-9900,2,286.2,08,-9900,2,164.0,08,-9900,2,-9900,-9900,-9900
1/1/2004,9:05,212.9,08,-9900,2,192.2,08,-9900,2,166.2,08,-9900,2,-9900,-9900,-9900
1/1/2004,9:06,209.9,08,-9900,2,166.4,08,-9900,2,168.8,08,-9900,2,-9900,-9900,-9900
1/1/2004,9:07,219.6,08,-9900,2,196.1,08,-9900,2,171.2,08,-9900,2,-9900,-9900,-9900
1/1/2004,9:08,216.7,08,-9900,2,172.9,08,-9900,2,173.4,08,-9900,2,-9900,-9900,-9900
1/1/2004,9:09,242.6,08,-9900,2,270.4,08,-9900,2,175.5,08,-9900,2,-9900,-9900,-9900
1/1/2004,9:10,254.7,08,-9900,2,311.8,08,-9900,2,177.4,08,-9900,2,-9900,-9900,-9900
1/1/2004,9:11,249.1,08,-9900,2,279.3,08,-9900,2,179.0,08,-9900,2,-9900,-9900,-9900
1/1/2004,9:12,238.3,08,-9900,2,226.7,08,-9900,2,180.5,08,-9900,2,-9900,-9900,-9900
1/1/2004,9:13,238.2,08,-9900,2,217.8,08,-9900,2,182.3,08,-9900,2,-9900,-9900,-9900
1/1/2004,9:14,240.0,08,-9900,2,216.1,08,-9900,2,184.3,08,-9900,2,-9900,-9900,-9900
1/1/2004,9:15,253.6,08,-9900,2,260.3,08,-9900,2,186.4,08,-9900,2,-9900,-9900,-9900
1/1/2004,9:16,272.7,08,-9900,2,325.2,08,-9900,2,188.0,08,-9900,2,-9900,-9900,-9900
1/1/2004,9:17,284.2,08,-9900,2,361.1,08,-9900,2,189.5,08,-9900,2,-9900,-9900,-9900
1/1/2004,9:18,275.8,08,-9900,2,318.0,08,-9900,2,191.0,08,-9900,2,-9900,-9900,-9900
1/1/2004,9:19,285.2,08,-9900,2,345.4,08,-9900,2,192.3,08,-9900,2,-9900,-9900,-9900
1/1/2004,9:20,298.1,08,-9900,2,382.4,08,-9900,2,193.5,08,-9900,2,-9900,-9900,-9900
1/1/2004,9:21,318.8,08,-9900,2,448.9,08,-9900,2,194.8,08,-9900,2,-9900,-9900,-9900
1/1/2004,9:22,330.3,08,-9900,2,482.0,08,-9900,2,196.6,08,-9900,2,-9900,-9900,-9900
1/1/2004,9:23,335.8,08,-9900,2,496.1,08,-9900,2,197.5,08,-9900,2,-9900,-9900,-9900
1/1/2004,9:24,331.3,08,-9900,2,477.0,08,-9900,2,198.0,08,-9900,2,-9900,-9900,-9900
1/1/2004,9:25,324.2,08,-9900,2,449.0,08,-9900,2,198.4,08,-9900,2,-9900,-9900,-9900
1/1/2004,9:26,337.0,08,-9900,2,490.2,08,-9900,2,199.2,08,-9900,2,-9900,-9900,-9900
1/1/2004,9:27,381.3,08,-9900,2,642.8,08,-9900,2,199.6,08,-9900,2,-9900,-9900,-9900
1/1/2004,9:28,411.7,08,-9900,2,742.5,08,-9900,2,199.9,08,-9900,2,-9900,-9900,-9900
1/1/2004,9:29,408.3,08,-9900,2,723.8,08,-9900,2,200.5,08,-9900,2,-9900,-9900,-9900
1/1/2004,9:30,433.0,08,-9900,2,802.7,08,-9900,2,201.1,08,-9900,2,-9900,-9900,-9900
1/1/2004,9:31,424.5,08,-9900,2,764.4,08,-9900,2,201.8,08,-9900,2,-9900,-9900,-9900
1/1/2004,9:32,420.5,08,-9900,2,742.4,08,-9900,2,202.9,08,-9900,2,-9900,-9900,-9900
1/1/2004,9:33,423.0,08,-9900,2,742.5,08,-9900,2,203.7,08,-9900,2,-9900,-9900,-9900
1/1/2004,9:34,430.7,08,-9900,2,763.8,08,-9900,2,204.0,08,-9900,2,-9900,-9900,-9900
1/1/2004,9:35,409.2,08,-9900,2,685.5,08,-9900,2,203.6,08,-9900,2,-9900,-9900,-9900
1/1/2004,9:36,422.1,08,-9900,2,725.8,08,-9900,2,204.0,08,-9900,2,-9900,-9900,-9900
1/1/2004,9:37,413.3,08,-9900,2,688.9,08,-9900,2,205.4,08,-9900,2,-9900,-9900,-9900
1/1/2004,9:38,402.6,08,-9900,2,646.1,08,-9900,2,207.0,08,-9900,2,-9900,-9900,-9900
1/1/2004,9:39,396.4,08,-9900,2,621.0,08,-9900,2,207.4,08,-9900,2,-9900,-9900,-9900
1/1/2004,9:40,366.1,08,-9900,2,517.6,08,-9900,2,206.5,08,-9900,2,-9900,-9900,-9900
1/1/2004,9:41,342.2,08,-9900,2,437.9,08,-9900,2,205.4,08,-9900,2,-9900,-9900,-9900
1/1/2004,9:42,337.2,08,-9900,2,422.5,08,-9900,2,203.8,08,-9900,2,-9900,-9900,-9900
1/1/2004,9:43,320.9,08,-9900,2,371.4,08,-9900,2,201.7,08,-9900,2,-9900,-9900,-9900
1/1/2004,9:44,303.6,08,-9900,2,318.5,08,-9900,2,200.0,08,-9900,2,-9900,-9900,-9900
1/1/2004,9:45,315.2,08,-9900,2,356.3,08,-9900,2,198.7,08,-9900,2,-9900,-9900,-9900
1/1/2004,9:46,293.0,08,-9900,2,289.4,08,-9900,2,196.7,08,-9900,2,-9900,-9900,-9900
1/1/2004,9:47,267.4,08,-9900,2,215.1,08,-9900,2,195.9,08,-9900,2,-9900,-9900,-9900
1/1/2004,9:48,238.3,08,-9900,2,116.4,08,-9900,2,198.9,08,-9900,2,-9900,-9900,-9900
1/1/2004,9:49,266.8,08,-9900,2,191.5,08,-9900,2,202.2,08,-9900,2,-9900,-9900,-9900
1/1/2004,9:50,269.4,08,-9900,2,187.0,08,-9900,2,203.9,08,-9900,2,-9900,-9900,-9900
1/1/2004,9:51,258.0,08,-9900,2,156.0,08,-9900,2,202.9,08,-9900,2,-9900,-9900,-9900
1/1/2004,9:52,248.0,08,-9900,2,129.9,08,-9900,2,201.5,08,-9900,2,-9900,-9900,-9900
1/1/2004,9:53,265.2,08,-9900,2,186.7,08,-9900,2,200.3,08,-9900,2,-9900,-9900,-9900
1/1/2004,9:54,260.8,08,-9900,2,177.6,08,-9900,2,199.0,08,-9900,2,-9900,-9900,-9900
1/1/2004,9:55,258.8,08,-9900,2,173.2,08,-9900,2,198.5,08,-9900,2,-9900,-9900,-9900
1/1/2004,9:56,271.7,08,-9900,2,208.8,08,-9900,2,200.0,08,-9900,2,-9900,-9900,-9900
1/1/2004,9:57,258.6,08,-9900,2,161.9,08,-9900,2,201.2,08,-9900,2,-9900,-9900,-9900
1/1/2004,9:58,238.9,08,-9900,2,102.5,08,-9900,2,201.3,08,-9900,2,-9900,-9900,-9900
1/1/2004,9:59,232.9,08,-9900,2,89.9,08,-9900,2,200.0,08,-9900,2,-9900,-9900,-9900
1/1/2004,10:00,244.0,08,-9900,2,129.4,08,-9900,2,197.7,08,-9900,2,-9900,-9900,-9900
1/1/2004,10:01,270.9,08,-9900,2,216.4,08,-9900,2,193.3,08,-9900,2,-9900,-9900,-9900
1/1/2004,10:02,237.4,08,-9900,2,132.5,08,-9900,2,189.1,08,-9900,2,-9900,-9900,-9900
1/1/2004,10:03,231.0,08,-9900,2,123.0,08,-9900,2,186.5,08,-9900,2,-9900,-9900,-9900
1/1/2004,10:04,228.7,08,-9900,2,115.6,08,-9900,2,185.8,08,-9900,2,-9900,-9900,-9900
1/1/2004,10:05,259.9,08,-9900,2,205.4,08,-9900,2,185.4,08,-9900,2,-9900,-9900,-9900
1/1/2004,10:06,293.0,08,-9900,2,298.8,08,-9900,2,184.1,08,-9900,2,-9900,-9900,-9900
1/1/2004,10:07,297.7,08,-9900,2,319.5,08,-9900,2,181.4,08,-9900,2,-9900,-9900,-9900
1/1/2004,10:08,286.0,08,-9900,2,291.2,08,-9900,2,178.8,08,-9900,2,-9900,-9900,-9900
1/1/2004,10:09,293.3,08,-9900,2,317.5,08,-9900,2,176.4,08,-9900,2,-9900,-9900,-9900
1/1/2004,10:10,299.0,08,-9900,2,342.3,08,-9900,2,173.4,08,-9900,2,-9900,-9900,-9900
1/1/2004,10:11,293.0,08,-9900,2,331.6,08,-9900,2,171.4,08,-9900,2,-9900,-9900,-9900
1/1/2004,10:12,375.3,08,-9900,2,559.0,08,-9900,2,170.6,08,-9900,2,-9900,-9900,-9900
1/1/2004,10:13,390.2,08,-9900,2,593.3,08,-9900,2,171.6,08,-9900,2,-9900,-9900,-9900
1/1/2004,10:14,398.8,08,-9900,2,607.5,08,-9900,2,175.5,08,-9900,2,-9900,-9900,-9900
1/1/2004,10:15,475.7,08,-9900,2,808.2,08,-9900,2,180.7,08,-9900,2,-9900,-9900,-9900
1/1/2004,10:16,423.4,08,-9900,2,664.8,08,-9900,2,178.8,08,-9900,2,-9900,-9900,-9900
1/1/2004,10:17,445.5,08,-9900,2,735.7,08,-9900,2,175.2,08,-9900,2,-9900,-9900,-9900
1/1/2004,10:18,463.0,08,-9900,2,788.5,08,-9900,2,173.9,08,-9900,2,-9900,-9900,-9900
1/1/2004,10:19,431.5,08,-9900,2,696.3,08,-9900,2,173.7,08,-9900,2,-9900,-9900,-9900
1/1/2004,10:20,337.9,08,-9900,2,442.6,08,-9900,2,174.0,08,-9900,2,-9900,-9900,-9900
1/1/2004,10:21,337.6,08,-9900,2,443.4,08,-9900,2,173.1,08,-9900,2,-9900,-9900,-9900
1/1/2004,10:22,406.9,08,-9900,2,634.6,08,-9900,2,169.2,08,-9900,2,-9900,-9900,-9900
1/1/2004,10:23,383.7,08,-9900,2,573.2,08,-9900,2,165.7,08,-9900,2,-9900,-9900,-9900
1/1/2004,10:24,306.6,08,-9900,2,376.2,08,-9900,2,164.3,08,-9900,2,-9900,-9900,-9900
1/1/2004,10:25,247.0,08,-9900,2,220.9,08,-9900,2,162.6,08,-9900,2,-9900,-9900,-9900
1/1/2004,10:26,307.3,08,-9900,2,378.0,08,-9900,2,162.3,08,-9900,2,-9900,-9900,-9900
1/1/2004,10:27,267.5,08,-9900,2,272.1,08,-9900,2,160.5,08,-9900,2,-9900,-9900,-9900
1/1/2004,10:28,199.3,08,-9900,2,102.0,08,-9900,2,158.6,08,-9900,2,-9900,-9900,-9900
1/1/2004,10:29,229.5,08,-9900,2,181.8,08,-9900,2,156.8,08,-9900,2,-9900,-9900,-9900
1/1/2004,10:30,202.1,08,-9900,2,109.9,08,-9900,2,158.4,08,-9900,2,-9900,-9900,-9900
1/1/2004,10:31,219.9,08,-9900,2,150.5,08,-9900,2,159.4,08,-9900,2,-9900,-9900,-9900
1/1/2004,10:32,253.9,08,-9900,2,240.6,08,-9900,2,157.8,08,-9900,2,-9900,-9900,-9900
1/1/2004,10:33,306.3,08,-9900,2,377.9,08,-9900,2,156.5,08,-9900,2,-9900,-9900,-9900
1/1/2004,10:34,351.6,08,-9900,2,492.8,08,-9900,2,155.4,08,-9900,2,-9900,-9900,-9900
1/1/2004,10:35,331.1,08,-9900,2,446.4,08,-9900,2,153.4,08,-9900,2,-9900,-9900,-9900
1/1/2004,10:36,381.1,08,-9900,2,575.1,08,-9900,2,151.1,08,-9900,2,-9900,-9900,-9900
1/1/2004,10:37,381.7,08,-9900,2,593.7,08,-9900,2,147.1,08,-9900,2,-9900,-9900,-9900
1/1/2004,10:38,440.0,08,-9900,2,742.1,08,-9900,2,145.2,08,-9900,2,-9900,-9900,-9900
1/1/2004,10:39,468.5,08,-9900,2,805.4,08,-9900,2,145.8,08,-9900,2,-9900,-9900,-9900
1/1/2004,10:40,478.5,08,-9900,2,823.9,08,-9900,2,147.6,08,-9900,2,-9900,-9900,-9900
1/1/2004,10:41,521.0,08,-9900,2,924.5,08,-9900,2,148.4,08,-9900,2,-9900,-9900,-9900
1/1/2004,10:42,528.3,08,-9900,2,940.9,08,-9900,2,148.0,08,-9900,2,-9900,-9900,-9900
1/1/2004,10:43,536.9,08,-9900,2,958.2,08,-9900,2,149.8,08,-9900,2,-9900,-9900,-9900
1/1/2004,10:44,536.6,08,-9900,2,940.9,08,-9900,2,154.2,08,-9900,2,-9900,-9900,-9900
1/1/2004,10:45,542.2,08,-9900,2,935.9,08,-9900,2,161.0,08,-9900,2,-9900,-9900,-9900
1/1/2004,10:46,542.4,08,-9900,2,923.1,08,-9900,2,166.3,08,-9900,2,-9900,-9900,-9900
1/1/2004,10:47,491.6,08,-9900,2,791.7,08,-9900,2,166.8,08,-9900,2,-9900,-9900,-9900
1/1/2004,10:48,440.2,08,-9900,2,662.5,08,-9900,2,165.8,08,-9900,2,-9900,-9900,-9900
1/1/2004,10:49,344.6,08,-9900,2,434.5,08,-9900,2,166.3,08,-9900,2,-9900,-9900,-9900
1/1/2004,10:50,292.7,08,-9900,2,300.4,08,-9900,2,164.4,08,-9900,2,-9900,-9900,-9900
1/1/2004,10:51,200.8,08,-9900,2,97.8,08,-9900,2,158.8,08,-9900,2,-9900,-9900,-9900
1/1/2004,10:52,186.7,08,-9900,2,82.4,08,-9900,2,151.8,08,-9900,2,-9900,-9900,-9900
1/1/2004,10:53,268.4,08,-9900,2,281.2,08,-9900,2,148.6,08,-9900,2,-9900,-9900,-9900
1/1/2004,10:54,436.4,08,-9900,2,676.4,08,-9900,2,150.6,08,-9900,2,-9900,-9900,-9900
1/1/2004,10:55,520.4,08,-9900,2,872.8,08,-9900,2,154.5,08,-9900,2,-9900,-9900,-9900
1/1/2004,10:56,529.5,08,-9900,2,884.5,08,-9900,2,157.5,08,-9900,2,-9900,-9900,-9900
1/1/2004,10:57,571.8,08,-9900,2,983.8,08,-9900,2,156.8,08,-9900,2,-9900,-9900,-9900
1/1/2004,10:58,528.3,08,-9900,2,879.4,08,-9900,2,155.1,08,-9900,2,-9900,-9900,-9900
1/1/2004,10:59,557.8,08,-9900,2,958.5,08,-9900,2,152.1,08,-9900,2,-9900,-9900,-9900
1/1/2004,11:00,550.3,08,-9900,2,953.3,08,-9900,2,148.6,08,-9900,2,-9900,-9900,-9900
1/1/2004,11:01,554.0,08,-9900,2,969.5,08,-9900,2,144.9,08,-9900,2,-9900,-9900,-9900
1/1/2004,11:02,501.6,08,-9900,2,851.1,08,-9900,2,140.0,08,-9900,2,-9900,-9900,-9900
1/1/2004,11:03,311.8,08,-9900,2,407.9,08,-9900,2,135.7,08,-9900,2,-9900,-9900,-9900
1/1/2004,11:04,292.1,08,-9900,2,386.0,08,-9900,2,132.6,08,-9900,2,-9900,-9900,-9900
1/1/2004,11:05,522.3,08,-9900,2,907.8,08,-9900,2,137.7,08,-9900,2,-9900,-9900,-9900
1/1/2004,11:06,488.5,08,-9900,2,828.5,08,-9900,2,140.3,08,-9900,2,-9900,-9900,-9900
1/1/2004,11:07,556.7,08,-9900,2,971.0,08,-9900,2,143.6,08,-9900,2,-9900,-9900,-9900
1/1/2004,11:08,577.0,08,-9900,2,997.8,08,-9900,2,149.5,08,-9900,2,-9900,-9900,-9900
1/1/2004,11:09,577.2,08,-9900,2,994.1,08,-9900,2,151.4,08,-9900,2,-9900,-9900,-9900
1/1/2004,11:10,569.1,08,-9900,2,990.3,08,-9900,2,144.0,08,-9900,2,-9900,-9900,-9900
1/1/2004,11:11,489.0,08,-9900,2,821.2,08,-9900,2,134.8,08,-9900,2,-9900,-9900,-9900
1/1/2004,11:12,420.6,08,-9900,2,674.5,08,-9900,2,130.8,08,-9900,2,-9900,-9900,-9900
1/1/2004,11:13,556.2,08,-9900,2,994.7,08,-9900,2,128.5,08,-9900,2,-9900,-9900,-9900
1/1/2004,11:14,553.6,08,-9900,2,993.6,08,-9900,2,125.7,08,-9900,2,-9900,-9900,-9900
1/1/2004,11:15,551.2,08,-9900,2,992.8,08,-9900,2,121.5,08,-9900,2,-9900,-9900,-9900
1/1/2004,11:16,550.7,08,-9900,2,994.7,08,-9900,2,118.4,08,-9900,2,-9900,-9900,-9900
1/1/2004,11:17,547.8,08,-9900,2,994.5,08,-9900,2,115.9,08,-9900,2,-9900,-9900,-9900
1/1/2004,11:18,544.8,08,-9900,2,995.2,08,-9900,2,112.5,08,-9900,2,-9900,-9900,-9900
1/1/2004,11:19,541.3,08,-9900,2,995.6,08,-9900,2,108.3,08,-9900,2,-9900,-9900,-9900
1/1/2004,11:20,536.9,08,-9900,2,996.7,08,-9900,2,102.6,08,-9900,2,-9900,-9900,-9900
1/1/2004,11:21,532.4,08,-9900,2,999.0,08,-9900,2,96.6,08,-9900,2,-9900,-9900,-9900
1/1/2004,11:22,527.1,08,-9900,2,999.5,08,-9900,2,90.7,08,-9900,2,-9900,-9900,-9900
1/1/2004,11:23,524.5,08,-9900,2,1000.6,08,-9900,2,87.5,08,-9900,2,-9900,-9900,-9900
1/1/2004,11:24,524.0,08,-9900,2,1001.2,08,-9900,2,85.6,08,-9900,2,-9900,-9900,-9900
1/1/2004,11:25,522.1,08,-9900,2,1002.4,08,-9900,2,82.6,08,-9900,2,-9900,-9900,-9900
1/1/2004,11:26,521.4,08,-9900,2,1002.0,08,-9900,2,80.8,08,-9900,2,-9900,-9900,-9900
1/1/2004,11:27,520.5,08,-9900,2,1000.9,08,-9900,2,78.7,08,-9900,2,-9900,-9900,-9900
1/1/2004,11:28,519.4,08,-9900,2,1000.5,08,-9900,2,75.8,08,-9900,2,-9900,-9900,-9900
1/1/2004,11:29,517.9,08,-9900,2,999.2,08,-9900,2,73.4,08,-9900,2,-9900,-9900,-9900
1/1/2004,11:30,517.8,08,-9900,2,998.9,08,-9900,2,71.9,08,-9900,2,-9900,-9900,-9900
1/1/2004,11:31,517.9,08,-9900,2,998.8,08,-9900,2,71.9,08,-9900,2,-9900,-9900,-9900
1/1/2004,11:32,518.2,08,-9900,2,998.4,08,-9900,2,72.2,08,-9900,2,-9900,-9900,-9900
1/1/2004,11:33,518.8,08,-9900,2,997.8,08,-9900,2,72.8,08,-9900,2,-9900,-9900,-9900
1/1/2004,11:34,521.0,08,-9900,2,998.7,08,-9900,2,74.9,08,-9900,2,-9900,-9900,-9900
1/1/2004,11:35,460.7,08,-9900,2,870.7,08,-9900,2,76.4,08,-9900,2,-9900,-9900,-9900
1/1/2004,11:36,528.1,08,-9900,2,1000.9,08,-9900,2,80.5,08,-9900,2,-9900,-9900,-9900
1/1/2004,11:37,529.2,08,-9900,2,998.5,08,-9900,2,82.8,08,-9900,2,-9900,-9900,-9900
1/1/2004,11:38,531.8,08,-9900,2,999.4,08,-9900,2,83.6,08,-9900,2,-9900,-9900,-9900
1/1/2004,11:39,535.7,08,-9900,2,1000.4,08,-9900,2,86.3,08,-9900,2,-9900,-9900,-9900
1/1/2004,11:40,496.4,08,-9900,2,896.8,08,-9900,2,93.4,08,-9900,2,-9900,-9900,-9900
1/1/2004,11:41,250.1,08,-9900,2,329.6,08,-9900,2,95.0,08,-9900,2,-9900,-9900,-9900
1/1/2004,11:42,224.4,08,-9900,2,291.5,08,-9900,2,90.5,08,-9900,2,-9900,-9900,-9900
1/1/2004,11:43,470.0,08,-9900,2,860.0,08,-9900,2,84.4,08,-9900,2,-9900,-9900,-9900
1/1/2004,11:44,523.0,08,-9900,2,988.7,08,-9900,2,78.4,08,-9900,2,-9900,-9900,-9900
1/1/2004,11:45,526.5,08,-9900,2,998.9,08,-9900,2,74.7,08,-9900,2,-9900,-9900,-9900
1/1/2004,11:46,525.6,08,-9900,2,996.3,08,-9900,2,73.5,08,-9900,2,-9900,-9900,-9900
1/1/2004,11:47,532.5,08,-9900,2,995.5,08,-9900,2,80.4,08,-9900,2,-9900,-9900,-9900
1/1/2004,11:48,539.9,08,-9900,2,996.4,08,-9900,2,87.9,08,-9900,2,-9900,-9900,-9900
1/1/2004,11:49,548.9,08,-9900,2,995.8,08,-9900,2,97.8,08,-9900,2,-9900,-9900,-9900
1/1/2004,11:50,281.4,08,-9900,2,382.9,08,-9900,2,95.6,08,-9900,2,-9900,-9900,-9900
1/1/2004,11:51,194.9,08,-9900,2,214.9,08,-9900,2,93.4,08,-9900,2,-9900,-9900,-9900
1/1/2004,11:52,326.7,08,-9900,2,514.8,08,-9900,2,92.5,08,-9900,2,-9900,-9900,-9900
1/1/2004,11:53,358.3,08,-9900,2,587.2,08,-9900,2,89.2,08,-9900,2,-9900,-9900,-9900
1/1/2004,11:54,277.6,08,-9900,2,416.5,08,-9900,2,82.8,08,-9900,2,-9900,-9900,-9900
1/1/2004,11:55,349.9,08,-9900,2,583.6,08,-9900,2,81.1,08,-9900,2,-9900,-9900,-9900
1/1/2004,11:56,534.9,08,-9900,2,1005.2,08,-9900,2,80.2,08,-9900,2,-9900,-9900,-9900
1/1/2004,11:57,529.3,08,-9900,2,994.6,08,-9900,2,78.5,08,-9900,2,-9900,-9900,-9900
1/1/2004,11:58,529.4,08,-9900,2,995.6,08,-9900,2,77.7,08,-9900,2,-9900,-9900,-9900
1/1/2004,11:59,527.3,08,-9900,2,995.5,08,-9900,2,75.7,08,-9900,2,-9900,-9900,-9900
1/1/2004,12:00,526.4,08,-9900,2,996.2,08,-9900,2,74.5,08,-9900,2,-9900,-9900,-9900
1/1/2004,12:01,526.5,08,-9900,2,996.9,08,-9900,2,74.4,08,-9900,2,-9900,-9900,-9900
1/1/2004,12:02,527.8,08,-9900,2,996.9,08,-9900,2,75.9,08,-9900,2,-9900,-9900,-9900
1/1/2004,12:03,528.1,08,-9900,2,995.9,08,-9900,2,77.1,08,-9900,2,-9900,-9900,-9900
1/1/2004,12:04,527.2,08,-9900,2,996.2,08,-9900,2,76.3,08,-9900,2,-9900,-9900,-9900
1/1/2004,12:05,528.0,08,-9900,2,996.6,08,-9900,2,76.8,08,-9900,2,-9900,-9900,-9900
1/1/2004,12:06,530.7,08,-9900,2,996.9,08,-9900,2,79.5,08,-9900,2,-9900,-9900,-9900
1/1/2004,12:07,536.9,08,-9900,2,997.5,08,-9900,2,85.8,08,-9900,2,-9900,-9900,-9900
1/1/2004,12:08,547.9,08,-9900,2,999.0,08,-9900,2,97.0,08,-9900,2,-9900,-9900,-9900
1/1/2004,12:09,565.2,08,-9900,2,999.3,08,-9900,2,114.5,08,-9900,2,-9900,-9900,-9900
1/1/2004,12:10,589.6,08,-9900,2,998.7,08,-9900,2,139.5,08,-9900,2,-9900,-9900,-9900
1/1/2004,12:11,526.9,08,-9900,2,791.7,08,-9900,2,166.7,08,-9900,2,-9900,-9900,-9900
1/1/2004,12:12,210.7,08,-9900,2,51.9,08,-9900,2,185.2,08,-9900,2,-9900,-9900,-9900
1/1/2004,12:13,532.0,08,-9900,2,751.5,08,-9900,2,197.9,08,-9900,2,-9900,-9900,-9900
1/1/2004,12:14,481.5,08,-9900,2,630.2,08,-9900,2,196.9,08,-9900,2,-9900,-9900,-9900
1/1/2004,12:15,184.5,08,-9900,2,2.1,01,-9900,2,181.4,08,-9900,2,-9900,-9900,-9900
1/1/2004,12:16,161.3,08,-9900,2,-0.8,01,-9900,2,160.5,08,-9900,2,-9900,-9900,-9900
1/1/2004,12:17,140.0,08,-9900,2,-1.6,01,-9900,2,139.2,08,-9900,2,-9900,-9900,-9900
1/1/2004,12:18,178.2,08,-9900,2,122.6,08,-9900,2,119.8,08,-9900,2,-9900,-9900,-9900
1/1/2004,12:19,276.8,08,-9900,2,375.7,08,-9900,2,103.4,08,-9900,2,-9900,-9900,-9900
1/1/2004,12:20,257.7,08,-9900,2,363.4,08,-9900,2,88.7,08,-9900,2,-9900,-9900,-9900
1/1/2004,12:21,490.8,08,-9900,2,906.4,08,-9900,2,77.6,08,-9900,2,-9900,-9900,-9900
1/1/2004,12:22,516.9,08,-9900,2,993.1,08,-9900,2,68.3,08,-9900,2,-9900,-9900,-9900
1/1/2004,12:23,511.0,08,-9900,2,993.1,08,-9900,2,62.2,08,-9900,2,-9900,-9900,-9900
1/1/2004,12:24,507.0,08,-9900,2,994.0,08,-9900,2,57.9,08,-9900,2,-9900,-9900,-9900
1/1/2004,12:25,504.1,08,-9900,2,994.4,08,-9900,2,55.0,08,-9900,2,-9900,-9900,-9900
1/1/2004,12:26,501.9,08,-9900,2,995.2,08,-9900,2,52.9,08,-9900,2,-9900,-9900,-9900
1/1/2004,12:27,499.3,08,-9900,2,995.8,08,-9900,2,51.3,08,-9900,2,-9900,-9900,-9900
1/1/2004,12:28,496.6,08,-9900,2,994.2,08,-9900,2,50.0,08,-9900,2,-9900,-9900,-9900
1/1/2004,12:29,495.4,08,-9900,2,995.7,08,-9900,2,49.1,08,-9900,2,-9900,-9900,-9900
1/1/2004,12:30,493.5,08,-9900,2,995.4,08,-9900,2,48.1,08,-9900,2,-9900,-9900,-9900
1/1/2004,12:31,492.1,08,-9900,2,995.5,08,-9900,2,47.3,08,-9900,2,-9900,-9900,-9900
1/1/2004,12:32,490.7,08,-9900,2,995.4,08,-9900,2,46.5,08,-9900,2,-9900,-9900,-9900
1/1/2004,12:33,489.2,08,-9900,2,994.9,08,-9900,2,45.5,08,-9900,2,-9900,-9900,-9900
1/1/2004,12:34,488.7,08,-9900,2,994.2,08,-9900,2,45.0,08,-9900,2,-9900,-9900,-9900
1/1/2004,12:35,488.7,08,-9900,2,994.4,08,-9900,2,45.3,08,-9900,2,-9900,-9900,-9900
1/1/2004,12:36,488.8,08,-9900,2,993.0,08,-9900,2,46.1,08,-9900,2,-9900,-9900,-9900
1/1/2004,12:37,489.7,08,-9900,2,992.9,08,-9900,2,47.4,08,-9900,2,-9900,-9900,-9900
1/1/2004,12:38,491.1,08,-9900,2,992.7,08,-9900,2,49.5,08,-9900,2,-9900,-9900,-9900
1/1/2004,12:39,493.7,08,-9900,2,992.5,08,-9900,2,53.1,08,-9900,2,-9900,-9900,-9900
1/1/2004,12:40,498.1,08,-9900,2,992.6,08,-9900,2,58.3,08,-9900,2,-9900,-9900,-9900
1/1/2004,12:41,503.8,08,-9900,2,992.9,08,-9900,2,64.7,08,-9900,2,-9900,-9900,-9900
1/1/2004,12:42,509.8,08,-9900,2,992.3,08,-9900,2,71.8,08,-9900,2,-9900,-9900,-9900
1/1/2004,12:43,515.7,08,-9900,2,992.6,08,-9900,2,78.7,08,-9900,2,-9900,-9900,-9900
1/1/2004,12:44,518.7,08,-9900,2,991.7,08,-9900,2,83.4,08,-9900,2,-9900,-9900,-9900
1/1/2004,12:45,518.6,08,-9900,2,991.6,08,-9900,2,83.9,08,-9900,2,-9900,-9900,-9900
1/1/2004,12:46,500.2,08,-9900,2,957.1,08,-9900,2,80.4,08,-9900,2,-9900,-9900,-9900
1/1/2004,12:47,508.3,08,-9900,2,992.3,08,-9900,2,74.6,08,-9900,2,-9900,-9900,-9900
1/1/2004,12:48,500.5,08,-9900,2,991.9,08,-9900,2,66.9,08,-9900,2,-9900,-9900,-9900
1/1/2004,12:49,492.4,08,-9900,2,990.9,08,-9900,2,59.3,08,-9900,2,-9900,-9900,-9900
1/1/2004,12:50,486.4,08,-9900,2,990.2,08,-9900,2,53.7,08,-9900,2,-9900,-9900,-9900
1/1/2004,12:51,481.8,08,-9900,2,989.4,08,-9900,2,49.4,08,-9900,2,-9900,-9900,-9900
1/1/2004,12:52,478.4,08,-9900,2,989.0,08,-9900,2,46.9,08,-9900,2,-9900,-9900,-9900
1/1/2004,12:53,476.1,08,-9900,2,989.0,08,-9900,2,45.4,08,-9900,2,-9900,-9900,-9900
1/1/2004,12:54,474.3,08,-9900,2,988.5,08,-9900,2,44.2,08,-9900,2,-9900,-9900,-9900
1/1/2004,12:55,473.6,08,-9900,2,987.9,08,-9900,2,42.8,08,-9900,2,-9900,-9900,-9900
1/1/2004,12:56,472.5,08,-9900,2,986.4,08,-9900,2,41.3,08,-9900,2,-9900,-9900,-9900
1/1/2004,12:57,471.0,08,-9900,2,985.0,08,-9900,2,40.3,08,-9900,2,-9900,-9900,-9900
1/1/2004,12:58,469.8,08,-9900,2,986.0,08,-9900,2,40.3,08,-9900,2,-9900,-9900,-9900
1/1/2004,12:59,468.4,08,-9900,2,986.3,08,-9900,2,40.2,08,-9900,2,-9900,-9900,-9900
1/1/2004,13:00,467.0,08,-9900,2,985.8,08,-9900,2,39.3,08,-9900,2,-9900,-9900,-9900
1/1/2004,13:01,465.2,08,-9900,2,984.8,08,-9900,2,38.5,08,-9900,2,-9900,-9900,-9900
1/1/2004,13:02,463.3,08,-9900,2,984.2,08,-9900,2,38.1,08,-9900,2,-9900,-9900,-9900
1/1/2004,13:03,462.4,08,-9900,2,983.0,08,-9900,2,38.1,08,-9900,2,-9900,-9900,-9900
1/1/2004,13:04,461.2,08,-9900,2,982.4,08,-9900,2,38.1,08,-9900,2,-9900,-9900,-9900
1/1/2004,13:05,459.9,08,-9900,2,982.7,08,-9900,2,37.8,08,-9900,2,-9900,-9900,-9900
1/1/2004,13:06,458.2,08,-9900,2,982.0,08,-9900,2,37.2,08,-9900,2,-9900,-9900,-9900
1/1/2004,13:07,456.5,08,-9900,2,981.5,08,-9900,2,37.1,08,-9900,2,-9900,-9900,-9900
1/1/2004,13:08,455.0,08,-9900,2,981.2,08,-9900,2,37.3,08,-9900,2,-9900,-9900,-9900
1/1/2004,13:09,453.8,08,-9900,2,981.2,08,-9900,2,37.5,08,-9900,2,-9900,-9900,-9900
1/1/2004,13:10,453.0,08,-9900,2,981.4,08,-9900,2,37.9,08,-9900,2,-9900,-9900,-9900
1/1/2004,13:11,452.0,08,-9900,2,981.2,08,-9900,2,38.1,08,-9900,2,-9900,-9900,-9900
1/1/2004,13:12,451.5,08,-9900,2,980.8,08,-9900,2,38.1,08,-9900,2,-9900,-9900,-9900
1/1/2004,13:13,450.6,08,-9900,2,981.0,08,-9900,2,38.2,08,-9900,2,-9900,-9900,-9900
1/1/2004,13:14,448.9,08,-9900,2,980.2,08,-9900,2,37.8,08,-9900,2,-9900,-9900,-9900
1/1/2004,13:15,447.1,08,-9900,2,978.6,08,-9900,2,37.1,08,-9900,2,-9900,-9900,-9900
1/1/2004,13:16,445.6,08,-9900,2,977.6,08,-9900,2,37.2,08,-9900,2,-9900,-9900,-9900
1/1/2004,13:17,444.7,08,-9900,2,977.0,08,-9900,2,38.0,08,-9900,2,-9900,-9900,-9900
1/1/2004,13:18,444.5,08,-9900,2,977.5,08,-9900,2,39.1,08,-9900,2,-9900,-9900,-9900
1/1/2004,13:19,443.3,08,-9900,2,975.7,08,-9900,2,39.2,08,-9900,2,-9900,-9900,-9900
1/1/2004,13:20,442.4,08,-9900,2,974.9,08,-9900,2,39.0,08,-9900,2,-9900,-9900,-9900
1/1/2004,13:21,441.6,08,-9900,2,974.2,08,-9900,2,39.6,08,-9900,2,-9900,-9900,-9900
1/1/2004,13:22,440.9,08,-9900,2,974.5,08,-9900,2,40.4,08,-9900,2,-9900,-9900,-9900
1/1/2004,13:23,440.7,08,-9900,2,974.8,08,-9900,2,41.9,08,-9900,2,-9900,-9900,-9900
1/1/2004,13:24,441.3,08,-9900,2,973.8,08,-9900,2,44.3,08,-9900,2,-9900,-9900,-9900
1/1/2004,13:25,407.3,08,-9900,2,881.6,08,-9900,2,47.6,08,-9900,2,-9900,-9900,-9900
1/1/2004,13:26,429.2,08,-9900,2,928.8,08,-9900,2,52.7,08,-9900,2,-9900,-9900,-9900
1/1/2004,13:27,432.3,08,-9900,2,924.8,08,-9900,2,59.5,08,-9900,2,-9900,-9900,-9900
1/1/2004,13:28,431.9,08,-9900,2,908.6,08,-9900,2,67.1,08,-9900,2,-9900,-9900,-9900
1/1/2004,13:29,379.4,08,-9900,2,746.2,08,-9900,2,74.4,08,-9900,2,-9900,-9900,-9900
1/1/2004,13:30,264.4,08,-9900,2,449.8,08,-9900,2,80.2,08,-9900,2,-9900,-9900,-9900
1/1/2004,13:31,242.6,08,-9900,2,388.4,08,-9900,2,87.2,08,-9900,2,-9900,-9900,-9900
1/1/2004,13:32,295.1,08,-9900,2,482.8,08,-9900,2,98.3,08,-9900,2,-9900,-9900,-9900
1/1/2004,13:33,277.9,08,-9900,2,418.2,08,-9900,2,108.6,08,-9900,2,-9900,-9900,-9900
1/1/2004,13:34,365.2,08,-9900,2,629.4,08,-9900,2,118.3,08,-9900,2,-9900,-9900,-9900
1/1/2004,13:35,342.8,08,-9900,2,537.2,08,-9900,2,127.7,08,-9900,2,-9900,-9900,-9900
1/1/2004,13:36,440.7,08,-9900,2,756.5,08,-9900,2,140.3,08,-9900,2,-9900,-9900,-9900
1/1/2004,13:37,431.1,08,-9900,2,711.0,08,-9900,2,152.0,08,-9900,2,-9900,-9900,-9900
1/1/2004,13:38,398.7,08,-9900,2,593.2,08,-9900,2,161.7,08,-9900,2,-9900,-9900,-9900
1/1/2004,13:39,451.3,08,-9900,2,720.4,08,-9900,2,166.7,08,-9900,2,-9900,-9900,-9900
1/1/2004,13:40,308.9,08,-9900,2,333.8,08,-9900,2,168.8,08,-9900,2,-9900,-9900,-9900
1/1/2004,13:41,329.0,08,-9900,2,406.0,08,-9900,2,167.2,08,-9900,2,-9900,-9900,-9900
1/1/2004,13:42,384.1,08,-9900,2,574.2,08,-9900,2,163.4,08,-9900,2,-9900,-9900,-9900
1/1/2004,13:43,454.4,08,-9900,2,772.6,08,-9900,2,159.0,08,-9900,2,-9900,-9900,-9900
1/1/2004,13:44,479.8,08,-9900,2,846.4,08,-9900,2,153.8,08,-9900,2,-9900,-9900,-9900
1/1/2004,13:45,236.4,08,-9900,2,214.2,08,-9900,2,145.7,08,-9900,2,-9900,-9900,-9900
1/1/2004,13:46,199.3,08,-9900,2,145.7,08,-9900,2,141.1,08,-9900,2,-9900,-9900,-9900
1/1/2004,13:47,324.8,08,-9900,2,473.0,08,-9900,2,140.1,08,-9900,2,-9900,-9900,-9900
1/1/2004,13:48,282.0,08,-9900,2,367.3,08,-9900,2,138.7,08,-9900,2,-9900,-9900,-9900
1/1/2004,13:49,147.7,08,-9900,2,26.9,08,-9900,2,135.2,08,-9900,2,-9900,-9900,-9900
1/1/2004,13:50,144.6,08,-9900,2,29.4,08,-9900,2,132.1,08,-9900,2,-9900,-9900,-9900
1/1/2004,13:51,150.8,08,-9900,2,48.0,08,-9900,2,130.5,08,-9900,2,-9900,-9900,-9900
1/1/2004,13:52,138.2,08,-9900,2,20.1,08,-9900,2,128.4,08,-9900,2,-9900,-9900,-9900
1/1/2004,13:53,135.4,08,-9900,2,22.8,08,-9900,2,125.8,08,-9900,2,-9900,-9900,-9900
1/1/2004,13:54,315.6,08,-9900,2,525.3,08,-9900,2,122.4,08,-9900,2,-9900,-9900,-9900
1/1/2004,13:55,451.5,08,-9900,2,918.0,08,-9900,2,116.8,08,-9900,2,-9900,-9900,-9900
1/1/2004,13:56,447.5,08,-9900,2,940.6,08,-9900,2,104.9,08,-9900,2,-9900,-9900,-9900
1/1/2004,13:57,435.2,08,-9900,2,941.9,08,-9900,2,93.3,08,-9900,2,-9900,-9900,-9900
1/1/2004,13:58,421.3,08,-9900,2,933.2,08,-9900,2,83.9,08,-9900,2,-9900,-9900,-9900
1/1/2004,13:59,410.5,08,-9900,2,929.7,08,-9900,2,76.0,08,-9900,2,-9900,-9900,-9900
1/1/2004,14:00,387.1,08,-9900,2,886.2,08,-9900,2,69.8,08,-9900,2,-9900,-9900,-9900
1/1/2004,14:01,353.3,08,-9900,2,808.8,08,-9900,2,64.2,08,-9900,2,-9900,-9900,-9900
1/1/2004,14:02,349.5,08,-9900,2,815.8,08,-9900,2,59.6,08,-9900,2,-9900,-9900,-9900
1/1/2004,14:03,331.5,08,-9900,2,780.4,08,-9900,2,56.0,08,-9900,2,-9900,-9900,-9900
1/1/2004,14:04,378.1,08,-9900,2,925.5,08,-9900,2,54.5,08,-9900,2,-9900,-9900,-9900
1/1/2004,14:05,330.8,08,-9900,2,793.3,08,-9900,2,53.4,08,-9900,2,-9900,-9900,-9900
1/1/2004,14:06,259.8,08,-9900,2,593.0,08,-9900,2,51.7,08,-9900,2,-9900,-9900,-9900
1/1/2004,14:07,282.4,08,-9900,2,661.3,08,-9900,2,51.2,08,-9900,2,-9900,-9900,-9900
1/1/2004,14:08,266.0,08,-9900,2,623.9,08,-9900,2,49.9,08,-9900,2,-9900,-9900,-9900
1/1/2004,14:09,248.6,08,-9900,2,574.0,08,-9900,2,49.4,08,-9900,2,-9900,-9900,-9900
1/1/2004,14:10,156.6,08,-9900,2,307.7,08,-9900,2,48.6,08,-9900,2,-9900,-9900,-9900
1/1/2004,14:11,197.1,08,-9900,2,436.3,08,-9900,2,47.9,08,-9900,2,-9900,-9900,-9900
1/1/2004,14:12,200.0,08,-9900,2,453.2,08,-9900,2,46.3,08,-9900,2,-9900,-9900,-9900
1/1/2004,14:13,256.7,08,-9900,2,633.5,08,-9900,2,44.9,08,-9900,2,-9900,-9900,-9900
1/1/2004,14:14,327.2,08,-9900,2,853.0,08,-9900,2,44.7,08,-9900,2,-9900,-9900,-9900
1/1/2004,14:15,350.7,08,-9900,2,928.2,08,-9900,2,45.1,08,-9900,2,-9900,-9900,-9900
1/1/2004,14:16,353.2,08,-9900,2,941.8,08,-9900,2,45.2,08,-9900,2,-9900,-9900,-9900
1/1/2004,14:17,347.5,08,-9900,2,927.4,08,-9900,2,45.4,08,-9900,2,-9900,-9900,-9900
1/1/2004,14:18,350.8,08,-9900,2,942.0,08,-9900,2,45.8,08,-9900,2,-9900,-9900,-9900
1/1/2004,14:19,340.1,08,-9900,2,912.9,08,-9900,2,46.1,08,-9900,2,-9900,-9900,-9900
1/1/2004,14:20,271.2,08,-9900,2,701.1,08,-9900,2,45.2,08,-9900,2,-9900,-9900,-9900
1/1/2004,14:21,245.1,08,-9900,2,626.5,08,-9900,2,44.4,08,-9900,2,-9900,-9900,-9900
1/1/2004,14:22,247.0,08,-9900,2,638.6,08,-9900,2,43.6,08,-9900,2,-9900,-9900,-9900
1/1/2004,14:23,242.2,08,-9900,2,628.2,08,-9900,2,43.2,08,-9900,2,-9900,-9900,-9900
1/1/2004,14:24,290.7,08,-9900,2,795.3,08,-9900,2,42.8,08,-9900,2,-9900,-9900,-9900
1/1/2004,14:25,319.8,08,-9900,2,897.2,08,-9900,2,41.7,08,-9900,2,-9900,-9900,-9900
1/1/2004,14:26,328.5,08,-9900,2,933.9,08,-9900,2,41.1,08,-9900,2,-9900,-9900,-9900
1/1/2004,14:27,304.6,08,-9900,2,855.3,08,-9900,2,40.9,08,-9900,2,-9900,-9900,-9900
1/1/2004,14:28,284.9,08,-9900,2,796.8,08,-9900,2,40.5,08,-9900,2,-9900,-9900,-9900
1/1/2004,14:29,287.5,08,-9900,2,816.3,08,-9900,2,40.1,08,-9900,2,-9900,-9900,-9900
1/1/2004,14:30,249.2,08,-9900,2,690.4,08,-9900,2,38.5,08,-9900,2,-9900,-9900,-9900
1/1/2004,14:31,249.0,08,-9900,2,697.8,08,-9900,2,37.6,08,-9900,2,-9900,-9900,-9900
1/1/2004,14:32,192.3,08,-9900,2,513.7,08,-9900,2,36.4,08,-9900,2,-9900,-9900,-9900
1/1/2004,14:33,254.4,08,-9900,2,731.1,08,-9900,2,36.7,08,-9900,2,-9900,-9900,-9900
1/1/2004,14:34,247.7,08,-9900,2,712.2,08,-9900,2,36.9,08,-9900,2,-9900,-9900,-9900
1/1/2004,14:35,272.6,08,-9900,2,807.9,08,-9900,2,36.5,08,-9900,2,-9900,-9900,-9900
1/1/2004,14:36,294.8,08,-9900,2,890.8,08,-9900,2,36.1,08,-9900,2,-9900,-9900,-9900
1/1/2004,14:37,287.7,08,-9900,2,875.0,08,-9900,2,35.8,08,-9900,2,-9900,-9900,-9900
1/1/2004,14:38,294.5,08,-9900,2,903.8,08,-9900,2,35.7,08,-9900,2,-9900,-9900,-9900
1/1/2004,14:39,290.4,08,-9900,2,896.1,08,-9900,2,35.4,08,-9900,2,-9900,-9900,-9900
1/1/2004,14:40,263.7,08,-9900,2,808.1,08,-9900,2,35.4,08,-9900,2,-9900,-9900,-9900
1/1/2004,14:41,286.3,08,-9900,2,894.3,08,-9900,2,35.5,08,-9900,2,-9900,-9900,-9900
1/1/2004,14:42,252.4,08,-9900,2,772.2,08,-9900,2,35.7,08,-9900,2,-9900,-9900,-9900
1/1/2004,14:43,227.2,08,-9900,2,689.9,08,-9900,2,36.0,08,-9900,2,-9900,-9900,-9900
1/1/2004,14:44,246.3,08,-9900,2,759.9,08,-9900,2,37.2,08,-9900,2,-9900,-9900,-9900
1/1/2004,14:45,274.3,08,-9900,2,872.4,08,-9900,2,37.8,08,-9900,2,-9900,-9900,-9900
1/1/2004,14:46,237.0,08,-9900,2,740.6,08,-9900,2,37.9,08,-9900,2,-9900,-9900,-9900
1/1/2004,14:47,270.2,08,-9900,2,860.7,08,-9900,2,38.3,08,-9900,2,-9900,-9900,-9900
1/1/2004,14:48,266.6,08,-9900,2,851.9,08,-9900,2,39.4,08,-9900,2,-9900,-9900,-9900
1/1/2004,14:49,273.9,08,-9900,2,882.6,08,-9900,2,40.6,08,-9900,2,-9900,-9900,-9900
1/1/2004,14:50,274.3,08,-9900,2,886.1,08,-9900,2,42.0,08,-9900,2,-9900,-9900,-9900
1/1/2004,14:51,271.6,08,-9900,2,874.2,08,-9900,2,43.9,08,-9900,2,-9900,-9900,-9900
1/1/2004,14:52,267.9,08,-9900,2,857.0,08,-9900,2,45.9,08,-9900,2,-9900,-9900,-9900
1/1/2004,14:53,232.1,08,-9900,2,717.7,08,-9900,2,47.8,08,-9900,2,-9900,-9900,-9900
1/1/2004,14:54,259.0,08,-9900,2,825.1,08,-9900,2,49.7,08,-9900,2,-9900,-9900,-9900
1/1/2004,14:55,244.6,08,-9900,2,768.0,08,-9900,2,50.5,08,-9900,2,-9900,-9900,-9900
1/1/2004,14:56,256.3,08,-9900,2,811.2,08,-9900,2,52.3,08,-9900,2,-9900,-9900,-9900
1/1/2004,14:57,235.8,08,-9900,2,723.7,08,-9900,2,54.4,08,-9900,2,-9900,-9900,-9900
1/1/2004,14:58,222.2,08,-9900,2,670.2,08,-9900,2,56.3,08,-9900,2,-9900,-9900,-9900
1/1/2004,14:59,218.2,08,-9900,2,660.6,08,-9900,2,58.2,08,-9900,2,-9900,-9900,-9900
1/1/2004,15:00,247.3,08,-9900,2,772.2,08,-9900,2,61.3,08,-9900,2,-9900,-9900,-9900
1/1/2004,15:01,238.3,08,-9900,2,728.8,08,-9900,2,64.2,08,-9900,2,-9900,-9900,-9900
1/1/2004,15:02,225.6,08,-9900,2,672.6,08,-9900,2,67.6,08,-9900,2,-9900,-9900,-9900
1/1/2004,15:03,243.4,08,-9900,2,733.8,08,-9900,2,71.8,08,-9900,2,-9900,-9900,-9900
1/1/2004,15:04,241.5,08,-9900,2,712.7,08,-9900,2,76.1,08,-9900,2,-9900,-9900,-9900
1/1/2004,15:05,259.1,08,-9900,2,773.6,08,-9900,2,81.0,08,-9900,2,-9900,-9900,-9900
1/1/2004,15:06,266.4,08,-9900,2,790.4,08,-9900,2,86.4,08,-9900,2,-9900,-9900,-9900
1/1/2004,15:07,271.7,08,-9900,2,800.0,08,-9900,2,91.0,08,-9900,2,-9900,-9900,-9900
1/1/2004,15:08,243.2,08,-9900,2,658.3,08,-9900,2,95.5,08,-9900,2,-9900,-9900,-9900
1/1/2004,15:09,283.1,08,-9900,2,820.9,08,-9900,2,101.0,08,-9900,2,-9900,-9900,-9900
1/1/2004,15:10,290.8,08,-9900,2,838.7,08,-9900,2,106.7,08,-9900,2,-9900,-9900,-9900
1/1/2004,15:11,293.1,08,-9900,2,831.4,08,-9900,2,112.4,08,-9900,2,-9900,-9900,-9900
1/1/2004,15:12,284.6,08,-9900,2,775.8,08,-9900,2,117.5,08,-9900,2,-9900,-9900,-9900
1/1/2004,15:13,296.0,08,-9900,2,817.6,08,-9900,2,121.7,08,-9900,2,-9900,-9900,-9900
1/1/2004,15:14,297.3,08,-9900,2,814.4,08,-9900,2,125.0,08,-9900,2,-9900,-9900,-9900
1/1/2004,15:15,298.5,08,-9900,2,814.0,08,-9900,2,128.0,08,-9900,2,-9900,-9900,-9900
1/1/2004,15:16,298.3,08,-9900,2,811.2,08,-9900,2,130.2,08,-9900,2,-9900,-9900,-9900
1/1/2004,15:17,296.8,08,-9900,2,808.0,08,-9900,2,131.1,08,-9900,2,-9900,-9900,-9900
1/1/2004,15:18,293.9,08,-9900,2,806.1,08,-9900,2,130.9,08,-9900,2,-9900,-9900,-9900
1/1/2004,15:19,289.5,08,-9900,2,804.5,08,-9900,2,129.3,08,-9900,2,-9900,-9900,-9900
1/1/2004,15:20,283.5,08,-9900,2,801.6,08,-9900,2,126.3,08,-9900,2,-9900,-9900,-9900
1/1/2004,15:21,276.8,08,-9900,2,799.9,08,-9900,2,122.2,08,-9900,2,-9900,-9900,-9900
1/1/2004,15:22,269.3,08,-9900,2,798.2,08,-9900,2,117.1,08,-9900,2,-9900,-9900,-9900
1/1/2004,15:23,262.1,08,-9900,2,795.9,08,-9900,2,111.8,08,-9900,2,-9900,-9900,-9900
1/1/2004,15:24,255.2,08,-9900,2,793.9,08,-9900,2,107.0,08,-9900,2,-9900,-9900,-9900
1/1/2004,15:25,247.2,08,-9900,2,789.5,08,-9900,2,101.8,08,-9900,2,-9900,-9900,-9900
1/1/2004,15:26,238.7,08,-9900,2,786.0,08,-9900,2,95.9,08,-9900,2,-9900,-9900,-9900
1/1/2004,15:27,229.9,08,-9900,2,783.0,08,-9900,2,89.2,08,-9900,2,-9900,-9900,-9900
1/1/2004,15:28,220.9,08,-9900,2,778.8,08,-9900,2,82.5,08,-9900,2,-9900,-9900,-9900
1/1/2004,15:29,212.1,08,-9900,2,773.7,08,-9900,2,76.7,08,-9900,2,-9900,-9900,-9900
1/1/2004,15:30,204.9,08,-9900,2,770.6,08,-9900,2,71.8,08,-9900,2,-9900,-9900,-9900
1/1/2004,15:31,198.7,08,-9900,2,764.6,08,-9900,2,68.2,08,-9900,2,-9900,-9900,-9900
1/1/2004,15:32,193.4,08,-9900,2,760.4,08,-9900,2,65.4,08,-9900,2,-9900,-9900,-9900
1/1/2004,15:33,188.3,08,-9900,2,754.8,08,-9900,2,63.1,08,-9900,2,-9900,-9900,-9900
1/1/2004,15:34,182.5,08,-9900,2,741.9,08,-9900,2,61.4,08,-9900,2,-9900,-9900,-9900
1/1/2004,15:35,178.7,08,-9900,2,736.4,08,-9900,2,59.9,08,-9900,2,-9900,-9900,-9900
1/1/2004,15:36,177.1,08,-9900,2,746.0,08,-9900,2,58.5,08,-9900,2,-9900,-9900,-9900
1/1/2004,15:37,173.4,08,-9900,2,742.8,08,-9900,2,56.9,08,-9900,2,-9900,-9900,-9900
1/1/2004,15:38,162.3,08,-9900,2,690.0,08,-9900,2,55.3,08,-9900,2,-9900,-9900,-9900
1/1/2004,15:39,146.9,08,-9900,2,609.5,08,-9900,2,53.8,08,-9900,2,-9900,-9900,-9900
1/1/2004,15:40,156.0,08,-9900,2,689.8,08,-9900,2,52.4,08,-9900,2,-9900,-9900,-9900
1/1/2004,15:41,151.5,08,-9900,2,683.8,08,-9900,2,50.5,08,-9900,2,-9900,-9900,-9900
1/1/2004,15:42,145.7,08,-9900,2,669.4,08,-9900,2,48.1,08,-9900,2,-9900,-9900,-9900
1/1/2004,15:43,133.8,08,-9900,2,609.3,08,-9900,2,45.8,08,-9900,2,-9900,-9900,-9900
1/1/2004,15:44,127.6,08,-9900,2,585.8,08,-9900,2,44.3,08,-9900,2,-9900,-9900,-9900
1/1/2004,15:45,109.0,08,-9900,2,463.8,08,-9900,2,43.5,08,-9900,2,-9900,-9900,-9900
1/1/2004,15:46,79.5,08,-9900,2,261.2,08,-9900,2,42.7,08,-9900,2,-9900,-9900,-9900
1/1/2004,15:47,77.7,08,-9900,2,255.4,08,-9900,2,42.4,08,-9900,2,-9900,-9900,-9900
1/1/2004,15:48,63.1,08,-9900,2,151.5,08,-9900,2,41.9,08,-9900,2,-9900,-9900,-9900
1/1/2004,15:49,52.8,08,-9900,2,75.9,08,-9900,2,41.6,08,-9900,2,-9900,-9900,-9900
1/1/2004,15:50,48.8,08,-9900,2,47.9,08,-9900,2,41.3,08,-9900,2,-9900,-9900,-9900
1/1/2004,15:51,45.7,08,-9900,2,29.7,08,-9900,2,40.6,08,-9900,2,-9900,-9900,-9900
1/1/2004,15:52,43.6,08,-9900,2,20.2,08,-9900,2,40.1,08,-9900,2,-9900,-9900,-9900
1/1/2004,15:53,42.1,08,-9900,2,16.0,08,-9900,2,39.6,08,-9900,2,-9900,-9900,-9900
1/1/2004,15:54,40.1,08,-9900,2,10.2,08,-9900,2,38.6,08,-9900,2,-9900,-9900,-9900
1/1/2004,15:55,38.5,08,-9900,2,8.8,01,-9900,2,37.2,08,-9900,2,-9900,-9900,-9900
1/1/2004,15:56,36.7,08,-9900,2,8.1,01,-9900,2,35.5,08,-9900,2,-9900,-9900,-9900
1/1/2004,15:57,34.9,08,-9900,2,13.4,08,-9900,2,33.6,08,-9900,2,-9900,-9900,-9900
1/1/2004,15:58,33.8,08,-9900,2,23.9,08,-9900,2,31.3,08,-9900,2,-9900,-9900,-9900
1/1/2004,15:59,33.1,08,-9900,2,42.8,08,-9900,2,28.8,08,-9900,2,-9900,-9900,-9900
1/1/2004,16:00,33.3,08,-9900,2,65.1,08,-9900,2,26.4,08,-9900,2,-9900,-9900,-9900
1/1/2004,16:01,35.8,08,-9900,2,108.8,08,-9900,2,24.3,08,-9900,2,-9900,-9900,-9900
1/1/2004,16:02,30.4,08,-9900,2,71.5,08,-9900,2,22.6,08,-9900,2,-9900,-9900,-9900
1/1/2004,16:03,26.0,08,-9900,2,42.4,08,-9900,2,21.2,08,-9900,2,-9900,-9900,-9900
1/1/2004,16:04,23.8,08,-9900,2,36.3,08,-9900,2,19.8,08,-9900,2,-9900,-9900,-9900
1/1/2004,16:05,21.2,08,-9900,2,25.2,08,-9900,2,18.6,08,-9900,2,-9900,-9900,-9900
1/1/2004,16:06,20.1,08,-9900,2,24.2,08,-9900,2,17.6,08,-9900,2,-9900,-9900,-9900
1/1/2004,16:07,18.9,08,-9900,2,21.3,08,-9900,2,16.7,08,-9900,2,-9900,-9900,-9900
1/1/2004,16:08,16.9,08,-9900,2,10.5,08,-9900,2,15.8,08,-9900,2,-9900,-9900,-9900
1/1/2004,16:09,15.1,08,-9900,2,4.1,01,-9900,2,14.6,08,-9900,2,-9900,-9900,-9900
1/1/2004,16:10,13.5,08,-9900,2,0.8,01,-9900,2,13.5,08,-9900,2,-9900,-9900,-9900
1/1/2004,16:11,12.0,08,-9900,2,-1.3,01,-9900,2,12.2,08,-9900,2,-9900,-9900,-9900
1/1/2004,16:12,11.0,08,-9900,2,-2.0,01,-9900,2,11.3,08,-9900,2,-9900,-9900,-9900
1/1/2004,16:13,10.4,08,-9900,2,-2.2,01,-9900,2,10.6,08,-9900,2,-9900,-9900,-9900
1/1/2004,16:14,9.6,01,-9900,2,-2.2,01,-9900,2,10.0,01,-9900,2,-9900,-9900,-9900
1/1/2004,16:15,9.3,01,-9900,2,-2.2,01,-9900,2,9.6,01,-9900,2,-9900,-9900,-9900
1/1/2004,16:16,8.9,01,-9900,2,-2.2,01,-9900,2,9.4,01,-9900,2,-9900,-9900,-9900
1/1/2004,16:17,8.7,01,-9900,2,-2.2,01,-9900,2,9.1,01,-9900,2,-9900,-9900,-9900
1/1/2004,16:18,8.2,01,-9900,2,-2.0,01,-9900,2,8.7,01,-9900,2,-9900,-9900,-9900
1/1/2004,16:19,7.6,01,-9900,2,-2.0,01,-9900,2,8.2,01,-9900,2,-9900,-9900,-9900
1/1/2004,16:20,6.8,01,-9900,2,-2.0,01,-9900,2,7.5,01,-9900,2,-9900,-9900,-9900
1/1/2004,16:21,5.9,01,-9900,2,-1.8,01,-9900,2,6.6,01,-9900,2,-9900,-9900,-9900
1/1/2004,16:22,4.9,01,-9900,2,-1.3,01,-9900,2,5.6,01,-9900,2,-9900,-9900,-9900
1/1/2004,16:23,4.2,01,-9900,2,-1.3,01,-9900,2,4.7,01,-9900,2,-9900,-9900,-9900
1/1/2004,16:24,3.3,01,-9900,2,-1.5,01,-9900,2,3.8,01,-9900,2,-9900,-9900,-9900
1/1/2004,16:25,2.6,01,-9900,2,-1.4,01,-9900,2,3.1,01,-9900,2,-9900,-9900,-9900
1/1/2004,16:26,2.0,01,-9900,2,-1.4,01,-9900,2,2.5,01,-9900,2,-9900,-9900,-9900
1/1/2004,16:27,1.6,01,-9900,2,-1.6,01,-9900,2,1.9,01,-9900,2,-9900,-9900,-9900
1/1/2004,16:28,0.8,01,-9900,2,-1.8,01,-9900,2,1.2,01,-9900,2,-9900,-9900,-9900
1/1/2004,16:29,-0.2,01,-9900,2,-2.0,01,-9900,2,0.4,01,-9900,2,-9900,-9900,-9900
1/1/2004,16:30,-1.2,01,-9900,2,-2.0,01,-9900,2,-0.6,01,-9900,2,-9900,-9900,-9900
1/1/2004,16:31,-1.9,01,-9900,2,-2.0,01,-9900,2,-1.4,01,-9900,2,-9900,-9900,-9900
1/1/2004,16:32,-2.5,01,-9900,2,-2.0,01,-9900,2,-2.2,01,-9900,2,-9900,-9900,-9900
1/1/2004,16:33,-3.2,01,-9900,2,-2.0,01,-9900,2,-2.8,01,-9900,2,-9900,-9900,-9900
1/1/2004,16:34,-3.6,01,-9900,2,-1.8,01,-9900,2,-3.4,01,-9900,2,-9900,-9900,-9900
1/1/2004,16:35,-4.3,01,-9900,2,-1.6,01,-9900,2,-4.0,01,-9900,2,-9900,-9900,-9900
1/1/2004,16:36,-4.7,01,-9900,2,-1.2,01,-9900,2,-4.4,01,-9900,2,-9900,-9900,-9900
1/1/2004,16:37,-4.7,01,-9900,2,-1.1,01,-9900,2,-4.7,01,-9900,2,-9900,-9900,-9900
1/1/2004,16:38,-4.9,01,-9900,2,-1.1,01,-9900,2,-5.0,01,-9900,2,-9900,-9900,-9900
1/1/2004,16:39,-5.3,01,-9900,2,-0.7,01,-9900,2,-5.3,01,-9900,2,-9900,-9900,-9900
1/1/2004,16:40,-5.6,01,-9900,2,-0.7,01,-9900,2,-5.5,01,-9900,2,-9900,-9900,-9900
1/1/2004,16:41,-5.6,01,-9900,2,-0.7,01,-9900,2,-5.8,01,-9900,2,-9900,-9900,-9900
1/1/2004,16:42,-5.8,01,-9900,2,-0.6,01,-9900,2,-5.9,01,-9900,2,-9900,-9900,-9900
1/1/2004,16:43,-5.9,01,-9900,2,-0.3,01,-9900,2,-6.1,01,-9900,2,-9900,-9900,-9900
1/1/2004,16:44,-6.1,01,-9900,2,0.0,01,-9900,2,-6.2,01,-9900,2,-9900,-9900,-9900
1/1/2004,16:45,-6.4,01,-9900,2,0.0,01,-9900,2,-6.3,01,-9900,2,-9900,-9900,-9900
1/1/2004,16:46,-6.5,01,-9900,2,0.0,01,-9900,2,-6.4,01,-9900,2,-9900,-9900,-9900
1/1/2004,16:47,-6.5,01,-9900,2,0.0,01,-9900,2,-6.4,01,-9900,2,-9900,-9900,-9900
1/1/2004,16:48,-6.4,01,-9900,2,0.0,01,-9900,2,-6.5,01,-9900,2,-9900,-9900,-9900
1/1/2004,16:49,-6.4,01,-9900,2,0.0,01,-9900,2,-6.6,01,-9900,2,-9900,-9900,-9900
1/1/2004,16:50,-6.5,01,-9900,2,0.1,01,-9900,2,-6.6,01,-9900,2,-9900,-9900,-9900
1/1/2004,16:51,-6.5,01,-9900,2,0.2,01,-9900,2,-6.6,01,-9900,2,-9900,-9900,-9900
1/1/2004,16:52,-6.5,01,-9900,2,0.1,01,-9900,2,-6.6,01,-9900,2,-9900,-9900,-9900
1/1/2004,16:53,-6.7,01,-9900,2,0.0,01,-9900,2,-6.7,01,-9900,2,-9900,-9900,-9900
1/1/2004,16:54,-6.9,01,-9900,2,0.0,01,-9900,2,-6.8,01,-9900,2,-9900,-9900,-9900
1/1/2004,16:55,-7.1,01,-9900,2,-0.2,01,-9900,2,-6.9,01,-9900,2,-9900,-9900,-9900
1/1/2004,16:56,-7.2,01,-9900,2,-0.4,01,-9900,2,-7.1,01,-9900,2,-9900,-9900,-9900
1/1/2004,16:57,-7.1,01,-9900,2,-0.5,01,-9900,2,-7.1,01,-9900,2,-9900,-9900,-9900
1/1/2004,16:58,-7.0,01,-9900,2,-0.7,01,-9900,2,-7.1,01,-9900,2,-9900,-9900,-9900
1/1/2004,16:59,-7.0,01,-9900,2,-0.7,01,-9900,2,-7.0,01,-9900,2,-9900,-9900,-9900
1/1/2004,17:00,-7.0,01,-9900,2,-0.3,01,-9900,2,-6.9,01,-9900,2,-9900,-9900,-9900
1/1/2004,17:01,-7.0,01,-9900,2,0.3,01,-9900,2,-6.7,01,-9900,2,-9900,-9900,-9900
1/1/2004,17:02,-6.8,01,-9900,2,0.1,01,-9900,2,-6.6,01,-9900,2,-9900,-9900,-9900
1/1/2004,17:03,-6.7,01,-9900,2,0.0,01,-9900,2,-6.6,01,-9900,2,-9900,-9900,-9900
1/1/2004,17:04,-6.7,01,-9900,2,0.3,01,-9900,2,-6.6,01,-9900,2,-9900,-9900,-9900
1/1/2004,17:05,-6.7,01,-9900,2,0.6,01,-9900,2,-6.6,01,-9900,2,-9900,-9900,-9900
1/1/2004,17:06,-6.7,01,-9900,2,0.2,01,-9900,2,-6.6,01,-9900,2,-9900,-9900,-9900
1/1/2004,17:07,-6.8,01,-9900,2,0.0,01,-9900,2,-6.6,01,-9900,2,-9900,-9900,-9900
1/1/2004,17:08,-6.7,01,-9900,2,-0.0,01,-9900,2,-6.6,01,-9900,2,-9900,-9900,-9900
1/1/2004,17:09,-6.8,01,-9900,2,-0.3,01,-9900,2,-6.8,01,-9900,2,-9900,-9900,-9900
1/1/2004,17:10,-6.8,01,-9900,2,-0.4,01,-9900,2,-7.1,01,-9900,2,-9900,-9900,-9900
1/1/2004,17:11,-6.7,01,-9900,2,-0.4,01,-9900,2,-7.3,01,-9900,2,-9900,-9900,-9900
1/1/2004,17:12,-6.5,01,-9900,2,-0.4,01,-9900,2,-7.2,01,-9900,2,-9900,-9900,-9900
1/1/2004,17:13,-6.5,01,-9900,2,-0.4,01,-9900,2,-7.0,01,-9900,2,-9900,-9900,-9900
1/1/2004,17:14,-6.5,01,-9900,2,-0.3,01,-9900,2,-6.9,01,-9900,2,-9900,-9900,-9900
1/1/2004,17:15,-6.5,01,-9900,2,-0.3,01,-9900,2,-6.9,01,-9900,2,-9900,-9900,-9900
1/1/2004,17:16,-6.9,01,-9900,2,-0.6,01,-9900,2,-7.1,01,-9900,2,-9900,-9900,-9900
1/1/2004,17:17,-7.0,01,-9900,2,-0.7,01,-9900,2,-7.1,01,-9900,2,-9900,-9900,-9900
1/1/2004,17:18,-6.9,01,-9900,2,-0.7,01,-9900,2,-7.0,01,-9900,2,-9900,-9900,-9900
1/1/2004,17:19,-6.5,01,-9900,2,-0.5,01,-9900,2,-6.7,01,-9900,2,-9900,-9900,-9900
1/1/2004,17:20,-6.3,01,-9900,2,-0.1,01,-9900,2,-6.3,01,-9900,2,-9900,-9900,-9900
1/1/2004,17:21,-5.7,01,-9900,2,0.1,01,-9900,2,-6.1,01,-9900,2,-9900,-9900,-9900
1/1/2004,17:22,-5.6,01,-9900,2,0.6,01,-9900,2,-5.9,01,-9900,2,-9900,-9900,-9900
1/1/2004,17:23,-5.5,01,-9900,2,0.9,01,-9900,2,-5.7,01,-9900,2,-9900,-9900,-9900
1/1/2004,17:24,-5.5,01,-9900,2,0.6,01,-9900,2,-6.0,01,-9900,2,-9900,-9900,-9900
1/1/2004,17:25,-6.2,01,-9900,2,-0.9,01,-9900,2,-6.6,01,-9900,2,-9900,-9900,-9900
1/1/2004,17:26,-6.8,01,-9900,2,-1.4,01,-9900,2,-6.9,01,-9900,2,-9900,-9900,-9900
1/1/2004,17:27,-7.0,01,-9900,2,-0.9,01,-9900,2,-6.9,01,-9900,2,-9900,-9900,-9900
1/1/2004,17:28,-6.7,01,-9900,2,-0.6,01,-9900,2,-6.8,01,-9900,2,-9900,-9900,-9900
1/1/2004,17:29,-6.6,01,-9900,2,-0.0,01,-9900,2,-6.8,01,-9900,2,-9900,-9900,-9900
1/1/2004,17:30,-6.5,01,-9900,2,0.0,01,-9900,2,-6.7,01,-9900,2,-9900,-9900,-9900
1/1/2004,17:31,-6.5,01,-9900,2,0.0,01,-9900,2,-6.8,01,-9900,2,-9900,-9900,-9900
1/1/2004,17:32,-6.5,01,-9900,2,0.0,01,-9900,2,-7.1,01,-9900,2,-9900,-9900,-9900
1/1/2004,17:33,-6.6,01,-9900,2,0.0,01,-9900,2,-7.3,01,-9900,2,-9900,-9900,-9900
1/1/2004,17:34,-6.7,01,-9900,2,0.0,01,-9900,2,-7.4,01,-9900,2,-9900,-9900,-9900
1/1/2004,17:35,-6.6,01,-9900,2,0.0,01,-9900,2,-7.2,01,-9900,2,-9900,-9900,-9900
1/1/2004,17:36,-6.5,01,-9900,2,0.1,01,-9900,2,-7.0,01,-9900,2,-9900,-9900,-9900
1/1/2004,17:37,-6.5,01,-9900,2,0.3,01,-9900,2,-6.8,01,-9900,2,-9900,-9900,-9900
1/1/2004,17:38,-6.2,01,-9900,2,0.6,01,-9900,2,-6.6,01,-9900,2,-9900,-9900,-9900
1/1/2004,17:39,-5.9,01,-9900,2,0.7,01,-9900,2,-6.4,01,-9900,2,-9900,-9900,-9900
1/1/2004,17:40,-5.7,01,-9900,2,0.7,01,-9900,2,-6.2,01,-9900,2,-9900,-9900,-9900
1/1/2004,17:41,-5.6,01,-9900,2,0.8,01,-9900,2,-6.2,01,-9900,2,-9900,-9900,-9900
1/1/2004,17:42,-5.9,01,-9900,2,0.7,01,-9900,2,-6.2,01,-9900,2,-9900,-9900,-9900
1/1/2004,17:43,-6.1,01,-9900,2,0.7,01,-9900,2,-6.3,01,-9900,2,-9900,-9900,-9900
1/1/2004,17:44,-6.3,01,-9900,2,0.7,01,-9900,2,-6.5,01,-9900,2,-9900,-9900,-9900
1/1/2004,17:45,-6.5,01,-9900,2,1.1,01,-9900,2,-6.6,01,-9900,2,-9900,-9900,-9900
1/1/2004,17:46,-6.5,01,-9900,2,1.0,01,-9900,2,-6.9,01,-9900,2,-9900,-9900,-9900
1/1/2004,17:47,-6.6,01,-9900,2,0.7,01,-9900,2,-7.1,01,-9900,2,-9900,-9900,-9900
1/1/2004,17:48,-6.5,01,-9900,2,0.7,01,-9900,2,-7.0,01,-9900,2,-9900,-9900,-9900
1/1/2004,17:49,-6.6,01,-9900,2,0.7,01,-9900,2,-6.9,01,-9900,2,-9900,-9900,-9900
1/1/2004,17:50,-6.8,01,-9900,2,0.5,01,-9900,2,-6.9,01,-9900,2,-9900,-9900,-9900
1/1/2004,17:51,-7.0,01,-9900,2,0.0,01,-9900,2,-6.8,01,-9900,2,-9900,-9900,-9900
1/1/2004,17:52,-6.7,01,-9900,2,0.3,01,-9900,2,-6.6,01,-9900,2,-9900,-9900,-9900
1/1/2004,17:53,-6.5,01,-9900,2,0.6,01,-9900,2,-6.3,01,-9900,2,-9900,-9900,-9900
1/1/2004,17:54,-5.9,01,-9900,2,0.7,01,-9900,2,-6.2,01,-9900,2,-9900,-9900,-9900
1/1/2004,17:55,-5.6,01,-9900,2,0.7,01,-9900,2,-6.0,01,-9900,2,-9900,-9900,-9900
1/1/2004,17:56,-5.6,01,-9900,2,0.7,01,-9900,2,-6.0,01,-9900,2,-9900,-9900,-9900
1/1/2004,17:57,-5.6,01,-9900,2,0.7,01,-9900,2,-6.0,01,-9900,2,-9900,-9900,-9900
1/1/2004,17:58,-5.6,01,-9900,2,0.8,01,-9900,2,-6.0,01,-9900,2,-9900,-9900,-9900
1/1/2004,17:59,-5.4,01,-9900,2,1.1,01,-9900,2,-5.9,01,-9900,2,-9900,-9900,-9900
1/1/2004,18:00,-5.4,01,-9900,2,1.1,01,-9900,2,-5.7,01,-9900,2,-9900,-9900,-9900
1/1/2004,18:01,-5.6,01,-9900,2,1.1,01,-9900,2,-5.7,01,-9900,2,-9900,-9900,-9900
1/1/2004,18:02,-5.6,01,-9900,2,1.1,01,-9900,2,-5.7,01,-9900,2,-9900,-9900,-9900
1/1/2004,18:03,-5.6,01,-9900,2,1.1,01,-9900,2,-5.7,01,-9900,2,-9900,-9900,-9900
1/1/2004,18:04,-5.7,01,-9900,2,1.0,01,-9900,2,-5.9,01,-9900,2,-9900,-9900,-9900
1/1/2004,18:05,-6.3,01,-9900,2,0.6,01,-9900,2,-6.4,01,-9900,2,-9900,-9900,-9900
1/1/2004,18:06,-6.5,01,-9900,2,0.3,01,-9900,2,-7.0,01,-9900,2,-9900,-9900,-9900
1/1/2004,18:07,-6.5,01,-9900,2,0.5,01,-9900,2,-7.1,01,-9900,2,-9900,-9900,-9900
1/1/2004,18:08,-6.5,01,-9900,2,1.0,01,-9900,2,-6.9,01,-9900,2,-9900,-9900,-9900
1/1/2004,18:09,-6.2,01,-9900,2,1.4,01,-9900,2,-6.5,01,-9900,2,-9900,-9900,-9900
1/1/2004,18:10,-5.7,01,-9900,2,1.5,01,-9900,2,-6.2,01,-9900,2,-9900,-9900,-9900
1/1/2004,18:11,-5.6,01,-9900,2,1.8,01,-9900,2,-6.0,01,-9900,2,-9900,-9900,-9900
1/1/2004,18:12,-5.5,01,-9900,2,2.0,01,-9900,2,-5.8,01,-9900,2,-9900,-9900,-9900
1/1/2004,18:13,-5.4,01,-9900,2,2.0,01,-9900,2,-5.6,01,-9900,2,-9900,-9900,-9900
1/1/2004,18:14,-5.5,01,-9900,2,1.7,01,-9900,2,-5.8,01,-9900,2,-9900,-9900,-9900
1/1/2004,18:15,-6.4,01,-9900,2,0.7,01,-9900,2,-6.6,01,-9900,2,-9900,-9900,-9900
1/1/2004,18:16,-6.6,01,-9900,2,0.6,01,-9900,2,-7.1,01,-9900,2,-9900,-9900,-9900
1/1/2004,18:17,-6.6,01,-9900,2,0.6,01,-9900,2,-7.1,01,-9900,2,-9900,-9900,-9900
1/1/2004,18:18,-6.5,01,-9900,2,0.4,01,-9900,2,-7.0,01,-9900,2,-9900,-9900,-9900
1/1/2004,18:19,-6.5,01,-9900,2,0.4,01,-9900,2,-6.9,01,-9900,2,-9900,-9900,-9900
1/1/2004,18:20,-6.4,01,-9900,2,0.5,01,-9900,2,-6.9,01,-9900,2,-9900,-9900,-9900
1/1/2004,18:21,-6.2,01,-9900,2,0.7,01,-9900,2,-6.7,01,-9900,2,-9900,-9900,-9900
1/1/2004,18:22,-6.0,01,-9900,2,1.1,01,-9900,2,-6.6,01,-9900,2,-9900,-9900,-9900
1/1/2004,18:23,-5.7,01,-9900,2,1.4,01,-9900,2,-6.4,01,-9900,2,-9900,-9900,-9900
1/1/2004,18:24,-5.9,01,-9900,2,1.5,01,-9900,2,-6.3,01,-9900,2,-9900,-9900,-9900
1/1/2004,18:25,-6.0,01,-9900,2,1.4,01,-9900,2,-6.3,01,-9900,2,-9900,-9900,-9900
1/1/2004,18:26,-6.1,01,-9900,2,1.2,01,-9900,2,-6.3,01,-9900,2,-9900,-9900,-9900
1/1/2004,18:27,-6.2,01,-9900,2,1.0,01,-9900,2,-6.4,01,-9900,2,-9900,-9900,-9900
1/1/2004,18:28,-6.5,01,-9900,2,0.7,01,-9900,2,-6.7,01,-9900,2,-9900,-9900,-9900
1/1/2004,18:29,-6.5,01,-9900,2,0.6,01,-9900,2,-7.0,01,-9900,2,-9900,-9900,-9900
1/1/2004,18:30,-6.6,01,-9900,2,0.3,01,-9900,2,-7.1,01,-9900,2,-9900,-9900,-9900
1/1/2004,18:31,-6.5,01,-9900,2,0.2,01,-9900,2,-7.1,01,-9900,2,-9900,-9900,-9900
1/1/2004,18:32,-6.5,01,-9900,2,-0.1,01,-9900,2,-7.1,01,-9900,2,-9900,-9900,-9900
1/1/2004,18:33,-6.7,01,-9900,2,-0.4,01,-9900,2,-7.2,01,-9900,2,-9900,-9900,-9900
1/1/2004,18:34,-6.8,01,-9900,2,-0.4,01,-9900,2,-7.2,01,-9900,2,-9900,-9900,-9900
1/1/2004,18:35,-7.0,01,-9900,2,-0.3,01,-9900,2,-7.3,01,-9900,2,-9900,-9900,-9900
1/1/2004,18:36,-7.0,01,-9900,2,-0.6,01,-9900,2,-7.4,01,-9900,2,-9900,-9900,-9900
1/1/2004,18:37,-7.1,01,-9900,2,-0.7,01,-9900,2,-7.4,01,-9900,2,-9900,-9900,-9900
1/1/2004,18:38,-7.1,01,-9900,2,-0.7,01,-9900,2,-7.4,01,-9900,2,-9900,-9900,-9900
1/1/2004,18:39,-7.0,01,-9900,2,-0.7,01,-9900,2,-7.3,01,-9900,2,-9900,-9900,-9900
1/1/2004,18:40,-7.0,01,-9900,2,-0.7,01,-9900,2,-7.3,01,-9900,2,-9900,-9900,-9900
1/1/2004,18:41,-7.0,01,-9900,2,-1.0,01,-9900,2,-7.5,01,-9900,2,-9900,-9900,-9900
1/1/2004,18:42,-7.2,01,-9900,2,-1.2,01,-9900,2,-7.8,01,-9900,2,-9900,-9900,-9900
1/1/2004,18:43,-7.4,01,-9900,2,-1.3,01,-9900,2,-8.1,01,-9900,2,-9900,-9900,-9900
1/1/2004,18:44,-7.3,01,-9900,2,-1.2,01,-9900,2,-8.1,01,-9900,2,-9900,-9900,-9900
1/1/2004,18:45,-7.1,01,-9900,2,-1.1,01,-9900,2,-8.0,01,-9900,2,-9900,-9900,-9900
1/1/2004,18:46,-7.2,01,-9900,2,-1.0,01,-9900,2,-7.7,01,-9900,2,-9900,-9900,-9900
1/1/2004,18:47,-7.1,01,-9900,2,-0.7,01,-9900,2,-7.5,01,-9900,2,-9900,-9900,-9900
1/1/2004,18:48,-7.0,01,-9900,2,-0.5,01,-9900,2,-7.4,01,-9900,2,-9900,-9900,-9900
1/1/2004,18:49,-7.0,01,-9900,2,-0.2,01,-9900,2,-7.3,01,-9900,2,-9900,-9900,-9900
1/1/2004,18:50,-7.0,01,-9900,2,-0.1,01,-9900,2,-7.4,01,-9900,2,-9900,-9900,-9900
1/1/2004,18:51,-7.0,01,-9900,2,0.0,01,-9900,2,-7.4,01,-9900,2,-9900,-9900,-9900
1/1/2004,18:52,-7.2,01,-9900,2,0.0,01,-9900,2,-7.5,01,-9900,2,-9900,-9900,-9900
1/1/2004,18:53,-7.2,01,-9900,2,0.0,01,-9900,2,-7.7,01,-9900,2,-9900,-9900,-9900
1/1/2004,18:54,-7.2,01,-9900,2,0.0,01,-9900,2,-7.7,01,-9900,2,-9900,-9900,-9900
1/1/2004,18:55,-7.2,01,-9900,2,0.1,01,-9900,2,-7.6,01,-9900,2,-9900,-9900,-9900
1/1/2004,18:56,-7.1,01,-9900,2,0.3,01,-9900,2,-7.6,01,-9900,2,-9900,-9900,-9900
1/1/2004,18:57,-7.1,01,-9900,2,0.4,01,-9900,2,-7.6,01,-9900,2,-9900,-9900,-9900
1/1/2004,18:58,-7.0,01,-9900,2,0.4,01,-9900,2,-7.6,01,-9900,2,-9900,-9900,-9900
1/1/2004,18:59,-6.9,01,-9900,2,0.2,01,-9900,2,-7.4,01,-9900,2,-9900,-9900,-9900
1/1/2004,19:00,-6.7,01,-9900,2,0.2,01,-9900,2,-7.1,01,-9900,2,-9900,-9900,-9900
1/1/2004,19:01,-6.5,01,-9900,2,0.5,01,-9900,2,-6.9,01,-9900,2,-9900,-9900,-9900
1/1/2004,19:02,-6.5,01,-9900,2,1.2,01,-9900,2,-6.6,01,-9900,2,-9900,-9900,-9900
1/1/2004,19:03,-6.3,01,-9900,2,1.9,01,-9900,2,-6.3,01,-9900,2,-9900,-9900,-9900
1/1/2004,19:04,-6.4,01,-9900,2,1.8,01,-9900,2,-6.2,01,-9900,2,-9900,-9900,-9900
1/1/2004,19:05,-6.6,01,-9900,2,1.5,01,-9900,2,-6.6,01,-9900,2,-9900,-9900,-9900
1/1/2004,19:06,-7.0,01,-9900,2,1.1,01,-9900,2,-7.1,01,-9900,2,-9900,-9900,-9900
1/1/2004,19:07,-6.9,01,-9900,2,1.1,01,-9900,2,-7.3,01,-9900,2,-9900,-9900,-9900
1/1/2004,19:08,-6.5,01,-9900,2,1.7,01,-9900,2,-6.8,01,-9900,2,-9900,-9900,-9900
1/1/2004,19:09,-5.7,01,-9900,2,2.0,01,-9900,2,-6.1,01,-9900,2,-9900,-9900,-9900
1/1/2004,19:10,-5.3,01,-9900,2,2.6,01,-9900,2,-5.6,01,-9900,2,-9900,-9900,-9900
1/1/2004,19:11,-4.9,01,-9900,2,4.1,01,-9900,2,-5.2,01,-9900,2,-9900,-9900,-9900
1/1/2004,19:12,-5.3,01,-9900,2,4.1,01,-9900,2,-5.3,01,-9900,2,-9900,-9900,-9900
1/1/2004,19:13,-5.3,01,-9900,2,3.4,01,-9900,2,-5.3,01,-9900,2,-9900,-9900,-9900
1/1/2004,19:14,-5.4,01,-9900,2,3.0,01,-9900,2,-5.3,01,-9900,2,-9900,-9900,-9900
1/1/2004,19:15,-5.4,01,-9900,2,2.7,01,-9900,2,-5.4,01,-9900,2,-9900,-9900,-9900
1/1/2004,19:16,-5.4,01,-9900,2,2.4,01,-9900,2,-5.4,01,-9900,2,-9900,-9900,-9900
1/1/2004,19:17,-5.4,01,-9900,2,2.0,01,-9900,2,-5.5,01,-9900,2,-9900,-9900,-9900
1/1/2004,19:18,-5.4,01,-9900,2,2.0,01,-9900,2,-5.5,01,-9900,2,-9900,-9900,-9900
1/1/2004,19:19,-5.4,01,-9900,2,2.0,01,-9900,2,-5.5,01,-9900,2,-9900,-9900,-9900
1/1/2004,19:20,-5.4,01,-9900,2,2.0,01,-9900,2,-5.5,01,-9900,2,-9900,-9900,-9900
1/1/2004,19:21,-5.4,01,-9900,2,2.0,01,-9900,2,-5.5,01,-9900,2,-9900,-9900,-9900
1/1/2004,19:22,-5.4,01,-9900,2,2.1,01,-9900,2,-5.5,01,-9900,2,-9900,-9900,-9900
1/1/2004,19:23,-5.3,01,-9900,2,2.7,01,-9900,2,-5.5,01,-9900,2,-9900,-9900,-9900
1/1/2004,19:24,-5.2,01,-9900,2,2.7,01,-9900,2,-5.5,01,-9900,2,-9900,-9900,-9900
1/1/2004,19:25,-5.4,01,-9900,2,2.6,01,-9900,2,-5.6,01,-9900,2,-9900,-9900,-9900
1/1/2004,19:26,-5.5,01,-9900,2,2.6,01,-9900,2,-5.7,01,-9900,2,-9900,-9900,-9900
1/1/2004,19:27,-5.6,01,-9900,2,2.6,01,-9900,2,-5.7,01,-9900,2,-9900,-9900,-9900
1/1/2004,19:28,-5.6,01,-9900,2,2.6,01,-9900,2,-5.7,01,-9900,2,-9900,-9900,-9900
1/1/2004,19:29,-5.6,01,-9900,2,2.6,01,-9900,2,-5.7,01,-9900,2,-9900,-9900,-9900
1/1/2004,19:30,-5.5,01,-9900,2,2.9,01,-9900,2,-5.6,01,-9900,2,-9900,-9900,-9900
1/1/2004,19:31,-5.4,01,-9900,2,3.1,01,-9900,2,-5.7,01,-9900,2,-9900,-9900,-9900
1/1/2004,19:32,-5.4,01,-9900,2,2.9,01,-9900,2,-5.8,01,-9900,2,-9900,-9900,-9900
1/1/2004,19:33,-5.5,01,-9900,2,2.4,01,-9900,2,-5.9,01,-9900,2,-9900,-9900,-9900
1/1/2004,19:34,-5.6,01,-9900,2,2.0,01,-9900,2,-6.0,01,-9900,2,-9900,-9900,-9900
1/1/2004,19:35,-5.6,01,-9900,2,1.7,01,-9900,2,-6.1,01,-9900,2,-9900,-9900,-9900
1/1/2004,19:36,-5.6,01,-9900,2,1.8,01,-9900,2,-6.0,01,-9900,2,-9900,-9900,-9900
1/1/2004,19:37,-5.6,01,-9900,2,1.9,01,-9900,2,-6.0,01,-9900,2,-9900,-9900,-9900
1/1/2004,19:38,-5.6,01,-9900,2,2.0,01,-9900,2,-6.0,01,-9900,2,-9900,-9900,-9900
1/1/2004,19:39,-5.6,01,-9900,2,2.0,01,-9900,2,-6.0,01,-9900,2,-9900,-9900,-9900
1/1/2004,19:40,-5.6,01,-9900,2,3.5,01,-9900,2,-6.0,01,-9900,2,-9900,-9900,-9900
1/1/2004,19:41,-5.6,01,-9900,2,4.7,01,-9900,2,-5.9,01,-9900,2,-9900,-9900,-9900
1/1/2004,19:42,-5.6,01,-9900,2,4.4,01,-9900,2,-5.7,01,-9900,2,-9900,-9900,-9900
1/1/2004,19:43,-5.6,01,-9900,2,4.2,01,-9900,2,-5.7,01,-9900,2,-9900,-9900,-9900
1/1/2004,19:44,-5.6,01,-9900,2,3.6,01,-9900,2,-5.6,01,-9900,2,-9900,-9900,-9900
1/1/2004,19:45,-5.6,01,-9900,2,3.2,01,-9900,2,-5.7,01,-9900,2,-9900,-9900,-9900
1/1/2004,19:46,-5.6,01,-9900,2,3.4,01,-9900,2,-5.8,01,-9900,2,-9900,-9900,-9900
1/1/2004,19:47,-5.6,01,-9900,2,4.5,01,-9900,2,-5.6,01,-9900,2,-9900,-9900,-9900
1/1/2004,19:48,-5.3,01,-9900,2,8.0,01,-9900,2,-5.4,01,-9900,2,-9900,-9900,-9900
1/1/2004,19:49,-5.1,01,-9900,2,9.3,01,-9900,2,-5.1,01,-9900,2,-9900,-9900,-9900
1/1/2004,19:50,-5.3,01,-9900,2,7.6,01,-9900,2,-5.2,01,-9900,2,-9900,-9900,-9900
1/1/2004,19:51,-5.6,01,-9900,2,5.8,01,-9900,2,-5.4,01,-9900,2,-9900,-9900,-9900
1/1/2004,19:52,-5.6,01,-9900,2,5.6,01,-9900,2,-5.5,01,-9900,2,-9900,-9900,-9900
1/1/2004,19:53,-5.6,01,-9900,2,7.2,01,-9900,2,-5.5,01,-9900,2,-9900,-9900,-9900
1/1/2004,19:54,-5.6,01,-9900,2,7.8,01,-9900,2,-5.5,01,-9900,2,-9900,-9900,-9900
1/1/2004,19:55,-5.6,01,-9900,2,7.5,01,-9900,2,-5.5,01,-9900,2,-9900,-9900,-9900
1/1/2004,19:56,-5.6,01,-9900,2,6.7,01,-9900,2,-5.6,01,-9900,2,-9900,-9900,-9900
1/1/2004,19:57,-5.6,01,-9900,2,4.6,01,-9900,2,-5.9,01,-9900,2,-9900,-9900,-9900
1/1/2004,19:58,-5.6,01,-9900,2,2.2,01,-9900,2,-6.2,01,-9900,2,-9900,-9900,-9900
1/1/2004,19:59,-6.0,01,-9900,2,1.0,01,-9900,2,-6.4,01,-9900,2,-9900,-9900,-9900
1/1/2004,20:00,-6.3,01,-9900,2,1.1,01,-9900,2,-6.4,01,-9900,2,-9900,-9900,-9900
1/1/2004,20:01,-6.4,01,-9900,2,2.1,01,-9900,2,-6.6,01,-9900,2,-9900,-9900,-9900
1/1/2004,20:02,-6.5,01,-9900,2,2.6,01,-9900,2,-6.6,01,-9900,2,-9900,-9900,-9900
1/1/2004,20:03,-6.5,01,-9900,2,1.7,01,-9900,2,-6.4,01,-9900,2,-9900,-9900,-9900
1/1/2004,20:04,-6.5,01,-9900,2,1.0,01,-9900,2,-6.4,01,-9900,2,-9900,-9900,-9900
1/1/2004,20:05,-6.5,01,-9900,2,0.9,01,-9900,2,-6.4,01,-9900,2,-9900,-9900,-9900
1/1/2004,20:06,-6.5,01,-9900,2,1.8,01,-9900,2,-6.5,01,-9900,2,-9900,-9900,-9900
1/1/2004,20:07,-6.5,01,-9900,2,2.2,01,-9900,2,-6.6,01,-9900,2,-9900,-9900,-9900
1/1/2004,20:08,-6.5,01,-9900,2,2.2,01,-9900,2,-6.6,01,-9900,2,-9900,-9900,-9900
1/1/2004,20:09,-6.5,01,-9900,2,2.0,01,-9900,2,-6.5,01,-9900,2,-9900,-9900,-9900
1/1/2004,20:10,-6.5,01,-9900,2,1.5,01,-9900,2,-6.6,01,-9900,2,-9900,-9900,-9900
1/1/2004,20:11,-6.5,01,-9900,2,0.9,01,-9900,2,-6.9,01,-9900,2,-9900,-9900,-9900
1/1/2004,20:12,-7.0,01,-9900,2,-0.9,01,-9900,2,-7.4,01,-9900,2,-9900,-9900,-9900
1/1/2004,20:13,-7.7,01,-9900,2,-2.1,01,-9900,2,-8.1,01,-9900,2,-9900,-9900,-9900
1/1/2004,20:14,-8.3,01,-9900,2,-3.4,01,-9900,2,-9.0,01,-9900,2,-9900,-9900,-9900
1/1/2004,20:15,-8.4,01,-9900,2,-2.2,01,-9900,2,-9.3,01,-9900,2,-9900,-9900,-9900
1/1/2004,20:16,-8.0,01,-9900,2,-1.3,01,-9900,2,-8.9,01,-9900,2,-9900,-9900,-9900
1/1/2004,20:17,-7.6,01,-9900,2,-1.3,01,-9900,2,-8.4,01,-9900,2,-9900,-9900,-9900
1/1/2004,20:18,-7.2,01,-9900,2,-1.3,01,-9900,2,-7.9,01,-9900,2,-9900,-9900,-9900
1/1/2004,20:19,-7.0,01,-9900,2,-1.3,01,-9900,2,-7.7,01,-9900,2,-9900,-9900,-9900
1/1/2004,20:20,-7.1,01,-9900,2,-1.2,01,-9900,2,-8.0,01,-9900,2,-9900,-9900,-9900
1/1/2004,20:21,-7.2,01,-9900,2,-1.1,01,-9900,2,-8.0,01,-9900,2,-9900,-9900,-9900
1/1/2004,20:22,-7.1,01,-9900,2,-1.0,01,-9900,2,-7.7,01,-9900,2,-9900,-9900,-9900
1/1/2004,20:23,-7.0,01,-9900,2,-1.1,01,-9900,2,-7.7,01,-9900,2,-9900,-9900,-9900
1/1/2004,20:24,-7.2,01,-9900,2,-0.8,01,-9900,2,-7.8,01,-9900,2,-9900,-9900,-9900
1/1/2004,20:25,-7.5,01,-9900,2,-0.7,01,-9900,2,-8.0,01,-9900,2,-9900,-9900,-9900
1/1/2004,20:26,-7.7,01,-9900,2,-0.9,01,-9900,2,-8.2,01,-9900,2,-9900,-9900,-9900
1/1/2004,20:27,-7.9,01,-9900,2,-1.2,01,-9900,2,-8.4,01,-9900,2,-9900,-9900,-9900
1/1/2004,20:28,-7.8,01,-9900,2,-1.1,01,-9900,2,-8.4,01,-9900,2,-9900,-9900,-9900
1/1/2004,20:29,-7.5,01,-9900,2,-0.7,01,-9900,2,-8.2,01,-9900,2,-9900,-9900,-9900
1/1/2004,20:30,-7.2,01,-9900,2,-0.7,01,-9900,2,-7.9,01,-9900,2,-9900,-9900,-9900
1/1/2004,20:31,-7.3,01,-9900,2,-0.7,01,-9900,2,-8.1,01,-9900,2,-9900,-9900,-9900
1/1/2004,20:32,-7.4,01,-9900,2,-0.3,01,-9900,2,-8.2,01,-9900,2,-9900,-9900,-9900
1/1/2004,20:33,-7.2,01,-9900,2,0.0,01,-9900,2,-8.0,01,-9900,2,-9900,-9900,-9900
1/1/2004,20:34,-7.1,01,-9900,2,0.0,01,-9900,2,-7.6,01,-9900,2,-9900,-9900,-9900
1/1/2004,20:35,-6.9,01,-9900,2,-0.2,01,-9900,2,-7.3,01,-9900,2,-9900,-9900,-9900
1/1/2004,20:36,-6.6,01,-9900,2,-0.3,01,-9900,2,-7.1,01,-9900,2,-9900,-9900,-9900
1/1/2004,20:37,-6.5,01,-9900,2,-0.4,01,-9900,2,-7.0,01,-9900,2,-9900,-9900,-9900
1/1/2004,20:38,-6.7,01,-9900,2,-0.4,01,-9900,2,-7.1,01,-9900,2,-9900,-9900,-9900
1/1/2004,20:39,-6.9,01,-9900,2,-0.2,01,-9900,2,-7.2,01,-9900,2,-9900,-9900,-9900
1/1/2004,20:40,-7.2,01,-9900,2,-0.2,01,-9900,2,-7.6,01,-9900,2,-9900,-9900,-9900
1/1/2004,20:41,-7.3,01,-9900,2,0.0,01,-9900,2,-7.7,01,-9900,2,-9900,-9900,-9900
1/1/2004,20:42,-7.2,01,-9900,2,0.0,01,-9900,2,-7.5,01,-9900,2,-9900,-9900,-9900
1/1/2004,20:43,-7.1,01,-9900,2,0.1,01,-9900,2,-7.4,01,-9900,2,-9900,-9900,-9900
1/1/2004,20:44,-7.0,01,-9900,2,0.1,01,-9900,2,-7.3,01,-9900,2,-9900,-9900,-9900
1/1/2004,20:45,-7.0,01,-9900,2,0.0,01,-9900,2,-7.1,01,-9900,2,-9900,-9900,-9900
1/1/2004,20:46,-7.0,01,-9900,2,0.0,01,-9900,2,-7.2,01,-9900,2,-9900,-9900,-9900
1/1/2004,20:47,-7.0,01,-9900,2,0.0,01,-9900,2,-7.3,01,-9900,2,-9900,-9900,-9900
1/1/2004,20:48,-6.7,01,-9900,2,0.0,01,-9900,2,-7.1,01,-9900,2,-9900,-9900,-9900
1/1/2004,20:49,-6.5,01,-9900,2,0.5,01,-9900,2,-7.0,01,-9900,2,-9900,-9900,-9900
1/1/2004,20:50,-6.5,01,-9900,2,0.7,01,-9900,2,-6.8,01,-9900,2,-9900,-9900,-9900
1/1/2004,20:51,-6.5,01,-9900,2,1.2,01,-9900,2,-6.6,01,-9900,2,-9900,-9900,-9900
1/1/2004,20:52,-6.5,01,-9900,2,1.8,01,-9900,2,-6.6,01,-9900,2,-9900,-9900,-9900
1/1/2004,20:53,-6.5,01,-9900,2,1.8,01,-9900,2,-6.7,01,-9900,2,-9900,-9900,-9900
1/1/2004,20:54,-6.5,01,-9900,2,1.6,01,-9900,2,-6.9,01,-9900,2,-9900,-9900,-9900
1/1/2004,20:55,-6.5,01,-9900,2,1.4,01,-9900,2,-6.9,01,-9900,2,-9900,-9900,-9900
1/1/2004,20:56,-6.8,01,-9900,2,1.2,01,-9900,2,-7.2,01,-9900,2,-9900,-9900,-9900
1/1/2004,20:57,-7.3,01,-9900,2,0.7,01,-9900,2,-7.7,01,-9900,2,-9900,-9900,-9900
1/1/2004,20:58,-7.8,01,-9900,2,0.1,01,-9900,2,-8.0,01,-9900,2,-9900,-9900,-9900
1/1/2004,20:59,-7.9,01,-9900,2,-0.2,01,-9900,2,-8.0,01,-9900,2,-9900,-9900,-9900
1/1/2004,21:00,-7.4,01,-9900,2,-0.1,01,-9900,2,-7.7,01,-9900,2,-9900,-9900,-9900
1/1/2004,21:01,-7.1,01,-9900,2,0.3,01,-9900,2,-7.6,01,-9900,2,-9900,-9900,-9900
1/1/2004,21:02,-7.1,01,-9900,2,1.6,01,-9900,2,-7.7,01,-9900,2,-9900,-9900,-9900
1/1/2004,21:03,-7.0,01,-9900,2,2.4,01,-9900,2,-7.5,01,-9900,2,-9900,-9900,-9900
1/1/2004,21:04,-7.0,01,-9900,2,2.0,01,-9900,2,-7.3,01,-9900,2,-9900,-9900,-9900
1/1/2004,21:05,-7.0,01,-9900,2,2.7,01,-9900,2,-7.1,01,-9900,2,-9900,-9900,-9900
1/1/2004,21:06,-7.0,01,-9900,2,3.6,01,-9900,2,-7.1,01,-9900,2,-9900,-9900,-9900
1/1/2004,21:07,-7.2,01,-9900,2,4.0,01,-9900,2,-7.0,01,-9900,2,-9900,-9900,-9900
1/1/2004,21:08,-7.2,01,-9900,2,5.7,01,-9900,2,-7.0,01,-9900,2,-9900,-9900,-9900
1/1/2004,21:09,-7.2,01,-9900,2,6.3,01,-9900,2,-7.1,01,-9900,2,-9900,-9900,-9900
1/1/2004,21:10,-7.3,01,-9900,2,6.0,01,-9900,2,-7.2,01,-9900,2,-9900,-9900,-9900
1/1/2004,21:11,-7.4,01,-9900,2,5.3,01,-9900,2,-7.3,01,-9900,2,-9900,-9900,-9900
1/1/2004,21:12,-7.5,01,-9900,2,4.5,01,-9900,2,-7.2,01,-9900,2,-9900,-9900,-9900
1/1/2004,21:13,-7.6,01,-9900,2,4.3,01,-9900,2,-7.2,01,-9900,2,-9900,-9900,-9900
1/1/2004,21:14,-7.7,01,-9900,2,4.3,01,-9900,2,-7.2,01,-9900,2,-9900,-9900,-9900
1/1/2004,21:15,-7.9,01,-9900,2,4.4,01,-9900,2,-7.3,01,-9900,2,-9900,-9900,-9900
1/1/2004,21:16,-7.9,01,-9900,2,4.3,01,-9900,2,-7.4,01,-9900,2,-9900,-9900,-9900
1/1/2004,21:17,-8.0,01,-9900,2,3.6,01,-9900,2,-7.5,01,-9900,2,-9900,-9900,-9900
1/1/2004,21:18,-8.4,01,-9900,2,3.4,01,-9900,2,-7.7,01,-9900,2,-9900,-9900,-9900
1/1/2004,21:19,-8.4,01,-9900,2,3.1,01,-9900,2,-7.7,01,-9900,2,-9900,-9900,-9900
1/1/2004,21:20,-8.4,01,-9900,2,2.6,01,-9900,2,-7.9,01,-9900,2,-9900,-9900,-9900
1/1/2004,21:21,-8.4,01,-9900,2,2.1,01,-9900,2,-7.9,01,-9900,2,-9900,-9900,-9900
1/1/2004,21:22,-8.4,01,-9900,2,1.9,01,-9900,2,-8.0,01,-9900,2,-9900,-9900,-9900
1/1/2004,21:23,-8.6,01,-9900,2,1.7,01,-9900,2,-8.2,01,-9900,2,-9900,-9900,-9900
1/1/2004,21:24,-8.8,01,-9900,2,1.3,01,-9900,2,-8.3,01,-9900,2,-9900,-9900,-9900
1/1/2004,21:25,-8.8,01,-9900,2,0.8,01,-9900,2,-8.2,01,-9900,2,-9900,-9900,-9900
1/1/2004,21:26,-8.8,01,-9900,2,0.7,01,-9900,2,-8.3,01,-9900,2,-9900,-9900,-9900
1/1/2004,21:27,-8.8,01,-9900,2,0.2,01,-9900,2,-8.4,01,-9900,2,-9900,-9900,-9900
1/1/2004,21:28,-8.8,01,-9900,2,0.0,01,-9900,2,-8.4,01,-9900,2,-9900,-9900,-9900
1/1/2004,21:29,-8.9,01,-9900,2,0.0,01,-9900,2,-8.5,01,-9900,2,-9900,-9900,-9900
1/1/2004,21:30,-9.0,01,-9900,2,0.0,01,-9900,2,-8.5,01,-9900,2,-9900,-9900,-9900
1/1/2004,21:31,-9.1,01,-9900,2,0.1,01,-9900,2,-8.6,01,-9900,2,-9900,-9900,-9900
1/1/2004,21:32,-9.1,01,-9900,2,0.7,01,-9900,2,-8.7,01,-9900,2,-9900,-9900,-9900
1/1/2004,21:33,-9.0,01,-9900,2,1.0,01,-9900,2,-8.7,01,-9900,2,-9900,-9900,-9900
1/1/2004,21:34,-8.8,01,-9900,2,0.7,01,-9900,2,-8.5,01,-9900,2,-9900,-9900,-9900
1/1/2004,21:35,-8.8,01,-9900,2,0.3,01,-9900,2,-8.3,01,-9900,2,-9900,-9900,-9900
1/1/2004,21:36,-8.8,01,-9900,2,0.1,01,-9900,2,-8.4,01,-9900,2,-9900,-9900,-9900
1/1/2004,21:37,-8.9,01,-9900,2,0.1,01,-9900,2,-8.5,01,-9900,2,-9900,-9900,-9900
1/1/2004,21:38,-8.9,01,-9900,2,0.0,01,-9900,2,-8.5,01,-9900,2,-9900,-9900,-9900
1/1/2004,21:39,-9.1,01,-9900,2,-0.2,01,-9900,2,-8.6,01,-9900,2,-9900,-9900,-9900
1/1/2004,21:40,-9.1,01,-9900,2,-0.4,01,-9900,2,-8.6,01,-9900,2,-9900,-9900,-9900
1/1/2004,21:41,-9.1,01,-9900,2,-0.6,01,-9900,2,-8.6,01,-9900,2,-9900,-9900,-9900
1/1/2004,21:42,-9.0,01,-9900,2,-0.7,01,-9900,2,-8.6,01,-9900,2,-9900,-9900,-9900
1/1/2004,21:43,-9.2,01,-9900,2,-0.1,01,-9900,2,-8.8,01,-9900,2,-9900,-9900,-9900
1/1/2004,21:44,-9.3,01,-9900,2,0.6,01,-9900,2,-9.0,01,-9900,2,-9900,-9900,-9900
1/1/2004,21:45,-9.3,01,-9900,2,0.6,01,-9900,2,-9.1,01,-9900,2,-9900,-9900,-9900
1/1/2004,21:46,-9.3,01,-9900,2,0.6,01,-9900,2,-9.2,01,-9900,2,-9900,-9900,-9900
1/1/2004,21:47,-9.5,01,-9900,2,0.1,01,-9900,2,-9.2,01,-9900,2,-9900,-9900,-9900
1/1/2004,21:48,-9.8,01,-9900,2,-0.1,01,-9900,2,-9.2,01,-9900,2,-9900,-9900,-9900
1/1/2004,21:49,-9.8,01,-9900,2,0.2,01,-9900,2,-9.3,01,-9900,2,-9900,-9900,-9900
1/1/2004,21:50,-9.8,01,-9900,2,0.5,01,-9900,2,-9.3,01,-9900,2,-9900,-9900,-9900
1/1/2004,21:51,-9.8,01,-9900,2,0.0,01,-9900,2,-9.2,01,-9900,2,-9900,-9900,-9900
1/1/2004,21:52,-9.6,01,-9900,2,0.2,01,-9900,2,-9.2,01,-9900,2,-9900,-9900,-9900
1/1/2004,21:53,-9.4,01,-9900,2,0.0,01,-9900,2,-9.2,01,-9900,2,-9900,-9900,-9900
1/1/2004,21:54,-9.3,01,-9900,2,0.2,01,-9900,2,-9.1,01,-9900,2,-9900,-9900,-9900
1/1/2004,21:55,-9.3,01,-9900,2,0.2,01,-9900,2,-9.0,01,-9900,2,-9900,-9900,-9900
1/1/2004,21:56,-9.3,01,-9900,2,0.2,01,-9900,2,-8.9,01,-9900,2,-9900,-9900,-9900
1/1/2004,21:57,-9.3,01,-9900,2,0.1,01,-9900,2,-8.8,01,-9900,2,-9900,-9900,-9900
1/1/2004,21:58,-9.3,01,-9900,2,0.6,01,-9900,2,-8.9,01,-9900,2,-9900,-9900,-9900
1/1/2004,21:59,-9.2,01,-9900,2,0.7,01,-9900,2,-8.9,01,-9900,2,-9900,-9900,-9900
1/1/2004,22:00,-8.9,01,-9900,2,0.2,01,-9900,2,-8.6,01,-9900,2,-9900,-9900,-9900
1/1/2004,22:01,-8.7,01,-9900,2,-0.1,01,-9900,2,-8.2,01,-9900,2,-9900,-9900,-9900
1/1/2004,22:02,-8.6,01,-9900,2,0.4,01,-9900,2,-8.1,01,-9900,2,-9900,-9900,-9900
1/1/2004,22:03,-8.7,01,-9900,2,0.4,01,-9900,2,-8.1,01,-9900,2,-9900,-9900,-9900
1/1/2004,22:04,-8.6,01,-9900,2,0.1,01,-9900,2,-7.8,01,-9900,2,-9900,-9900,-9900
1/1/2004,22:05,-8.4,01,-9900,2,0.0,01,-9900,2,-7.7,01,-9900,2,-9900,-9900,-9900
1/1/2004,22:06,-8.0,01,-9900,2,-0.3,01,-9900,2,-7.8,01,-9900,2,-9900,-9900,-9900
1/1/2004,22:07,-7.9,01,-9900,2,-0.7,01,-9900,2,-7.9,01,-9900,2,-9900,-9900,-9900
1/1/2004,22:08,-7.7,01,-9900,2,-0.5,01,-9900,2,-7.8,01,-9900,2,-9900,-9900,-9900
1/1/2004,22:09,-7.7,01,-9900,2,0.2,01,-9900,2,-7.9,01,-9900,2,-9900,-9900,-9900
1/1/2004,22:10,-7.9,01,-9900,2,0.7,01,-9900,2,-8.0,01,-9900,2,-9900,-9900,-9900
1/1/2004,22:11,-7.9,01,-9900,2,0.5,01,-9900,2,-7.9,01,-9900,2,-9900,-9900,-9900
1/1/2004,22:12,-7.9,01,-9900,2,0.1,01,-9900,2,-7.8,01,-9900,2,-9900,-9900,-9900
1/1/2004,22:13,-7.9,01,-9900,2,0.6,01,-9900,2,-7.8,01,-9900,2,-9900,-9900,-9900
1/1/2004,22:14,-7.7,01,-9900,2,0.8,01,-9900,2,-7.7,01,-9900,2,-9900,-9900,-9900
1/1/2004,22:15,-7.9,01,-9900,2,0.6,01,-9900,2,-7.7,01,-9900,2,-9900,-9900,-9900
1/1/2004,22:16,-7.9,01,-9900,2,0.5,01,-9900,2,-7.7,01,-9900,2,-9900,-9900,-9900
1/1/2004,22:17,-8.1,01,-9900,2,0.9,01,-9900,2,-7.7,01,-9900,2,-9900,-9900,-9900
1/1/2004,22:18,-8.5,01,-9900,2,1.3,01,-9900,2,-7.9,01,-9900,2,-9900,-9900,-9900
1/1/2004,22:19,-8.7,01,-9900,2,1.5,01,-9900,2,-8.1,01,-9900,2,-9900,-9900,-9900
1/1/2004,22:20,-8.8,01,-9900,2,2.0,01,-9900,2,-8.4,01,-9900,2,-9900,-9900,-9900
1/1/2004,22:21,-8.8,01,-9900,2,1.6,01,-9900,2,-8.7,01,-9900,2,-9900,-9900,-9900
1/1/2004,22:22,-8.9,01,-9900,2,1.6,01,-9900,2,-8.8,01,-9900,2,-9900,-9900,-9900
1/1/2004,22:23,-9.1,01,-9900,2,1.3,01,-9900,2,-9.0,01,-9900,2,-9900,-9900,-9900
1/1/2004,22:24,-9.1,01,-9900,2,1.1,01,-9900,2,-9.2,01,-9900,2,-9900,-9900,-9900
1/1/2004,22:25,-8.9,01,-9900,2,0.7,01,-9900,2,-9.1,01,-9900,2,-9900,-9900,-9900
1/1/2004,22:26,-8.9,01,-9900,2,0.7,01,-9900,2,-9.1,01,-9900,2,-9900,-9900,-9900
1/1/2004,22:27,-9.3,01,-9900,2,0.7,01,-9900,2,-9.2,01,-9900,2,-9900,-9900,-9900
1/1/2004,22:28,-9.3,01,-9900,2,0.7,01,-9900,2,-9.3,01,-9900,2,-9900,-9900,-9900
1/1/2004,22:29,-9.3,01,-9900,2,0.9,01,-9900,2,-9.3,01,-9900,2,-9900,-9900,-9900
1/1/2004,22:30,-9.3,01,-9900,2,0.8,01,-9900,2,-9.4,01,-9900,2,-9900,-9900,-9900
1/1/2004,22:31,-9.3,01,-9900,2,0.7,01,-9900,2,-9.4,01,-9900,2,-9900,-9900,-9900
1/1/2004,22:32,-9.3,01,-9900,2,0.4,01,-9900,2,-9.2,01,-9900,2,-9900,-9900,-9900
1/1/2004,22:33,-9.3,01,-9900,2,0.0,01,-9900,2,-9.1,01,-9900,2,-9900,-9900,-9900
1/1/2004,22:34,-9.3,01,-9900,2,-0.1,01,-9900,2,-8.9,01,-9900,2,-9900,-9900,-9900
1/1/2004,22:35,-9.1,01,-9900,2,-0.6,01,-9900,2,-9.0,01,-9900,2,-9900,-9900,-9900
1/1/2004,22:36,-9.3,01,-9900,2,-0.6,01,-9900,2,-9.0,01,-9900,2,-9900,-9900,-9900
1/1/2004,22:37,-9.3,01,-9900,2,-0.0,01,-9900,2,-9.2,01,-9900,2,-9900,-9900,-9900
1/1/2004,22:38,-9.6,01,-9900,2,0.3,01,-9900,2,-9.3,01,-9900,2,-9900,-9900,-9900
1/1/2004,22:39,-9.8,01,-9900,2,0.2,01,-9900,2,-9.5,01,-9900,2,-9900,-9900,-9900
1/1/2004,22:40,-9.7,01,-9900,2,0.0,01,-9900,2,-9.4,01,-9900,2,-9900,-9900,-9900
1/1/2004,22:41,-9.4,01,-9900,2,-0.2,01,-9900,2,-9.2,01,-9900,2,-9900,-9900,-9900
1/1/2004,22:42,-9.3,01,-9900,2,-0.6,01,-9900,2,-8.9,01,-9900,2,-9900,-9900,-9900
1/1/2004,22:43,-9.3,01,-9900,2,-0.2,01,-9900,2,-9.1,01,-9900,2,-9900,-9900,-9900
1/1/2004,22:44,-9.3,01,-9900,2,0.6,01,-9900,2,-9.2,01,-9900,2,-9900,-9900,-9900
1/1/2004,22:45,-9.3,01,-9900,2,0.7,01,-9900,2,-9.3,01,-9900,2,-9900,-9900,-9900
1/1/2004,22:46,-9.3,01,-9900,2,0.7,01,-9900,2,-9.2,01,-9900,2,-9900,-9900,-9900
1/1/2004,22:47,-9.3,01,-9900,2,0.5,01,-9900,2,-9.2,01,-9900,2,-9900,-9900,-9900
1/1/2004,22:48,-9.3,01,-9900,2,1.4,01,-9900,2,-9.4,01,-9900,2,-9900,-9900,-9900
1/1/2004,22:49,-9.3,01,-9900,2,2.2,01,-9900,2,-9.4,01,-9900,2,-9900,-9900,-9900
1/1/2004,22:50,-9.3,01,-9900,2,2.1,01,-9900,2,-9.3,01,-9900,2,-9900,-9900,-9900
1/1/2004,22:51,-9.3,01,-9900,2,1.7,01,-9900,2,-9.3,01,-9900,2,-9900,-9900,-9900
1/1/2004,22:52,-9.4,01,-9900,2,1.3,01,-9900,2,-9.5,01,-9900,2,-9900,-9900,-9900
1/1/2004,22:53,-9.8,01,-9900,2,1.0,01,-9900,2,-9.6,01,-9900,2,-9900,-9900,-9900
1/1/2004,22:54,-9.8,01,-9900,2,0.7,01,-9900,2,-9.6,01,-9900,2,-9900,-9900,-9900
1/1/2004,22:55,-10.1,07,-9900,2,0.2,01,-9900,2,-9.6,01,-9900,2,-9900,-9900,-9900
1/1/2004,22:56,-10.0,07,-9900,2,0.4,01,-9900,2,-9.5,01,-9900,2,-9900,-9900,-9900
1/1/2004,22:57,-10.2,07,-9900,2,0.4,01,-9900,2,-9.7,01,-9900,2,-9900,-9900,-9900
1/1/2004,22:58,-10.2,07,-9900,2,0.2,01,-9900,2,-9.8,01,-9900,2,-9900,-9900,-9900
1/1/2004,22:59,-10.1,07,-9900,2,0.9,01,-9900,2,-9.7,01,-9900,2,-9900,-9900,-9900
1/1/2004,23:00,-9.8,01,-9900,2,1.0,01,-9900,2,-9.5,01,-9900,2,-9900,-9900,-9900
1/1/2004,23:01,-9.7,01,-9900,2,1.1,01,-9900,2,-9.5,01,-9900,2,-9900,-9900,-9900
1/1/2004,23:02,-9.9,01,-9900,2,0.8,01,-9900,2,-9.6,01,-9900,2,-9900,-9900,-9900
1/1/2004,23:03,-10.1,07,-9900,2,0.6,01,-9900,2,-9.6,01,-9900,2,-9900,-9900,-9900
1/1/2004,23:04,-10.2,07,-9900,2,-0.2,01,-9900,2,-9.7,01,-9900,2,-9900,-9900,-9900
1/1/2004,23:05,-10.2,07,-9900,2,-0.7,01,-9900,2,-9.7,01,-9900,2,-9900,-9900,-9900
1/1/2004,23:06,-10.2,07,-9900,2,-0.6,01,-9900,2,-9.6,01,-9900,2,-9900,-9900,-9900
1/1/2004,23:07,-10.2,07,-9900,2,-0.5,01,-9900,2,-9.7,01,-9900,2,-9900,-9900,-9900
1/1/2004,23:08,-10.4,07,-9900,2,-0.7,01,-9900,2,-9.9,01,-9900,2,-9900,-9900,-9900
1/1/2004,23:09,-10.3,07,-9900,2,-0.7,01,-9900,2,-9.8,01,-9900,2,-9900,-9900,-9900
1/1/2004,23:10,-10.2,07,-9900,2,-1.0,01,-9900,2,-9.6,01,-9900,2,-9900,-9900,-9900
1/1/2004,23:11,-10.2,07,-9900,2,-0.7,01,-9900,2,-9.6,01,-9900,2,-9900,-9900,-9900
1/1/2004,23:12,-9.9,01,-9900,2,-0.0,01,-9900,2,-9.4,01,-9900,2,-9900,-9900,-9900
1/1/2004,23:13,-9.8,01,-9900,2,-0.5,01,-9900,2,-9.3,01,-9900,2,-9900,-9900,-9900
1/1/2004,23:14,-9.8,01,-9900,2,-0.7,01,-9900,2,-9.2,01,-9900,2,-9900,-9900,-9900
1/1/2004,23:15,-9.6,01,-9900,2,-0.9,01,-9900,2,-8.9,01,-9900,2,-9900,-9900,-9900
1/1/2004,23:16,-9.4,01,-9900,2,-0.7,01,-9900,2,-8.8,01,-9900,2,-9900,-9900,-9900
1/1/2004,23:17,-9.6,01,-9900,2,-0.4,01,-9900,2,-9.0,01,-9900,2,-9900,-9900,-9900
1/1/2004,23:18,-9.8,01,-9900,2,0.0,01,-9900,2,-9.2,01,-9900,2,-9900,-9900,-9900
1/1/2004,23:19,-9.8,01,-9900,2,-0.1,01,-9900,2,-9.2,01,-9900,2,-9900,-9900,-9900
1/1/2004,23:20,-9.8,01,-9900,2,-0.4,01,-9900,2,-9.2,01,-9900,2,-9900,-9900,-9900
1/1/2004,23:21,-9.8,01,-9900,2,-0.6,01,-9900,2,-9.1,01,-9900,2,-9900,-9900,-9900
1/1/2004,23:22,-9.8,01,-9900,2,-0.6,01,-9900,2,-9.2,01,-9900,2,-9900,-9900,-9900
1/1/2004,23:23,-10.2,07,-9900,2,-0.3,01,-9900,2,-9.2,01,-9900,2,-9900,-9900,-9900
1/1/2004,23:24,-10.2,07,-9900,2,-0.7,01,-9900,2,-9.2,01,-9900,2,-9900,-9900,-9900
1/1/2004,23:25,-10.2,07,-9900,2,-0.6,01,-9900,2,-9.2,01,-9900,2,-9900,-9900,-9900
1/1/2004,23:26,-10.1,07,-9900,2,-0.3,01,-9900,2,-9.1,01,-9900,2,-9900,-9900,-9900
1/1/2004,23:27,-9.6,01,-9900,2,-0.1,01,-9900,2,-9.1,01,-9900,2,-9900,-9900,-9900
1/1/2004,23:28,-9.4,01,-9900,2,-0.1,01,-9900,2,-8.9,01,-9900,2,-9900,-9900,-9900
1/1/2004,23:29,-9.4,01,-9900,2,-0.1,01,-9900,2,-8.9,01,-9900,2,-9900,-9900,-9900
1/1/2004,23:30,-9.3,01,-9900,2,-0.1,01,-9900,2,-8.9,01,-9900,2,-9900,-9900,-9900
1/1/2004,23:31,-9.3,01,-9900,2,-0.6,01,-9900,2,-8.8,01,-9900,2,-9900,-9900,-9900
1/1/2004,23:32,-9.3,01,-9900,2,-0.7,01,-9900,2,-8.8,01,-9900,2,-9900,-9900,-9900
1/1/2004,23:33,-9.3,01,-9900,2,-0.3,01,-9900,2,-8.8,01,-9900,2,-9900,-9900,-9900
1/1/2004,23:34,-9.3,01,-9900,2,-0.2,01,-9900,2,-8.8,01,-9900,2,-9900,-9900,-9900
1/1/2004,23:35,-9.2,01,-9900,2,-0.4,01,-9900,2,-8.6,01,-9900,2,-9900,-9900,-9900
1/1/2004,23:36,-9.0,01,-9900,2,-0.7,01,-9900,2,-8.5,01,-9900,2,-9900,-9900,-9900
1/1/2004,23:37,-8.8,01,-9900,2,-0.6,01,-9900,2,-8.5,01,-9900,2,-9900,-9900,-9900
1/1/2004,23:38,-8.9,01,-9900,2,-0.6,01,-9900,2,-8.5,01,-9900,2,-9900,-9900,-9900
1/1/2004,23:39,-9.1,01,-9900,2,-0.1,01,-9900,2,-8.6,01,-9900,2,-9900,-9900,-9900
1/1/2004,23:40,-9.0,01,-9900,2,0.4,01,-9900,2,-8.6,01,-9900,2,-9900,-9900,-9900
1/1/2004,23:41,-8.7,01,-9900,2,0.1,01,-9900,2,-8.4,01,-9900,2,-9900,-9900,-9900
1/1/2004,23:42,-8.4,01,-9900,2,-0.3,01,-9900,2,-8.3,01,-9900,2,-9900,-9900,-9900
1/1/2004,23:43,-8.0,01,-9900,2,-0.7,01,-9900,2,-8.1,01,-9900,2,-9900,-9900,-9900
1/1/2004,23:44,-7.8,01,-9900,2,-1.0,01,-9900,2,-8.1,01,-9900,2,-9900,-9900,-9900
1/1/2004,23:45,-7.9,01,-9900,2,-1.4,01,-9900,2,-8.1,01,-9900,2,-9900,-9900,-9900
1/1/2004,23:46,-8.0,01,-9900,2,-1.7,01,-9900,2,-8.3,01,-9900,2,-9900,-9900,-9900
1/1/2004,23:47,-7.9,01,-9900,2,-1.9,01,-9900,2,-8.3,01,-9900,2,-9900,-9900,-9900
1/1/2004,23:48,-7.9,01,-9900,2,-2.0,01,-9900,2,-8.3,01,-9900,2,-9900,-9900,-9900
1/1/2004,23:49,-7.9,01,-9900,2,-2.0,01,-9900,2,-8.4,01,-9900,2,-9900,-9900,-9900
1/1/2004,23:50,-8.4,01,-9900,2,-2.2,01,-9900,2,-8.7,01,-9900,2,-9900,-9900,-9900
1/1/2004,23:51,-8.4,01,-9900,2,-2.1,01,-9900,2,-8.9,01,-9900,2,-9900,-9900,-9900
1/1/2004,23:52,-8.4,01,-9900,2,-1.5,01,-9900,2,-8.8,01,-9900,2,-9900,-9900,-9900
1/1/2004,23:53,-8.0,01,-9900,2,-1.1,01,-9900,2,-8.5,01,-9900,2,-9900,-9900,-9900
1/1/2004,23:54,-8.1,01,-9900,2,-1.3,01,-9900,2,-8.5,01,-9900,2,-9900,-9900,-9900
1/1/2004,23:55,-8.3,01,-9900,2,-1.5,01,-9900,2,-8.4,01,-9900,2,-9900,-9900,-9900
1/1/2004,23:56,-8.2,01,-9900,2,-1.5,01,-9900,2,-8.4,01,-9900,2,-9900,-9900,-9900
1/1/2004,23:57,-8.3,01,-9900,2,-1.6,01,-9900,2,-8.3,01,-9900,2,-9900,-9900,-9900
1/1/2004,23:58,-8.3,01,-9900,2,-1.5,01,-9900,2,-8.1,01,-9900,2,-9900,-9900,-9900
1/1/2004,23:59,-8.0,01,-9900,2,-1.4,01,-9900,2,-8.1,01,-9900,2,-9900,-9900,-9900
1/2/2004,0:00,-7.9,01,-9900,2,-0.9,01,-9900,2,-7.9,01,-9900,2,-9900,-9900,-9900
1/2/2004,0:01,-7.9,01,-9900,2,-0.3,01,-9900,2,-7.9,01,-9900,2,-9900,-9900,-9900
1/2/2004,0:02,-8.0,01,-9900,2,0.1,01,-9900,2,-8.1,01,-9900,2,-9900,-9900,-9900
1/2/2004,0:03,-8.4,01,-9900,2,0.3,01,-9900,2,-8.1,01,-9900,2,-9900,-9900,-9900
1/2/2004,0:04,-8.4,01,-9900,2,0.3,01,-9900,2,-8.1,01,-9900,2,-9900,-9900,-9900
1/2/2004,0:05,-8.4,01,-9900,2,0.0,01,-9900,2,-8.0,01,-9900,2,-9900,-9900,-9900
1/2/2004,0:06,-8.4,01,-9900,2,-0.0,01,-9900,2,-8.0,01,-9900,2,-9900,-9900,-9900
1/2/2004,0:07,-8.4,01,-9900,2,-0.2,01,-9900,2,-8.1,01,-9900,2,-9900,-9900,-9900
1/2/2004,0:08,-8.4,01,-9900,2,0.0,01,-9900,2,-8.1,01,-9900,2,-9900,-9900,-9900
1/2/2004,0:09,-8.1,01,-9900,2,0.5,01,-9900,2,-7.9,01,-9900,2,-9900,-9900,-9900
1/2/2004,0:10,-7.9,01,-9900,2,0.7,01,-9900,2,-7.7,01,-9900,2,-9900,-9900,-9900
1/2/2004,0:11,-7.7,01,-9900,2,0.6,01,-9900,2,-7.6,01,-9900,2,-9900,-9900,-9900
1/2/2004,0:12,-7.9,01,-9900,2,0.7,01,-9900,2,-7.6,01,-9900,2,-9900,-9900,-9900
1/2/2004,0:13,-7.9,01,-9900,2,0.7,01,-9900,2,-7.7,01,-9900,2,-9900,-9900,-9900
1/2/2004,0:14,-7.9,01,-9900,2,0.7,01,-9900,2,-7.7,01,-9900,2,-9900,-9900,-9900
1/2/2004,0:15,-8.0,01,-9900,2,0.7,01,-9900,2,-7.7,01,-9900,2,-9900,-9900,-9900
1/2/2004,0:16,-7.9,01,-9900,2,0.7,01,-9900,2,-7.8,01,-9900,2,-9900,-9900,-9900
1/2/2004,0:17,-8.2,01,-9900,2,1.2,01,-9900,2,-7.9,01,-9900,2,-9900,-9900,-9900
1/2/2004,0:18,-8.4,01,-9900,2,1.3,01,-9900,2,-7.9,01,-9900,2,-9900,-9900,-9900
1/2/2004,0:19,-8.4,01,-9900,2,1.1,01,-9900,2,-7.9,01,-9900,2,-9900,-9900,-9900
1/2/2004,0:20,-8.4,01,-9900,2,1.0,01,-9900,2,-7.9,01,-9900,2,-9900,-9900,-9900
1/2/2004,0:21,-8.4,01,-9900,2,0.7,01,-9900,2,-7.9,01,-9900,2,-9900,-9900,-9900
1/2/2004,0:22,-8.4,01,-9900,2,1.0,01,-9900,2,-7.9,01,-9900,2,-9900,-9900,-9900
1/2/2004,0:23,-8.4,01,-9900,2,1.3,01,-9900,2,-7.9,01,-9900,2,-9900,-9900,-9900
1/2/2004,0:24,-8.4,01,-9900,2,1.3,01,-9900,2,-7.8,01,-9900,2,-9900,-9900,-9900
1/2/2004,0:25,-8.3,01,-9900,2,1.3,01,-9900,2,-7.8,01,-9900,2,-9900,-9900,-9900
1/2/2004,0:26,-8.3,01,-9900,2,1.3,01,-9900,2,-7.8,01,-9900,2,-9900,-9900,-9900
1/2/2004,0:27,-8.4,01,-9900,2,1.2,01,-9900,2,-7.8,01,-9900,2,-9900,-9900,-9900
1/2/2004,0:28,-8.4,01,-9900,2,1.0,01,-9900,2,-7.8,01,-9900,2,-9900,-9900,-9900
1/2/2004,0:29,-8.4,01,-9900,2,0.7,01,-9900,2,-7.8,01,-9900,2,-9900,-9900,-9900
1/2/2004,0:30,-8.4,01,-9900,2,0.7,01,-9900,2,-7.9,01,-9900,2,-9900,-9900,-9900
1/2/2004,0:31,-8.4,01,-9900,2,0.7,01,-9900,2,-7.9,01,-9900,2,-9900,-9900,-9900
1/2/2004,0:32,-8.4,01,-9900,2,0.7,01,-9900,2,-7.9,01,-9900,2,-9900,-9900,-9900
1/2/2004,0:33,-8.4,01,-9900,2,0.7,01,-9900,2,-7.9,01,-9900,2,-9900,-9900,-9900
1/2/2004,0:34,-8.4,01,-9900,2,0.6,01,-9900,2,-7.9,01,-9900,2,-9900,-9900,-9900
1/2/2004,0:35,-8.4,01,-9900,2,0.7,01,-9900,2,-7.9,01,-9900,2,-9900,-9900,-9900
1/2/2004,0:36,-8.4,01,-9900,2,0.5,01,-9900,2,-7.9,01,-9900,2,-9900,-9900,-9900
1/2/2004,0:37,-8.4,01,-9900,2,0.3,01,-9900,2,-7.8,01,-9900,2,-9900,-9900,-9900
1/2/2004,0:38,-8.4,01,-9900,2,0.4,01,-9900,2,-7.9,01,-9900,2,-9900,-9900,-9900
1/2/2004,0:39,-8.6,01,-9900,2,0.4,01,-9900,2,-8.1,01,-9900,2,-9900,-9900,-9900
1/2/2004,0:40,-8.6,01,-9900,2,0.6,01,-9900,2,-8.1,01,-9900,2,-9900,-9900,-9900
1/2/2004,0:41,-8.6,01,-9900,2,0.7,01,-9900,2,-8.1,01,-9900,2,-9900,-9900,-9900
1/2/2004,0:42,-8.6,01,-9900,2,0.9,01,-9900,2,-8.1,01,-9900,2,-9900,-9900,-9900
1/2/2004,0:43,-8.6,01,-9900,2,1.0,01,-9900,2,-8.1,01,-9900,2,-9900,-9900,-9900
1/2/2004,0:44,-8.6,01,-9900,2,0.7,01,-9900,2,-8.0,01,-9900,2,-9900,-9900,-9900
1/2/2004,0:45,-8.5,01,-9900,2,0.8,01,-9900,2,-8.0,01,-9900,2,-9900,-9900,-9900
1/2/2004,0:46,-8.5,01,-9900,2,1.1,01,-9900,2,-8.0,01,-9900,2,-9900,-9900,-9900
1/2/2004,0:47,-8.4,01,-9900,2,0.8,01,-9900,2,-7.9,01,-9900,2,-9900,-9900,-9900
1/2/2004,0:48,-8.4,01,-9900,2,1.1,01,-9900,2,-8.0,01,-9900,2,-9900,-9900,-9900
1/2/2004,0:49,-8.4,01,-9900,2,0.8,01,-9900,2,-8.0,01,-9900,2,-9900,-9900,-9900
1/2/2004,0:50,-8.4,01,-9900,2,0.7,01,-9900,2,-7.8,01,-9900,2,-9900,-9900,-9900
1/2/2004,0:51,-8.4,01,-9900,2,0.7,01,-9900,2,-7.7,01,-9900,2,-9900,-9900,-9900
1/2/2004,0:52,-8.4,01,-9900,2,0.7,01,-9900,2,-7.8,01,-9900,2,-9900,-9900,-9900
1/2/2004,0:53,-8.2,01,-9900,2,0.7,01,-9900,2,-7.9,01,-9900,2,-9900,-9900,-9900
1/2/2004,0:54,-8.2,01,-9900,2,0.7,01,-9900,2,-7.9,01,-9900,2,-9900,-9900,-9900
1/2/2004,0:55,-8.4,01,-9900,2,0.7,01,-9900,2,-7.7,01,-9900,2,-9900,-9900,-9900
1/2/2004,0:56,-8.4,01,-9900,2,0.7,01,-9900,2,-7.6,01,-9900,2,-9900,-9900,-9900
1/2/2004,0:57,-8.3,01,-9900,2,0.6,01,-9900,2,-7.7,01,-9900,2,-9900,-9900,-9900
1/2/2004,0:58,-8.4,01,-9900,2,0.3,01,-9900,2,-7.6,01,-9900,2,-9900,-9900,-9900
1/2/2004,0:59,-8.4,01,-9900,2,0.0,01,-9900,2,-7.6,01,-9900,2,-9900,-9900,-9900
1/2/2004,1:00,-8.4,01,-9900,2,0.1,01,-9900,2,-7.7,01,-9900,2,-9900,-9900,-9900
1/2/2004,1:01,-8.4,01,-9900,2,0.2,01,-9900,2,-7.7,01,-9900,2,-9900,-9900,-9900
1/2/2004,1:02,-8.4,01,-9900,2,0.5,01,-9900,2,-7.8,01,-9900,2,-9900,-9900,-9900
1/2/2004,1:03,-8.4,01,-9900,2,0.6,01,-9900,2,-7.9,01,-9900,2,-9900,-9900,-9900
1/2/2004,1:04,-8.4,01,-9900,2,0.7,01,-9900,2,-8.1,01,-9900,2,-9900,-9900,-9900
1/2/2004,1:05,-8.4,01,-9900,2,0.5,01,-9900,2,-8.0,01,-9900,2,-9900,-9900,-9900
1/2/2004,1:06,-8.5,01,-9900,2,0.6,01,-9900,2,-7.9,01,-9900,2,-9900,-9900,-9900
1/2/2004,1:07,-8.5,01,-9900,2,0.7,01,-9900,2,-8.0,01,-9900,2,-9900,-9900,-9900
1/2/2004,1:08,-8.5,01,-9900,2,0.4,01,-9900,2,-7.9,01,-9900,2,-9900,-9900,-9900
1/2/2004,1:09,-8.5,01,-9900,2,0.5,01,-9900,2,-8.0,01,-9900,2,-9900,-9900,-9900
1/2/2004,1:10,-8.4,01,-9900,2,0.5,01,-9900,2,-8.1,01,-9900,2,-9900,-9900,-9900
1/2/2004,1:11,-8.4,01,-9900,2,0.7,01,-9900,2,-8.1,01,-9900,2,-9900,-9900,-9900
1/2/2004,1:12,-8.4,01,-9900,2,0.7,01,-9900,2,-8.1,01,-9900,2,-9900,-9900,-9900
1/2/2004,1:13,-8.4,01,-9900,2,0.7,01,-9900,2,-8.1,01,-9900,2,-9900,-9900,-9900
1/2/2004,1:14,-8.4,01,-9900,2,0.7,01,-9900,2,-8.0,01,-9900,2,-9900,-9900,-9900
1/2/2004,1:15,-8.6,01,-9900,2,1.0,01,-9900,2,-8.0,01,-9900,2,-9900,-9900,-9900
1/2/2004,1:16,-8.5,01,-9900,2,1.1,01,-9900,2,-7.9,01,-9900,2,-9900,-9900,-9900
1/2/2004,1:17,-8.4,01,-9900,2,1.4,01,-9900,2,-7.8,01,-9900,2,-9900,-9900,-9900
1/2/2004,1:18,-8.2,01,-9900,2,2.0,01,-9900,2,-7.6,01,-9900,2,-9900,-9900,-9900
1/2/2004,1:19,-7.9,01,-9900,2,1.8,01,-9900,2,-7.4,01,-9900,2,-9900,-9900,-9900
1/2/2004,1:20,-7.9,01,-9900,2,1.4,01,-9900,2,-7.3,01,-9900,2,-9900,-9900,-9900
1/2/2004,1:21,-8.2,01,-9900,2,1.1,01,-9900,2,-7.4,01,-9900,2,-9900,-9900,-9900
1/2/2004,1:22,-8.4,01,-9900,2,0.8,01,-9900,2,-7.4,01,-9900,2,-9900,-9900,-9900
1/2/2004,1:23,-8.2,01,-9900,2,0.8,01,-9900,2,-7.5,01,-9900,2,-9900,-9900,-9900
1/2/2004,1:24,-8.0,01,-9900,2,1.1,01,-9900,2,-7.5,01,-9900,2,-9900,-9900,-9900
1/2/2004,1:25,-8.4,01,-9900,2,0.6,01,-9900,2,-7.6,01,-9900,2,-9900,-9900,-9900
1/2/2004,1:26,-8.4,01,-9900,2,0.0,01,-9900,2,-7.6,01,-9900,2,-9900,-9900,-9900
1/2/2004,1:27,-8.4,01,-9900,2,0.5,01,-9900,2,-7.6,01,-9900,2,-9900,-9900,-9900
1/2/2004,1:28,-8.3,01,-9900,2,1.4,01,-9900,2,-7.5,01,-9900,2,-9900,-9900,-9900
1/2/2004,1:29,-8.4,01,-9900,2,1.2,01,-9900,2,-7.6,01,-9900,2,-9900,-9900,-9900
1/2/2004,1:30,-8.4,01,-9900,2,0.8,01,-9900,2,-7.6,01,-9900,2,-9900,-9900,-9900
1/2/2004,1:31,-8.3,01,-9900,2,1.4,01,-9900,2,-7.6,01,-9900,2,-9900,-9900,-9900
1/2/2004,1:32,-8.2,01,-9900,2,1.6,01,-9900,2,-7.6,01,-9900,2,-9900,-9900,-9900
1/2/2004,1:33,-8.3,01,-9900,2,1.3,01,-9900,2,-7.6,01,-9900,2,-9900,-9900,-9900
1/2/2004,1:34,-8.4,01,-9900,2,1.3,01,-9900,2,-7.7,01,-9900,2,-9900,-9900,-9900
1/2/2004,1:35,-8.4,01,-9900,2,1.0,01,-9900,2,-7.7,01,-9900,2,-9900,-9900,-9900
1/2/2004,1:36,-8.4,01,-9900,2,0.7,01,-9900,2,-7.7,01,-9900,2,-9900,-9900,-9900
1/2/2004,1:37,-8.2,01,-9900,2,0.4,01,-9900,2,-7.7,01,-9900,2,-9900,-9900,-9900
1/2/2004,1:38,-8.4,01,-9900,2,0.0,01,-9900,2,-7.8,01,-9900,2,-9900,-9900,-9900
1/2/2004,1:39,-8.4,01,-9900,2,0.0,01,-9900,2,-8.0,01,-9900,2,-9900,-9900,-9900
1/2/2004,1:40,-8.4,01,-9900,2,-0.2,01,-9900,2,-7.9,01,-9900,2,-9900,-9900,-9900
1/2/2004,1:41,-8.4,01,-9900,2,-0.6,01,-9900,2,-7.9,01,-9900,2,-9900,-9900,-9900
1/2/2004,1:42,-8.4,01,-9900,2,-0.3,01,-9900,2,-7.9,01,-9900,2,-9900,-9900,-9900
1/2/2004,1:43,-8.4,01,-9900,2,0.0,01,-9900,2,-7.8,01,-9900,2,-9900,-9900,-9900
1/2/2004,1:44,-8.4,01,-9900,2,0.6,01,-9900,2,-7.7,01,-9900,2,-9900,-9900,-9900
1/2/2004,1:45,-8.4,01,-9900,2,0.7,01,-9900,2,-7.7,01,-9900,2,-9900,-9900,-9900
1/2/2004,1:46,-8.4,01,-9900,2,0.5,01,-9900,2,-7.7,01,-9900,2,-9900,-9900,-9900
1/2/2004,1:47,-8.3,01,-9900,2,-0.1,01,-9900,2,-7.6,01,-9900,2,-9900,-9900,-9900
1/2/2004,1:48,-8.4,01,-9900,2,-0.2,01,-9900,2,-7.6,01,-9900,2,-9900,-9900,-9900
1/2/2004,1:49,-8.3,01,-9900,2,-0.6,01,-9900,2,-7.4,01,-9900,2,-9900,-9900,-9900
1/2/2004,1:50,-7.9,01,-9900,2,-0.7,01,-9900,2,-7.4,01,-9900,2,-9900,-9900,-9900
1/2/2004,1:51,-7.9,01,-9900,2,-0.7,01,-9900,2,-7.4,01,-9900,2,-9900,-9900,-9900
1/2/2004,1:52,-8.1,01,-9900,2,-0.7,01,-9900,2,-7.5,01,-9900,2,-9900,-9900,-9900
1/2/2004,1:53,-8.1,01,-9900,2,-0.7,01,-9900,2,-7.6,01,-9900,2,-9900,-9900,-9900
1/2/2004,1:54,-7.9,01,-9900,2,-0.7,01,-9900,2,-7.5,01,-9900,2,-9900,-9900,-9900
1/2/2004,1:55,-7.9,01,-9900,2,-0.7,01,-9900,2,-7.4,01,-9900,2,-9900,-9900,-9900
1/2/2004,1:56,-7.9,01,-9900,2,-0.7,01,-9900,2,-7.3,01,-9900,2,-9900,-9900,-9900
1/2/2004,1:57,-7.7,01,-9900,2,-0.7,01,-9900,2,-7.3,01,-9900,2,-9900,-9900,-9900
1/2/2004,1:58,-7.7,01,-9900,2,-0.7,01,-9900,2,-7.3,01,-9900,2,-9900,-9900,-9900
1/2/2004,1:59,-7.5,01,-9900,2,-0.4,01,-9900,2,-7.2,01,-9900,2,-9900,-9900,-9900
1/2/2004,2:00,-7.5,01,-9900,2,-0.5,01,-9900,2,-7.1,01,-9900,2,-9900,-9900,-9900
1/2/2004,2:01,-7.6,01,-9900,2,-0.3,01,-9900,2,-7.1,01,-9900,2,-9900,-9900,-9900
1/2/2004,2:02,-7.7,01,-9900,2,0.2,01,-9900,2,-7.3,01,-9900,2,-9900,-9900,-9900
1/2/2004,2:03,-7.7,01,-9900,2,0.3,01,-9900,2,-7.4,01,-9900,2,-9900,-9900,-9900
1/2/2004,2:04,-7.7,01,-9900,2,0.3,01,-9900,2,-7.4,01,-9900,2,-9900,-9900,-9900
1/2/2004,2:05,-7.5,01,-9900,2,0.2,01,-9900,2,-7.4,01,-9900,2,-9900,-9900,-9900
1/2/2004,2:06,-7.5,01,-9900,2,-0.0,01,-9900,2,-7.4,01,-9900,2,-9900,-9900,-9900
1/2/2004,2:07,-7.4,01,-9900,2,-0.1,01,-9900,2,-7.4,01,-9900,2,-9900,-9900,-9900
1/2/2004,2:08,-7.4,01,-9900,2,0.0,01,-9900,2,-7.3,01,-9900,2,-9900,-9900,-9900
1/2/2004,2:09,-7.4,01,-9900,2,0.1,01,-9900,2,-7.3,01,-9900,2,-9900,-9900,-9900
1/2/2004,2:10,-7.4,01,-9900,2,0.0,01,-9900,2,-7.3,01,-9900,2,-9900,-9900,-9900
1/2/2004,2:11,-7.4,01,-9900,2,0.1,01,-9900,2,-7.4,01,-9900,2,-9900,-9900,-9900
1/2/2004,2:12,-7.3,01,-9900,2,0.6,01,-9900,2,-7.4,01,-9900,2,-9900,-9900,-9900
1/2/2004,2:13,-7.4,01,-9900,2,0.8,01,-9900,2,-7.2,01,-9900,2,-9900,-9900,-9900
1/2/2004,2:14,-7.4,01,-9900,2,0.7,01,-9900,2,-7.1,01,-9900,2,-9900,-9900,-9900
1/2/2004,2:15,-7.4,01,-9900,2,0.7,01,-9900,2,-7.2,01,-9900,2,-9900,-9900,-9900
1/2/2004,2:16,-7.4,01,-9900,2,1.0,01,-9900,2,-7.2,01,-9900,2,-9900,-9900,-9900
1/2/2004,2:17,-7.4,01,-9900,2,1.3,01,-9900,2,-7.3,01,-9900,2,-9900,-9900,-9900
1/2/2004,2:18,-7.4,01,-9900,2,1.3,01,-9900,2,-7.3,01,-9900,2,-9900,-9900,-9900
1/2/2004,2:19,-7.4,01,-9900,2,0.8,01,-9900,2,-7.2,01,-9900,2,-9900,-9900,-9900
1/2/2004,2:20,-7.4,01,-9900,2,0.4,01,-9900,2,-7.3,01,-9900,2,-9900,-9900,-9900
1/2/2004,2:21,-7.5,01,-9900,2,-0.1,01,-9900,2,-7.5,01,-9900,2,-9900,-9900,-9900
1/2/2004,2:22,-7.7,01,-9900,2,-0.5,01,-9900,2,-7.6,01,-9900,2,-9900,-9900,-9900
1/2/2004,2:23,-7.5,01,-9900,2,-0.3,01,-9900,2,-7.7,01,-9900,2,-9900,-9900,-9900
1/2/2004,2:24,-7.3,01,-9900,2,-0.3,01,-9900,2,-7.6,01,-9900,2,-9900,-9900,-9900
1/2/2004,2:25,-7.2,01,-9900,2,-0.6,01,-9900,2,-7.5,01,-9900,2,-9900,-9900,-9900
1/2/2004,2:26,-7.2,01,-9900,2,-0.7,01,-9900,2,-7.6,01,-9900,2,-9900,-9900,-9900
1/2/2004,2:27,-7.2,01,-9900,2,-0.7,01,-9900,2,-7.7,01,-9900,2,-9900,-9900,-9900
1/2/2004,2:28,-7.3,01,-9900,2,-0.7,01,-9900,2,-7.7,01,-9900,2,-9900,-9900,-9900
1/2/2004,2:29,-7.4,01,-9900,2,-0.7,01,-9900,2,-7.7,01,-9900,2,-9900,-9900,-9900
1/2/2004,2:30,-7.8,01,-9900,2,-0.8,01,-9900,2,-8.0,01,-9900,2,-9900,-9900,-9900
1/2/2004,2:31,-7.9,01,-9900,2,-0.7,01,-9900,2,-8.1,01,-9900,2,-9900,-9900,-9900
1/2/2004,2:32,-7.7,01,-9900,2,-0.5,01,-9900,2,-7.9,01,-9900,2,-9900,-9900,-9900
1/2/2004,2:33,-7.4,01,-9900,2,-0.1,01,-9900,2,-7.7,01,-9900,2,-9900,-9900,-9900
1/2/2004,2:34,-7.1,01,-9900,2,-0.0,01,-9900,2,-7.5,01,-9900,2,-9900,-9900,-9900
1/2/2004,2:35,-7.0,01,-9900,2,0.0,01,-9900,2,-7.3,01,-9900,2,-9900,-9900,-9900
1/2/2004,2:36,-6.9,01,-9900,2,0.1,01,-9900,2,-7.1,01,-9900,2,-9900,-9900,-9900
1/2/2004,2:37,-6.8,01,-9900,2,0.5,01,-9900,2,-7.0,01,-9900,2,-9900,-9900,-9900
1/2/2004,2:38,-6.8,01,-9900,2,0.7,01,-9900,2,-6.9,01,-9900,2,-9900,-9900,-9900
1/2/2004,2:39,-6.6,01,-9900,2,0.7,01,-9900,2,-6.8,01,-9900,2,-9900,-9900,-9900
1/2/2004,2:40,-6.5,01,-9900,2,0.5,01,-9900,2,-6.7,01,-9900,2,-9900,-9900,-9900
1/2/2004,2:41,-6.5,01,-9900,2,0.3,01,-9900,2,-6.6,01,-9900,2,-9900,-9900,-9900
1/2/2004,2:42,-6.5,01,-9900,2,1.5,01,-9900,2,-6.5,01,-9900,2,-9900,-9900,-9900
1/2/2004,2:43,-6.5,01,-9900,2,2.5,01,-9900,2,-6.5,01,-9900,2,-9900,-9900,-9900
1/2/2004,2:44,-6.5,01,-9900,2,1.8,01,-9900,2,-6.5,01,-9900,2,-9900,-9900,-9900
1/2/2004,2:45,-6.5,01,-9900,2,1.7,01,-9900,2,-6.6,01,-9900,2,-9900,-9900,-9900
1/2/2004,2:46,-6.5,01,-9900,2,1.6,01,-9900,2,-6.6,01,-9900,2,-9900,-9900,-9900
1/2/2004,2:47,-6.5,01,-9900,2,1.2,01,-9900,2,-6.6,01,-9900,2,-9900,-9900,-9900
1/2/2004,2:48,-6.5,01,-9900,2,0.7,01,-9900,2,-6.8,01,-9900,2,-9900,-9900,-9900
1/2/2004,2:49,-6.5,01,-9900,2,0.6,01,-9900,2,-6.9,01,-9900,2,-9900,-9900,-9900
1/2/2004,2:50,-6.5,01,-9900,2,0.3,01,-9900,2,-6.9,01,-9900,2,-9900,-9900,-9900
1/2/2004,2:51,-6.5,01,-9900,2,0.2,01,-9900,2,-6.9,01,-9900,2,-9900,-9900,-9900
1/2/2004,2:52,-6.5,01,-9900,2,-0.2,01,-9900,2,-7.1,01,-9900,2,-9900,-9900,-9900
1/2/2004,2:53,-6.8,01,-9900,2,-0.3,01,-9900,2,-7.4,01,-9900,2,-9900,-9900,-9900
1/2/2004,2:54,-7.0,01,-9900,2,-0.0,01,-9900,2,-7.4,01,-9900,2,-9900,-9900,-9900
1/2/2004,2:55,-7.0,01,-9900,2,0.0,01,-9900,2,-7.3,01,-9900,2,-9900,-9900,-9900
1/2/2004,2:56,-6.7,01,-9900,2,0.0,01,-9900,2,-7.1,01,-9900,2,-9900,-9900,-9900
1/2/2004,2:57,-6.5,01,-9900,2,0.0,01,-9900,2,-7.0,01,-9900,2,-9900,-9900,-9900
1/2/2004,2:58,-6.5,01,-9900,2,0.1,01,-9900,2,-6.9,01,-9900,2,-9900,-9900,-9900
1/2/2004,2:59,-6.7,01,-9900,2,0.2,01,-9900,2,-7.0,01,-9900,2,-9900,-9900,-9900
1/2/2004,3:00,-7.1,01,-9900,2,-0.6,01,-9900,2,-7.6,01,-9900,2,-9900,-9900,-9900
1/2/2004,3:01,-7.4,01,-9900,2,-0.7,01,-9900,2,-7.9,01,-9900,2,-9900,-9900,-9900
1/2/2004,3:02,-7.2,01,-9900,2,-0.4,01,-9900,2,-7.8,01,-9900,2,-9900,-9900,-9900
1/2/2004,3:03,-7.1,01,-9900,2,-0.3,01,-9900,2,-7.8,01,-9900,2,-9900,-9900,-9900
1/2/2004,3:04,-7.2,01,-9900,2,-0.3,01,-9900,2,-8.0,01,-9900,2,-9900,-9900,-9900
1/2/2004,3:05,-7.0,01,-9900,2,1.1,01,-9900,2,-7.5,01,-9900,2,-9900,-9900,-9900
1/2/2004,3:06,-6.6,01,-9900,2,1.5,01,-9900,2,-7.1,01,-9900,2,-9900,-9900,-9900
1/2/2004,3:07,-6.5,01,-9900,2,1.5,01,-9900,2,-6.9,01,-9900,2,-9900,-9900,-9900
1/2/2004,3:08,-6.4,01,-9900,2,1.7,01,-9900,2,-6.6,01,-9900,2,-9900,-9900,-9900
1/2/2004,3:09,-6.3,01,-9900,2,2.3,01,-9900,2,-6.5,01,-9900,2,-9900,-9900,-9900
1/2/2004,3:10,-6.2,01,-9900,2,2.7,01,-9900,2,-6.3,01,-9900,2,-9900,-9900,-9900
1/2/2004,3:11,-6.5,01,-9900,2,0.2,01,-9900,2,-6.7,01,-9900,2,-9900,-9900,-9900
1/2/2004,3:12,-6.7,01,-9900,2,-1.3,01,-9900,2,-7.0,01,-9900,2,-9900,-9900,-9900
1/2/2004,3:13,-6.8,01,-9900,2,-0.9,01,-9900,2,-7.0,01,-9900,2,-9900,-9900,-9900
1/2/2004,3:14,-6.8,01,-9900,2,-0.2,01,-9900,2,-6.9,01,-9900,2,-9900,-9900,-9900
1/2/2004,3:15,-6.7,01,-9900,2,0.2,01,-9900,2,-6.9,01,-9900,2,-9900,-9900,-9900
1/2/2004,3:16,-6.9,01,-9900,2,0.1,01,-9900,2,-6.9,01,-9900,2,-9900,-9900,-9900
1/2/2004,3:17,-7.2,01,-9900,2,-0.8,01,-9900,2,-7.5,01,-9900,2,-9900,-9900,-9900
1/2/2004,3:18,-7.9,01,-9900,2,-1.7,01,-9900,2,-8.3,01,-9900,2,-9900,-9900,-9900
1/2/2004,3:19,-8.4,01,-9900,2,-2.0,01,-9900,2,-9.0,01,-9900,2,-9900,-9900,-9900
1/2/2004,3:20,-8.4,01,-9900,2,-1.9,01,-9900,2,-9.2,01,-9900,2,-9900,-9900,-9900
1/2/2004,3:21,-8.3,01,-9900,2,-1.3,01,-9900,2,-8.8,01,-9900,2,-9900,-9900,-9900
1/2/2004,3:22,-7.9,01,-9900,2,-0.6,01,-9900,2,-8.2,01,-9900,2,-9900,-9900,-9900
1/2/2004,3:23,-7.8,01,-9900,2,0.3,01,-9900,2,-7.9,01,-9900,2,-9900,-9900,-9900
1/2/2004,3:24,-7.6,01,-9900,2,0.7,01,-9900,2,-7.6,01,-9900,2,-9900,-9900,-9900
1/2/2004,3:25,-7.5,01,-9900,2,0.7,01,-9900,2,-7.6,01,-9900,2,-9900,-9900,-9900
1/2/2004,3:26,-7.5,01,-9900,2,1.1,01,-9900,2,-7.6,01,-9900,2,-9900,-9900,-9900
1/2/2004,3:27,-7.4,01,-9900,2,1.1,01,-9900,2,-7.6,01,-9900,2,-9900,-9900,-9900
1/2/2004,3:28,-7.4,01,-9900,2,1.2,01,-9900,2,-7.6,01,-9900,2,-9900,-9900,-9900
1/2/2004,3:29,-7.5,01,-9900,2,1.8,01,-9900,2,-7.6,01,-9900,2,-9900,-9900,-9900
1/2/2004,3:30,-7.7,01,-9900,2,1.8,01,-9900,2,-7.7,01,-9900,2,-9900,-9900,-9900
1/2/2004,3:31,-7.9,01,-9900,2,1.6,01,-9900,2,-7.7,01,-9900,2,-9900,-9900,-9900
1/2/2004,3:32,-8.1,01,-9900,2,1.3,01,-9900,2,-7.8,01,-9900,2,-9900,-9900,-9900
1/2/2004,3:33,-8.4,01,-9900,2,0.5,01,-9900,2,-8.0,01,-9900,2,-9900,-9900,-9900
1/2/2004,3:34,-8.4,01,-9900,2,-0.3,01,-9900,2,-8.1,01,-9900,2,-9900,-9900,-9900
1/2/2004,3:35,-8.4,01,-9900,2,-0.7,01,-9900,2,-8.0,01,-9900,2,-9900,-9900,-9900
1/2/2004,3:36,-8.4,01,-9900,2,-0.8,01,-9900,2,-7.9,01,-9900,2,-9900,-9900,-9900
1/2/2004,3:37,-8.4,01,-9900,2,-1.1,01,-9900,2,-7.9,01,-9900,2,-9900,-9900,-9900
1/2/2004,3:38,-8.4,01,-9900,2,-0.8,01,-9900,2,-7.8,01,-9900,2,-9900,-9900,-9900
1/2/2004,3:39,-8.1,01,-9900,2,-0.6,01,-9900,2,-7.7,01,-9900,2,-9900,-9900,-9900
1/2/2004,3:40,-7.9,01,-9900,2,-0.2,01,-9900,2,-7.7,01,-9900,2,-9900,-9900,-9900
1/2/2004,3:41,-7.9,01,-9900,2,-0.3,01,-9900,2,-7.7,01,-9900,2,-9900,-9900,-9900
1/2/2004,3:42,-7.9,01,-9900,2,-0.6,01,-9900,2,-7.8,01,-9900,2,-9900,-9900,-9900
1/2/2004,3:43,-7.8,01,-9900,2,-0.7,01,-9900,2,-7.8,01,-9900,2,-9900,-9900,-9900
1/2/2004,3:44,-7.5,01,-9900,2,0.0,01,-9900,2,-7.9,01,-9900,2,-9900,-9900,-9900
1/2/2004,3:45,-7.5,01,-9900,2,0.7,01,-9900,2,-7.8,01,-9900,2,-9900,-9900,-9900
1/2/2004,3:46,-7.7,01,-9900,2,0.7,01,-9900,2,-7.7,01,-9900,2,-9900,-9900,-9900
1/2/2004,3:47,-7.7,01,-9900,2,0.8,01,-9900,2,-7.7,01,-9900,2,-9900,-9900,-9900
1/2/2004,3:48,-7.7,01,-9900,2,1.2,01,-9900,2,-7.8,01,-9900,2,-9900,-9900,-9900
1/2/2004,3:49,-7.7,01,-9900,2,1.5,01,-9900,2,-7.9,01,-9900,2,-9900,-9900,-9900
1/2/2004,3:50,-7.5,01,-9900,2,1.9,01,-9900,2,-8.1,01,-9900,2,-9900,-9900,-9900
1/2/2004,3:51,-7.4,01,-9900,2,2.0,01,-9900,2,-8.1,01,-9900,2,-9900,-9900,-9900
1/2/2004,3:52,-7.5,01,-9900,2,2.0,01,-9900,2,-8.3,01,-9900,2,-9900,-9900,-9900
1/2/2004,3:53,-7.4,01,-9900,2,3.0,01,-9900,2,-8.2,01,-9900,2,-9900,-9900,-9900
1/2/2004,3:54,-7.4,01,-9900,2,2.9,01,-9900,2,-8.1,01,-9900,2,-9900,-9900,-9900
1/2/2004,3:55,-7.4,01,-9900,2,2.3,01,-9900,2,-8.0,01,-9900,2,-9900,-9900,-9900
1/2/2004,3:56,-7.4,01,-9900,2,2.2,01,-9900,2,-7.9,01,-9900,2,-9900,-9900,-9900
1/2/2004,3:57,-7.4,01,-9900,2,2.1,01,-9900,2,-7.8,01,-9900,2,-9900,-9900,-9900
1/2/2004,3:58,-7.2,01,-9900,2,1.8,01,-9900,2,-7.7,01,-9900,2,-9900,-9900,-9900
1/2/2004,3:59,-7.2,01,-9900,2,1.7,01,-9900,2,-7.7,01,-9900,2,-9900,-9900,-9900
1/2/2004,4:00,-7.1,01,-9900,2,2.0,01,-9900,2,-7.6,01,-9900,2,-9900,-9900,-9900
1/2/2004,4:01,-7.0,01,-9900,2,2.0,01,-9900,2,-7.6,01,-9900,2,-9900,-9900,-9900
1/2/2004,4:02,-7.0,01,-9900,2,1.9,01,-9900,2,-7.6,01,-9900,2,-9900,-9900,-9900
1/2/2004,4:03,-7.1,01,-9900,2,1.5,01,-9900,2,-7.6,01,-9900,2,-9900,-9900,-9900
1/2/2004,4:04,-7.0,01,-9900,2,0.9,01,-9900,2,-7.6,01,-9900,2,-9900,-9900,-9900
1/2/2004,4:05,-7.1,01,-9900,2,0.7,01,-9900,2,-7.6,01,-9900,2,-9900,-9900,-9900
1/2/2004,4:06,-7.1,01,-9900,2,0.2,01,-9900,2,-7.7,01,-9900,2,-9900,-9900,-9900
1/2/2004,4:07,-7.1,01,-9900,2,-0.2,01,-9900,2,-7.7,01,-9900,2,-9900,-9900,-9900
1/2/2004,4:08,-7.0,01,-9900,2,-0.5,01,-9900,2,-7.7,01,-9900,2,-9900,-9900,-9900
1/2/2004,4:09,-7.0,01,-9900,2,-0.6,01,-9900,2,-7.8,01,-9900,2,-9900,-9900,-9900
1/2/2004,4:10,-7.1,01,-9900,2,-0.7,01,-9900,2,-7.9,01,-9900,2,-9900,-9900,-9900
1/2/2004,4:11,-7.2,01,-9900,2,-0.7,01,-9900,2,-7.9,01,-9900,2,-9900,-9900,-9900
1/2/2004,4:12,-7.2,01,-9900,2,-0.7,01,-9900,2,-7.9,01,-9900,2,-9900,-9900,-9900
1/2/2004,4:13,-7.3,01,-9900,2,-0.7,01,-9900,2,-7.9,01,-9900,2,-9900,-9900,-9900
1/2/2004,4:14,-7.4,01,-9900,2,-0.7,01,-9900,2,-7.9,01,-9900,2,-9900,-9900,-9900
1/2/2004,4:15,-7.4,01,-9900,2,-0.6,01,-9900,2,-7.9,01,-9900,2,-9900,-9900,-9900
1/2/2004,4:16,-7.3,01,-9900,2,-0.6,01,-9900,2,-7.9,01,-9900,2,-9900,-9900,-9900
1/2/2004,4:17,-7.3,01,-9900,2,-0.4,01,-9900,2,-8.0,01,-9900,2,-9900,-9900,-9900
1/2/2004,4:18,-7.4,01,-9900,2,-0.6,01,-9900,2,-8.1,01,-9900,2,-9900,-9900,-9900
1/2/2004,4:19,-7.5,01,-9900,2,-0.7,01,-9900,2,-8.1,01,-9900,2,-9900,-9900,-9900
1/2/2004,4:20,-7.5,01,-9900,2,-0.7,01,-9900,2,-8.1,01,-9900,2,-9900,-9900,-9900
1/2/2004,4:21,-7.5,01,-9900,2,-0.7,01,-9900,2,-8.1,01,-9900,2,-9900,-9900,-9900
1/2/2004,4:22,-7.5,01,-9900,2,-0.7,01,-9900,2,-8.2,01,-9900,2,-9900,-9900,-9900
1/2/2004,4:23,-7.4,01,-9900,2,-0.7,01,-9900,2,-8.1,01,-9900,2,-9900,-9900,-9900
1/2/2004,4:24,-7.4,01,-9900,2,-0.3,01,-9900,2,-8.1,01,-9900,2,-9900,-9900,-9900
1/2/2004,4:25,-7.4,01,-9900,2,-0.5,01,-9900,2,-8.1,01,-9900,2,-9900,-9900,-9900
1/2/2004,4:26,-7.4,01,-9900,2,-0.4,01,-9900,2,-8.1,01,-9900,2,-9900,-9900,-9900
1/2/2004,4:27,-7.4,01,-9900,2,-0.3,01,-9900,2,-8.0,01,-9900,2,-9900,-9900,-9900
1/2/2004,4:28,-7.4,01,-9900,2,-0.6,01,-9900,2,-8.0,01,-9900,2,-9900,-9900,-9900
1/2/2004,4:29,-7.6,01,-9900,2,-0.1,01,-9900,2,-8.1,01,-9900,2,-9900,-9900,-9900
1/2/2004,4:30,-7.8,01,-9900,2,0.3,01,-9900,2,-8.1,01,-9900,2,-9900,-9900,-9900
1/2/2004,4:31,-7.9,01,-9900,2,0.7,01,-9900,2,-8.1,01,-9900,2,-9900,-9900,-9900
1/2/2004,4:32,-7.9,01,-9900,2,0.5,01,-9900,2,-8.1,01,-9900,2,-9900,-9900,-9900
1/2/2004,4:33,-7.9,01,-9900,2,0.6,01,-9900,2,-8.3,01,-9900,2,-9900,-9900,-9900
1/2/2004,4:34,-7.9,01,-9900,2,0.7,01,-9900,2,-8.4,01,-9900,2,-9900,-9900,-9900
1/2/2004,4:35,-7.9,01,-9900,2,0.7,01,-9900,2,-8.5,01,-9900,2,-9900,-9900,-9900
1/2/2004,4:36,-7.9,01,-9900,2,0.6,01,-9900,2,-8.5,01,-9900,2,-9900,-9900,-9900
1/2/2004,4:37,-7.9,01,-9900,2,0.7,01,-9900,2,-8.6,01,-9900,2,-9900,-9900,-9900
1/2/2004,4:38,-7.9,01,-9900,2,0.7,01,-9900,2,-8.6,01,-9900,2,-9900,-9900,-9900
1/2/2004,4:39,-7.9,01,-9900,2,0.7,01,-9900,2,-8.6,01,-9900,2,-9900,-9900,-9900
1/2/2004,4:40,-7.9,01,-9900,2,0.7,01,-9900,2,-8.5,01,-9900,2,-9900,-9900,-9900
1/2/2004,4:41,-7.9,01,-9900,2,0.7,01,-9900,2,-8.4,01,-9900,2,-9900,-9900,-9900
1/2/2004,4:42,-7.9,01,-9900,2,0.4,01,-9900,2,-8.3,01,-9900,2,-9900,-9900,-9900
1/2/2004,4:43,-7.9,01,-9900,2,0.2,01,-9900,2,-8.1,01,-9900,2,-9900,-9900,-9900
1/2/2004,4:44,-7.8,01,-9900,2,0.4,01,-9900,2,-8.0,01,-9900,2,-9900,-9900,-9900
1/2/2004,4:45,-7.7,01,-9900,2,0.7,01,-9900,2,-8.0,01,-9900,2,-9900,-9900,-9900
1/2/2004,4:46,-7.7,01,-9900,2,0.7,01,-9900,2,-8.0,01,-9900,2,-9900,-9900,-9900
1/2/2004,4:47,-7.7,01,-9900,2,0.9,01,-9900,2,-8.0,01,-9900,2,-9900,-9900,-9900
1/2/2004,4:48,-7.6,01,-9900,2,1.1,01,-9900,2,-8.0,01,-9900,2,-9900,-9900,-9900
1/2/2004,4:49,-7.7,01,-9900,2,1.2,01,-9900,2,-8.0,01,-9900,2,-9900,-9900,-9900
1/2/2004,4:50,-7.9,01,-9900,2,1.3,01,-9900,2,-8.0,01,-9900,2,-9900,-9900,-9900
1/2/2004,4:51,-7.9,01,-9900,2,1.3,01,-9900,2,-7.9,01,-9900,2,-9900,-9900,-9900
1/2/2004,4:52,-7.9,01,-9900,2,1.2,01,-9900,2,-7.7,01,-9900,2,-9900,-9900,-9900
1/2/2004,4:53,-7.8,01,-9900,2,1.0,01,-9900,2,-7.6,01,-9900,2,-9900,-9900,-9900
1/2/2004,4:54,-7.5,01,-9900,2,0.7,01,-9900,2,-7.4,01,-9900,2,-9900,-9900,-9900
1/2/2004,4:55,-7.2,01,-9900,2,0.5,01,-9900,2,-7.3,01,-9900,2,-9900,-9900,-9900
1/2/2004,4:56,-7.0,01,-9900,2,-0.2,01,-9900,2,-7.2,01,-9900,2,-9900,-9900,-9900
1/2/2004,4:57,-7.0,01,-9900,2,-0.6,01,-9900,2,-7.2,01,-9900,2,-9900,-9900,-9900
1/2/2004,4:58,-7.0,01,-9900,2,-0.7,01,-9900,2,-7.2,01,-9900,2,-9900,-9900,-9900
1/2/2004,4:59,-7.0,01,-9900,2,-1.0,01,-9900,2,-7.4,01,-9900,2,-9900,-9900,-9900
1/2/2004,5:00,-7.2,01,-9900,2,-1.1,01,-9900,2,-7.7,01,-9900,2,-9900,-9900,-9900
1/2/2004,5:01,-7.2,01,-9900,2,-1.1,01,-9900,2,-7.7,01,-9900,2,-9900,-9900,-9900
1/2/2004,5:02,-7.2,01,-9900,2,-0.9,01,-9900,2,-7.6,01,-9900,2,-9900,-9900,-9900
1/2/2004,5:03,-7.0,01,-9900,2,-0.7,01,-9900,2,-7.5,01,-9900,2,-9900,-9900,-9900
1/2/2004,5:04,-7.0,01,-9900,2,-0.7,01,-9900,2,-7.3,01,-9900,2,-9900,-9900,-9900
1/2/2004,5:05,-7.0,01,-9900,2,-0.4,01,-9900,2,-7.4,01,-9900,2,-9900,-9900,-9900
1/2/2004,5:06,-7.0,01,-9900,2,0.2,01,-9900,2,-7.4,01,-9900,2,-9900,-9900,-9900
1/2/2004,5:07,-7.0,01,-9900,2,0.7,01,-9900,2,-7.3,01,-9900,2,-9900,-9900,-9900
1/2/2004,5:08,-6.8,01,-9900,2,0.8,01,-9900,2,-7.1,01,-9900,2,-9900,-9900,-9900
1/2/2004,5:09,-6.7,01,-9900,2,0.7,01,-9900,2,-7.0,01,-9900,2,-9900,-9900,-9900
1/2/2004,5:10,-6.5,01,-9900,2,0.7,01,-9900,2,-6.9,01,-9900,2,-9900,-9900,-9900
1/2/2004,5:11,-6.5,01,-9900,2,1.0,01,-9900,2,-6.8,01,-9900,2,-9900,-9900,-9900
1/2/2004,5:12,-6.5,01,-9900,2,1.1,01,-9900,2,-6.6,01,-9900,2,-9900,-9900,-9900
1/2/2004,5:13,-6.5,01,-9900,2,1.3,01,-9900,2,-6.4,01,-9900,2,-9900,-9900,-9900
1/2/2004,5:14,-6.4,01,-9900,2,1.3,01,-9900,2,-6.2,01,-9900,2,-9900,-9900,-9900
1/2/2004,5:15,-6.3,01,-9900,2,1.3,01,-9900,2,-6.2,01,-9900,2,-9900,-9900,-9900
1/2/2004,5:16,-6.4,01,-9900,2,1.3,01,-9900,2,-6.2,01,-9900,2,-9900,-9900,-9900
1/2/2004,5:17,-6.5,01,-9900,2,1.3,01,-9900,2,-6.2,01,-9900,2,-9900,-9900,-9900
1/2/2004,5:18,-6.5,01,-9900,2,1.2,01,-9900,2,-6.2,01,-9900,2,-9900,-9900,-9900
1/2/2004,5:19,-6.6,01,-9900,2,1.0,01,-9900,2,-6.3,01,-9900,2,-9900,-9900,-9900
1/2/2004,5:20,-6.9,01,-9900,2,0.7,01,-9900,2,-6.4,01,-9900,2,-9900,-9900,-9900
1/2/2004,5:21,-7.0,01,-9900,2,0.7,01,-9900,2,-6.6,01,-9900,2,-9900,-9900,-9900
1/2/2004,5:22,-7.3,01,-9900,2,0.7,01,-9900,2,-6.9,01,-9900,2,-9900,-9900,-9900
1/2/2004,5:23,-7.4,01,-9900,2,0.5,01,-9900,2,-7.0,01,-9900,2,-9900,-9900,-9900
1/2/2004,5:24,-7.5,01,-9900,2,0.2,01,-9900,2,-7.0,01,-9900,2,-9900,-9900,-9900
1/2/2004,5:25,-7.7,01,-9900,2,0.2,01,-9900,2,-7.1,01,-9900,2,-9900,-9900,-9900
1/2/2004,5:26,-7.8,01,-9900,2,0.7,01,-9900,2,-7.3,01,-9900,2,-9900,-9900,-9900
1/2/2004,5:27,-7.9,01,-9900,2,0.7,01,-9900,2,-7.5,01,-9900,2,-9900,-9900,-9900
1/2/2004,5:28,-7.9,01,-9900,2,0.7,01,-9900,2,-7.6,01,-9900,2,-9900,-9900,-9900
1/2/2004,5:29,-7.9,01,-9900,2,0.3,01,-9900,2,-7.7,01,-9900,2,-9900,-9900,-9900
1/2/2004,5:30,-7.9,01,-9900,2,0.0,01,-9900,2,-7.8,01,-9900,2,-9900,-9900,-9900
1/2/2004,5:31,-8.0,01,-9900,2,-0.4,01,-9900,2,-7.8,01,-9900,2,-9900,-9900,-9900
1/2/2004,5:32,-8.1,01,-9900,2,-0.7,01,-9900,2,-7.9,01,-9900,2,-9900,-9900,-9900
1/2/2004,5:33,-8.2,01,-9900,2,-0.7,01,-9900,2,-7.8,01,-9900,2,-9900,-9900,-9900
1/2/2004,5:34,-8.0,01,-9900,2,-0.7,01,-9900,2,-7.7,01,-9900,2,-9900,-9900,-9900
1/2/2004,5:35,-7.9,01,-9900,2,-0.7,01,-9900,2,-7.7,01,-9900,2,-9900,-9900,-9900
1/2/2004,5:36,-7.9,01,-9900,2,-1.0,01,-9900,2,-7.6,01,-9900,2,-9900,-9900,-9900
1/2/2004,5:37,-7.7,01,-9900,2,-1.1,01,-9900,2,-7.5,01,-9900,2,-9900,-9900,-9900
1/2/2004,5:38,-7.6,01,-9900,2,-1.2,01,-9900,2,-7.4,01,-9900,2,-9900,-9900,-9900
1/2/2004,5:39,-7.6,01,-9900,2,-1.1,01,-9900,2,-7.3,01,-9900,2,-9900,-9900,-9900
1/2/2004,5:40,-7.7,01,-9900,2,-0.7,01,-9900,2,-7.2,01,-9900,2,-9900,-9900,-9900
1/2/2004,5:41,-7.5,01,-9900,2,-0.6,01,-9900,2,-7.1,01,-9900,2,-9900,-9900,-9900
1/2/2004,5:42,-7.2,01,-9900,2,-0.4,01,-9900,2,-7.0,01,-9900,2,-9900,-9900,-9900
1/2/2004,5:43,-7.0,01,-9900,2,-0.7,01,-9900,2,-7.0,01,-9900,2,-9900,-9900,-9900
1/2/2004,5:44,-7.0,01,-9900,2,-1.0,01,-9900,2,-7.0,01,-9900,2,-9900,-9900,-9900
1/2/2004,5:45,-7.0,01,-9900,2,-1.1,01,-9900,2,-7.1,01,-9900,2,-9900,-9900,-9900
1/2/2004,5:46,-7.0,01,-9900,2,-1.1,01,-9900,2,-7.0,01,-9900,2,-9900,-9900,-9900
1/2/2004,5:47,-7.0,01,-9900,2,-1.1,01,-9900,2,-7.0,01,-9900,2,-9900,-9900,-9900
1/2/2004,5:48,-6.8,01,-9900,2,-1.1,01,-9900,2,-7.0,01,-9900,2,-9900,-9900,-9900
1/2/2004,5:49,-6.5,01,-9900,2,-0.7,01,-9900,2,-7.0,01,-9900,2,-9900,-9900,-9900
1/2/2004,5:50,-6.5,01,-9900,2,-0.5,01,-9900,2,-7.0,01,-9900,2,-9900,-9900,-9900
1/2/2004,5:51,-6.5,01,-9900,2,0.0,01,-9900,2,-6.8,01,-9900,2,-9900,-9900,-9900
1/2/2004,5:52,-6.5,01,-9900,2,0.6,01,-9900,2,-6.6,01,-9900,2,-9900,-9900,-9900
1/2/2004,5:53,-6.5,01,-9900,2,0.7,01,-9900,2,-6.6,01,-9900,2,-9900,-9900,-9900
1/2/2004,5:54,-6.5,01,-9900,2,0.7,01,-9900,2,-6.5,01,-9900,2,-9900,-9900,-9900
1/2/2004,5:55,-6.5,01,-9900,2,0.7,01,-9900,2,-6.4,01,-9900,2,-9900,-9900,-9900
1/2/2004,5:56,-6.5,01,-9900,2,0.7,01,-9900,2,-6.3,01,-9900,2,-9900,-9900,-9900
1/2/2004,5:57,-6.5,01,-9900,2,1.1,01,-9900,2,-6.2,01,-9900,2,-9900,-9900,-9900
1/2/2004,5:58,-6.5,01,-9900,2,1.2,01,-9900,2,-6.2,01,-9900,2,-9900,-9900,-9900
1/2/2004,5:59,-6.5,01,-9900,2,1.4,01,-9900,2,-6.2,01,-9900,2,-9900,-9900,-9900
1/2/2004,6:00,-6.5,01,-9900,2,1.8,01,-9900,2,-6.2,01,-9900,2,-9900,-9900,-9900
1/2/2004,6:01,-6.4,01,-9900,2,2.0,01,-9900,2,-6.0,01,-9900,2,-9900,-9900,-9900
1/2/2004,6:02,-6.2,01,-9900,2,2.1,01,-9900,2,-6.1,01,-9900,2,-9900,-9900,-9900
1/2/2004,6:03,-6.1,01,-9900,2,2.2,01,-9900,2,-5.9,01,-9900,2,-9900,-9900,-9900
1/2/2004,6:04,-6.0,01,-9900,2,1.6,01,-9900,2,-5.9,01,-9900,2,-9900,-9900,-9900
1/2/2004,6:05,-6.0,01,-9900,2,-0.4,01,-9900,2,-6.2,01,-9900,2,-9900,-9900,-9900
1/2/2004,6:06,-6.3,01,-9900,2,-1.9,01,-9900,2,-6.7,01,-9900,2,-9900,-9900,-9900
1/2/2004,6:07,-6.1,01,-9900,2,-1.9,01,-9900,2,-6.7,01,-9900,2,-9900,-9900,-9900
1/2/2004,6:08,-6.1,01,-9900,2,-2.1,01,-9900,2,-6.7,01,-9900,2,-9900,-9900,-9900
1/2/2004,6:09,-6.3,01,-9900,2,-2.5,01,-9900,2,-6.9,01,-9900,2,-9900,-9900,-9900
1/2/2004,6:10,-6.1,01,-9900,2,-2.8,01,-9900,2,-6.9,01,-9900,2,-9900,-9900,-9900
1/2/2004,6:11,-6.1,01,-9900,2,-3.1,01,-9900,2,-7.2,01,-9900,2,-9900,-9900,-9900
1/2/2004,6:12,-6.3,01,-9900,2,-3.0,01,-9900,2,-7.6,01,-9900,2,-9900,-9900,-9900
1/2/2004,6:13,-6.3,01,-9900,2,-2.6,01,-9900,2,-7.6,01,-9900,2,-9900,-9900,-9900
1/2/2004,6:14,-6.3,01,-9900,2,-2.1,01,-9900,2,-7.4,01,-9900,2,-9900,-9900,-9900
1/2/2004,6:15,-6.0,01,-9900,2,-1.9,01,-9900,2,-7.1,01,-9900,2,-9900,-9900,-9900
1/2/2004,6:16,-5.8,01,-9900,2,-1.7,01,-9900,2,-6.9,01,-9900,2,-9900,-9900,-9900
1/2/2004,6:17,-5.8,01,-9900,2,-1.6,01,-9900,2,-6.7,01,-9900,2,-9900,-9900,-9900
1/2/2004,6:18,-5.6,01,-9900,2,-1.3,01,-9900,2,-6.7,01,-9900,2,-9900,-9900,-9900
1/2/2004,6:19,-5.6,01,-9900,2,-1.3,01,-9900,2,-6.6,01,-9900,2,-9900,-9900,-9900
1/2/2004,6:20,-5.6,01,-9900,2,-1.2,01,-9900,2,-6.6,01,-9900,2,-9900,-9900,-9900
1/2/2004,6:21,-5.6,01,-9900,2,-1.0,01,-9900,2,-6.5,01,-9900,2,-9900,-9900,-9900
1/2/2004,6:22,-5.6,01,-9900,2,-0.7,01,-9900,2,-6.4,01,-9900,2,-9900,-9900,-9900
1/2/2004,6:23,-5.6,01,-9900,2,-0.7,01,-9900,2,-6.3,01,-9900,2,-9900,-9900,-9900
1/2/2004,6:24,-5.6,01,-9900,2,-0.7,01,-9900,2,-6.3,01,-9900,2,-9900,-9900,-9900
1/2/2004,6:25,-5.6,01,-9900,2,-0.6,01,-9900,2,-6.2,01,-9900,2,-9900,-9900,-9900
1/2/2004,6:26,-5.6,01,-9900,2,-0.4,01,-9900,2,-6.2,01,-9900,2,-9900,-9900,-9900
1/2/2004,6:27,-5.6,01,-9900,2,-0.3,01,-9900,2,-6.2,01,-9900,2,-9900,-9900,-9900
1/2/2004,6:28,-5.5,01,-9900,2,-0.2,01,-9900,2,-6.0,01,-9900,2,-9900,-9900,-9900
1/2/2004,6:29,-5.5,01,-9900,2,-0.0,01,-9900,2,-5.9,01,-9900,2,-9900,-9900,-9900
1/2/2004,6:30,-5.6,01,-9900,2,0.0,01,-9900,2,-5.8,01,-9900,2,-9900,-9900,-9900
1/2/2004,6:31,-5.6,01,-9900,2,0.2,01,-9900,2,-5.8,01,-9900,2,-9900,-9900,-9900
1/2/2004,6:32,-5.5,01,-9900,2,0.3,01,-9900,2,-5.7,01,-9900,2,-9900,-9900,-9900
1/2/2004,6:33,-5.4,01,-9900,2,0.6,01,-9900,2,-5.7,01,-9900,2,-9900,-9900,-9900
1/2/2004,6:34,-5.4,01,-9900,2,1.1,01,-9900,2,-5.8,01,-9900,2,-9900,-9900,-9900
1/2/2004,6:35,-5.1,01,-9900,2,1.5,01,-9900,2,-5.7,01,-9900,2,-9900,-9900,-9900
1/2/2004,6:36,-4.9,01,-9900,2,1.6,01,-9900,2,-5.6,01,-9900,2,-9900,-9900,-9900
1/2/2004,6:37,-4.7,01,-9900,2,1.5,01,-9900,2,-5.4,01,-9900,2,-9900,-9900,-9900
1/2/2004,6:38,-4.7,01,-9900,2,1.6,01,-9900,2,-5.4,01,-9900,2,-9900,-9900,-9900
1/2/2004,6:39,-4.7,01,-9900,2,1.7,01,-9900,2,-5.2,01,-9900,2,-9900,-9900,-9900
1/2/2004,6:40,-4.9,01,-9900,2,1.7,01,-9900,2,-5.2,01,-9900,2,-9900,-9900,-9900
1/2/2004,6:41,-4.9,01,-9900,2,1.7,01,-9900,2,-5.4,01,-9900,2,-9900,-9900,-9900
1/2/2004,6:42,-4.9,01,-9900,2,1.7,01,-9900,2,-5.4,01,-9900,2,-9900,-9900,-9900
1/2/2004,6:43,-4.9,01,-9900,2,1.9,01,-9900,2,-5.5,01,-9900,2,-9900,-9900,-9900
1/2/2004,6:44,-4.9,01,-9900,2,2.0,01,-9900,2,-5.4,01,-9900,2,-9900,-9900,-9900
1/2/2004,6:45,-4.7,01,-9900,2,2.2,01,-9900,2,-5.3,01,-9900,2,-9900,-9900,-9900
1/2/2004,6:46,-4.7,01,-9900,2,2.6,01,-9900,2,-5.2,01,-9900,2,-9900,-9900,-9900
1/2/2004,6:47,-4.9,01,-9900,2,3.0,01,-9900,2,-5.2,01,-9900,2,-9900,-9900,-9900
1/2/2004,6:48,-4.9,01,-9900,2,3.0,01,-9900,2,-5.2,01,-9900,2,-9900,-9900,-9900
1/2/2004,6:49,-5.0,01,-9900,2,2.7,01,-9900,2,-5.4,01,-9900,2,-9900,-9900,-9900
1/2/2004,6:50,-5.0,01,-9900,2,2.5,01,-9900,2,-5.7,01,-9900,2,-9900,-9900,-9900
1/2/2004,6:51,-5.1,01,-9900,2,2.2,01,-9900,2,-5.9,01,-9900,2,-9900,-9900,-9900
1/2/2004,6:52,-5.1,01,-9900,2,2.4,01,-9900,2,-5.8,01,-9900,2,-9900,-9900,-9900
1/2/2004,6:53,-5.0,01,-9900,2,2.6,01,-9900,2,-5.6,01,-9900,2,-9900,-9900,-9900
1/2/2004,6:54,-4.9,01,-9900,2,2.6,01,-9900,2,-5.5,01,-9900,2,-9900,-9900,-9900
1/2/2004,6:55,-4.7,01,-9900,2,2.7,01,-9900,2,-5.3,01,-9900,2,-9900,-9900,-9900
1/2/2004,6:56,-4.7,01,-9900,2,2.8,01,-9900,2,-5.1,01,-9900,2,-9900,-9900,-9900
1/2/2004,6:57,-4.7,01,-9900,2,2.9,01,-9900,2,-4.9,01,-9900,2,-9900,-9900,-9900
1/2/2004,6:58,-4.7,01,-9900,2,3.1,01,-9900,2,-4.8,01,-9900,2,-9900,-9900,-9900
1/2/2004,6:59,-4.6,01,-9900,2,3.1,01,-9900,2,-4.6,01,-9900,2,-9900,-9900,-9900
1/2/2004,7:00,-4.3,01,-9900,2,3.1,01,-9900,2,-4.6,01,-9900,2,-9900,-9900,-9900
1/2/2004,7:01,-4.2,01,-9900,2,3.1,01,-9900,2,-4.5,01,-9900,2,-9900,-9900,-9900
1/2/2004,7:02,-4.2,01,-9900,2,3.1,01,-9900,2,-4.5,01,-9900,2,-9900,-9900,-9900
1/2/2004,7:03,-4.2,01,-9900,2,3.1,01,-9900,2,-4.5,01,-9900,2,-9900,-9900,-9900
1/2/2004,7:04,-4.2,01,-9900,2,2.8,01,-9900,2,-4.5,01,-9900,2,-9900,-9900,-9900
1/2/2004,7:05,-4.2,01,-9900,2,2.7,01,-9900,2,-4.5,01,-9900,2,-9900,-9900,-9900
1/2/2004,7:06,-4.2,01,-9900,2,2.4,01,-9900,2,-4.6,01,-9900,2,-9900,-9900,-9900
1/2/2004,7:07,-4.2,01,-9900,2,2.2,01,-9900,2,-4.7,01,-9900,2,-9900,-9900,-9900
1/2/2004,7:08,-4.1,01,-9900,2,2.2,01,-9900,2,-4.6,01,-9900,2,-9900,-9900,-9900
1/2/2004,7:09,-3.9,01,-9900,2,2.2,01,-9900,2,-4.4,01,-9900,2,-9900,-9900,-9900
1/2/2004,7:10,-3.5,01,-9900,2,2.3,01,-9900,2,-4.1,01,-9900,2,-9900,-9900,-9900
1/2/2004,7:11,-3.5,01,-9900,2,2.6,01,-9900,2,-3.8,01,-9900,2,-9900,-9900,-9900
1/2/2004,7:12,-3.3,01,-9900,2,2.6,01,-9900,2,-3.6,01,-9900,2,-9900,-9900,-9900
1/2/2004,7:13,-3.3,01,-9900,2,2.6,01,-9900,2,-3.5,01,-9900,2,-9900,-9900,-9900
1/2/2004,7:14,-3.3,01,-9900,2,2.7,01,-9900,2,-3.4,01,-9900,2,-9900,-9900,-9900
1/2/2004,7:15,-2.9,01,-9900,2,2.8,01,-9900,2,-3.2,01,-9900,2,-9900,-9900,-9900
1/2/2004,7:16,-3.0,01,-9900,2,2.6,01,-9900,2,-3.1,01,-9900,2,-9900,-9900,-9900
1/2/2004,7:17,-3.3,01,-9900,2,2.3,01,-9900,2,-3.4,01,-9900,2,-9900,-9900,-9900
1/2/2004,7:18,-3.3,01,-9900,2,2.1,01,-9900,2,-3.5,01,-9900,2,-9900,-9900,-9900
1/2/2004,7:19,-3.3,01,-9900,2,2.0,01,-9900,2,-3.4,01,-9900,2,-9900,-9900,-9900
1/2/2004,7:20,-2.9,01,-9900,2,2.2,01,-9900,2,-3.1,01,-9900,2,-9900,-9900,-9900
1/2/2004,7:21,-2.4,01,-9900,2,2.5,01,-9900,2,-2.7,01,-9900,2,-9900,-9900,-9900
1/2/2004,7:22,-2.1,01,-9900,2,2.6,01,-9900,2,-2.4,01,-9900,2,-9900,-9900,-9900
1/2/2004,7:23,-1.9,01,-9900,2,2.6,01,-9900,2,-2.2,01,-9900,2,-9900,-9900,-9900
1/2/2004,7:24,-1.8,01,-9900,2,2.7,01,-9900,2,-1.9,01,-9900,2,-9900,-9900,-9900
1/2/2004,7:25,-1.5,01,-9900,2,2.8,01,-9900,2,-1.6,01,-9900,2,-9900,-9900,-9900
1/2/2004,7:26,-1.4,01,-9900,2,3.0,01,-9900,2,-1.3,01,-9900,2,-9900,-9900,-9900
1/2/2004,7:27,-1.2,01,-9900,2,3.1,01,-9900,2,-1.0,01,-9900,2,-9900,-9900,-9900
1/2/2004,7:28,-1.0,01,-9900,2,2.8,01,-9900,2,-0.8,01,-9900,2,-9900,-9900,-9900
1/2/2004,7:29,-0.6,01,-9900,2,2.5,01,-9900,2,-0.3,01,-9900,2,-9900,-9900,-9900
1/2/2004,7:30,0.4,01,-9900,2,2.2,01,-9900,2,0.6,01,-9900,2,-9900,-9900,-9900
1/2/2004,7:31,1.7,01,-9900,2,2.2,01,-9900,2,1.9,01,-9900,2,-9900,-9900,-9900
1/2/2004,7:32,3.0,01,-9900,2,2.2,01,-9900,2,3.4,01,-9900,2,-9900,-9900,-9900
1/2/2004,7:33,4.7,01,-9900,2,2.2,01,-9900,2,5.0,01,-9900,2,-9900,-9900,-9900
1/2/2004,7:34,6.5,01,-9900,2,2.5,01,-9900,2,6.8,01,-9900,2,-9900,-9900,-9900
1/2/2004,7:35,8.5,01,-9900,2,2.7,01,-9900,2,8.7,01,-9900,2,-9900,-9900,-9900
1/2/2004,7:36,10.7,08,-9900,2,3.0,01,-9900,2,10.9,08,-9900,2,-9900,-9900,-9900
1/2/2004,7:37,13.2,08,-9900,2,3.1,01,-9900,2,13.6,08,-9900,2,-9900,-9900,-9900
1/2/2004,7:38,15.6,08,-9900,2,3.1,01,-9900,2,16.0,08,-9900,2,-9900,-9900,-9900
1/2/2004,7:39,17.5,08,-9900,2,3.1,01,-9900,2,18.0,08,-9900,2,-9900,-9900,-9900
1/2/2004,7:40,19.1,08,-9900,2,3.1,01,-9900,2,19.5,08,-9900,2,-9900,-9900,-9900
1/2/2004,7:41,20.6,08,-9900,2,3.2,01,-9900,2,21.2,08,-9900,2,-9900,-9900,-9900
1/2/2004,7:42,22.9,08,-9900,2,3.1,01,-9900,2,23.4,08,-9900,2,-9900,-9900,-9900
1/2/2004,7:43,25.8,08,-9900,2,3.1,01,-9900,2,26.1,08,-9900,2,-9900,-9900,-9900
1/2/2004,7:44,29.0,08,-9900,2,3.3,01,-9900,2,29.2,08,-9900,2,-9900,-9900,-9900
1/2/2004,7:45,32.3,08,-9900,2,4.3,01,-9900,2,32.3,08,-9900,2,-9900,-9900,-9900
1/2/2004,7:46,34.9,08,-9900,2,4.1,01,-9900,2,34.9,08,-9900,2,-9900,-9900,-9900
1/2/2004,7:47,37.0,08,-9900,2,5.5,01,-9900,2,36.9,08,-9900,2,-9900,-9900,-9900
1/2/2004,7:48,39.6,08,-9900,2,17.5,08,-9900,2,38.9,08,-9900,2,-9900,-9900,-9900
1/2/2004,7:49,42.0,08,-9900,2,24.9,08,-9900,2,40.9,08,-9900,2,-9900,-9900,-9900
1/2/2004,7:50,44.4,08,-9900,2,27.2,08,-9900,2,43.2,08,-9900,2,-9900,-9900,-9900
1/2/2004,7:51,46.0,08,-9900,2,17.3,08,-9900,2,45.4,08,-9900,2,-9900,-9900,-9900
1/2/2004,7:52,48.1,08,-9900,2,19.8,08,-9900,2,47.4,08,-9900,2,-9900,-9900,-9900
1/2/2004,7:53,49.5,08,-9900,2,12.1,08,-9900,2,49.3,08,-9900,2,-9900,-9900,-9900
1/2/2004,7:54,51.1,08,-9900,2,9.8,01,-9900,2,51.2,08,-9900,2,-9900,-9900,-9900
1/2/2004,7:55,54.1,08,-9900,2,12.0,08,-9900,2,54.0,08,-9900,2,-9900,-9900,-9900
1/2/2004,7:56,58.0,08,-9900,2,13.3,08,-9900,2,57.8,08,-9900,2,-9900,-9900,-9900
1/2/2004,7:57,62.1,08,-9900,2,13.4,08,-9900,2,61.9,08,-9900,2,-9900,-9900,-9900
1/2/2004,7:58,64.6,08,-9900,2,8.2,01,-9900,2,64.9,08,-9900,2,-9900,-9900,-9900
1/2/2004,7:59,67.1,08,-9900,2,7.8,01,-9900,2,67.3,08,-9900,2,-9900,-9900,-9900
1/2/2004,8:00,69.4,08,-9900,2,6.9,01,-9900,2,69.7,08,-9900,2,-9900,-9900,-9900
