DATE,MST,GHI,DNI,DHI,qcGHI,qcDNI,qcDHI,uCode,U95GHI,U95DNI,U95DHI,UoSys,UoSysAbs,Ufield,zen,ETR,ETRn,kt,kn,kd,SQCcode
1/1/2004,0:00,-6.9823,2.1727,-6.8898,1,1,1,2,,,,,,,100.0,0.0,0.0,,,,0
1/1/2004,0:01,-7.0638,2.3365,-7.0135,1,1,1,2,,,,,,,100.0,0.0,0.0,,,,0
1/1/2004,0:02,-7.2031,2.937,-7.1394,1,1,1,2,,,,,,,100.0,0.0,0.0,,,,0
1/1/2004,0:03,-7.3437,3.8541,-7.3638,1,1,1,2,,,,,,,100.0,0.0,0.0,,,,0
1/1/2004,0:04,-7.4478,4.7603,-7.5218,1,1,1,2,,,,,,,100.0,0.0,0.0,,,,0
1/1/2004,0:05,-7.6686,4.269,-7.9569,1,1,1,2,,,,,,,100.0,0.0,0.0,,,,0
1/1/2004,0:06,-8.2972,0.63326,-8.8522,1,1,1,2,,,,,,,100.0,0.0,0.0,,,,0
1/1/2004,0:07,-8.5883,-2.0199,-9.3903,1,1,1,2,,,,,,,100.0,0.0,0.0,,,,0
1/1/2004,0:08,-8.577,-1.6268,-9.2964,1,1,1,2,,,,,,,100.0,0.0,0.0,,,,0
1/1/2004,0:09,-8.5306,-1.9653,-9.2552,1,1,1,2,,,,,,,100.0,0.0,0.0,,,,0
1/1/2004,0:10,-8.5531,-2.009,-9.2849,1,1,1,2,,,,,,,100.0,0.0,0.0,,,,0
1/1/2004,0:11,-8.2508,1.4958,-8.8201,1,1,1,2,,,,,,,100.0,0.0,0.0,,,,0
1/1/2004,0:12,-7.9133,2.9807,-8.3255,1,1,1,2,,,,,,,100.0,0.0,0.0,,,,0
1/1/2004,0:13,-7.9133,2.9807,-8.0026,1,1,1,2,,,,,,,100.0,0.0,0.0,,,,0
1/1/2004,0:14,-7.9133,3.1882,-7.8698,1,1,1,2,,,,,,,100.0,0.0,0.0,,,,0
1/1/2004,0:15,-7.9133,3.5812,-7.7691,1,1,1,2,,,,,,,100.0,0.0,0.0,,,,0
1/1/2004,0:16,-7.9133,3.5485,-7.7691,1,1,1,2,,,,,,,100.0,0.0,0.0,,,,0
1/1/2004,0:17,-8.0525,3.0244,-7.8423,1,1,1,2,,,,,,,100.0,0.0,0.0,,,,0
1/1/2004,0:18,-8.3675,2.5658,-7.9065,1,1,1,2,,,,,,,100.0,0.0,0.0,,,,0
1/1/2004,0:19,-8.3787,1.9981,-7.9225,1,1,1,2,,,,,,,100.0,0.0,0.0,,,,0
1/1/2004,0:20,-8.3787,2.4566,-8.0302,1,1,1,2,,,,,,,100.0,0.0,0.0,,,,0
1/1/2004,0:21,-8.3787,2.675,-8.021,1,1,1,2,,,,,,,100.0,0.0,0.0,,,,0
1/1/2004,0:22,-8.4251,1.9107,-8.053,1,1,1,2,,,,,,,100.0,0.0,0.0,,,,0
1/1/2004,0:23,-8.6122,1.5723,-8.124,1,1,1,2,,,,,,,100.0,0.0,0.0,,,,0
1/1/2004,0:24,-8.8217,1.1137,-8.3644,1,1,1,2,,,,,,,100.0,0.0,0.0,,,,0
1/1/2004,0:25,-8.8442,1.4958,-8.6804,1,1,1,2,,,,,,,100.0,0.0,0.0,,,,0
1/1/2004,0:26,-8.8442,1.9653,-8.8407,1,1,1,2,,,,,,,100.0,0.0,0.0,,,,0
1/1/2004,0:27,-8.8442,2.0199,-8.9323,1,1,1,2,,,,,,,100.0,0.0,0.0,,,,0
1/1/2004,0:28,-8.8442,2.0854,-9.1223,1,1,1,2,,,,,,,100.0,0.0,0.0,,,,0
1/1/2004,0:29,-8.8442,1.5177,-9.1567,1,1,1,2,,,,,,,100.0,0.0,0.0,,,,0
1/1/2004,0:30,-9.0538,1.0591,-9.1957,1,1,1,2,,,,,,,100.0,0.0,0.0,,,,0
1/1/2004,0:31,-9.2633,1.0809,-9.2621,1,1,1,2,,,,,,,100.0,0.0,0.0,,,,0
1/1/2004,0:32,-9.0777,1.4849,-9.2575,1,1,1,2,,,,,,,100.0,0.0,0.0,,,,0
1/1/2004,0:33,-9.0425,1.5286,-9.4155,1,1,1,2,,,,,,,100.0,0.0,0.0,,,,0
1/1/2004,0:34,-8.9849,1.5723,-9.4157,1,1,1,2,,,,,,,100.0,0.0,0.0,,,,0
1/1/2004,0:35,-8.8681,0.79705,-9.3608,1,1,1,2,,,,,,,100.0,0.0,0.0,,,,0
1/1/2004,0:36,-9.065,-0.17469,-9.4088,1,1,1,2,,,,,,,100.0,0.0,0.0,,,,0
1/1/2004,0:37,-9.3097,-0.73153,-9.4752,1,1,1,2,,,,,,,100.0,0.0,0.0,,,,0
1/1/2004,0:38,-9.3097,-1.4085,-9.4889,1,1,1,2,,,,,,,100.0,0.0,0.0,,,,0
1/1/2004,0:39,-9.193,-1.7469,-9.4592,1,1,1,2,,,,,,,100.0,0.0,0.0,,,,0
1/1/2004,0:40,-9.0313,-1.7797,-9.5439,1,1,1,2,,,,,,,100.0,0.0,0.0,,,,0
1/1/2004,0:41,-8.8555,-0.85163,-9.6698,1,1,1,2,,,,,,,100.0,0.0,0.0,,,,0
1/1/2004,0:42,-8.8442,0.44765,-9.6332,1,1,1,2,,,,,,,100.0,0.0,0.0,,,,0
1/1/2004,0:43,-9.0074,0.90622,-9.6996,1,1,1,2,,,,,,,100.0,0.0,0.0,,,,0
1/1/2004,0:44,-9.0538,0.30571,-9.7568,1,1,1,2,,,,,,,100.0,0.0,0.0,,,,0
1/1/2004,0:45,-8.937,-0.6551,-9.7522,1,1,1,2,,,,,,,100.0,0.0,0.0,,,,0
1/1/2004,0:46,-8.9834,-0.6551,-9.7567,1,1,1,2,,,,,,,100.0,0.0,0.0,,,,0
1/1/2004,0:47,-9.252,-0.6551,-9.8048,1,1,1,2,,,,,,,100.0,0.0,0.0,,,,0
1/1/2004,0:48,-9.3097,-0.63326,-9.7842,1,1,1,2,,,,,,,100.0,0.0,0.0,,,,0
1/1/2004,0:49,-9.3097,-0.45857,-9.6651,1,1,1,2,,,,,,,100.0,0.0,0.0,,,,0
1/1/2004,0:50,-9.3688,-0.36031,-9.6194,1,1,1,2,,,,,,,100.0,0.0,0.0,,,,0
1/1/2004,0:51,-9.4377,0.08735,-9.5804,1,1,1,2,,,,,,,100.0,0.0,0.0,,,,0
1/1/2004,0:52,-9.3097,0.24021,-9.5415,1,1,1,2,,,,,,,100.0,0.0,0.0,,,,0
1/1/2004,0:53,-9.3097,0.22929,-9.5324,1,1,1,2,,,,,,,100.0,0.0,0.0,,,,0
1/1/2004,0:54,-9.3097,0.0,-9.5071,1,1,1,2,,,,,,,100.0,0.0,0.0,,,,0
1/1/2004,0:55,-9.3097,-0.49133,-9.3812,1,1,1,2,,,,,,,100.0,0.0,0.0,,,,0
1/1/2004,0:56,-9.3097,-0.65511,-9.2369,1,1,1,2,,,,,,,100.0,0.0,0.0,,,,0
1/1/2004,0:57,-9.2408,-0.79705,-9.0904,1,1,1,2,,,,,,,100.0,0.0,0.0,,,,0
1/1/2004,0:58,-8.9258,-1.0918,-9.0262,1,1,1,2,,,,,,,100.0,0.0,0.0,,,,0
1/1/2004,0:59,-8.8442,-1.0918,-9.0354,1,1,1,2,,,,,,,100.0,0.0,0.0,,,,0
1/1/2004,1:00,-8.8442,-1.0918,-8.9438,1,1,1,2,,,,,,,100.0,0.0,0.0,,,,0
1/1/2004,1:01,-8.6937,-0.89532,-8.8385,1,1,1,2,,,,,,,100.0,0.0,0.0,,,,0
1/1/2004,1:02,-8.6122,-0.34939,-8.8591,1,1,1,2,,,,,,,100.0,0.0,0.0,,,,0
1/1/2004,1:03,-8.7162,0.55684,-8.9897,1,1,1,2,,,,,,,100.0,0.0,0.0,,,,0
1/1/2004,1:04,-8.8442,1.2884,-9.1042,1,1,1,2,,,,,,,100.0,0.0,0.0,,,,0
1/1/2004,1:05,-8.8442,1.747,-8.9027,1,1,1,2,,,,,,,100.0,0.0,0.0,,,,0
1/1/2004,1:06,-8.8442,1.736,-8.7607,1,1,1,2,,,,,,,100.0,0.0,0.0,,,,0
1/1/2004,1:07,-8.8442,1.4085,-8.6256,1,1,1,2,,,,,,,100.0,0.0,0.0,,,,0
1/1/2004,1:08,-8.8442,1.1246,-8.6073,1,1,1,2,,,,,,,100.0,0.0,0.0,,,,0
1/1/2004,1:09,-8.8442,0.66603,-8.5569,1,1,1,2,,,,,,,100.0,0.0,0.0,,,,0
1/1/2004,1:10,-8.8442,0.96082,-8.4813,1,1,1,2,,,,,,,100.0,0.0,0.0,,,,0
1/1/2004,1:11,-8.8442,1.0918,-8.4355,1,1,1,2,,,,,,,100.0,0.0,0.0,,,,0
1/1/2004,1:12,-8.7289,1.1792,-8.5042,1,1,1,2,,,,,,,100.0,0.0,0.0,,,,0
1/1/2004,1:13,-8.6234,1.3976,-8.4401,1,1,1,2,,,,,,,100.0,0.0,0.0,,,,0
1/1/2004,1:14,-8.6122,1.1683,-8.4286,1,1,1,2,,,,,,,100.0,0.0,0.0,,,,0
1/1/2004,1:15,-8.6698,1.1574,-8.4905,1,1,1,2,,,,,,,100.0,0.0,0.0,,,,0
1/1/2004,1:16,-8.8091,1.2447,-8.5752,1,1,1,2,,,,,,,100.0,0.0,0.0,,,,0
1/1/2004,1:17,-8.8442,1.0919,-8.7126,1,1,1,2,,,,,,,100.0,0.0,0.0,,,,0
1/1/2004,1:18,-8.8442,0.72062,-8.8363,1,1,1,2,,,,,,,100.0,0.0,0.0,,,,0
1/1/2004,1:19,-8.8442,0.38215,-8.8661,1,1,1,2,,,,,,,100.0,0.0,0.0,,,,0
1/1/2004,1:20,-8.6586,0.27296,-8.7859,1,1,1,2,,,,,,,100.0,0.0,0.0,,,,0
1/1/2004,1:21,-8.4491,0.44766,-8.5776,1,1,1,2,,,,,,,100.0,0.0,0.0,,,,0
1/1/2004,1:22,-8.3787,0.63328,-8.5386,1,1,1,2,,,,,,,100.0,0.0,0.0,,,,0
1/1/2004,1:23,-8.3787,0.63328,-8.5959,1,1,1,2,,,,,,,100.0,0.0,0.0,,,,0
1/1/2004,1:24,-8.3787,0.43674,-8.6119,1,1,1,2,,,,,,,100.0,0.0,0.0,,,,0
1/1/2004,1:25,-8.3787,0.48042,-8.5501,1,1,1,2,,,,,,,100.0,0.0,0.0,,,,0
1/1/2004,1:26,-8.3787,0.07643,-8.5135,1,1,1,2,,,,,,,100.0,0.0,0.0,,,,0
1/1/2004,1:27,-8.3787,0.13102,-8.4745,1,1,1,2,,,,,,,100.0,0.0,0.0,,,,0
1/1/2004,1:28,-8.3787,0.37123,-8.431,1,1,1,2,,,,,,,100.0,0.0,0.0,,,,0
1/1/2004,1:29,-8.4251,0.33848,-8.564,1,1,1,2,,,,,,,100.0,0.0,0.0,,,,0
1/1/2004,1:30,-8.4716,0.92808,-8.5572,1,1,1,2,,,,,,,100.0,0.0,0.0,,,,0
1/1/2004,1:31,-8.3787,1.2556,-8.4014,1,1,1,2,,,,,,,100.0,0.0,0.0,,,,0
1/1/2004,1:32,-8.3787,0.91716,-8.3899,1,1,1,2,,,,,,,100.0,0.0,0.0,,,,0
1/1/2004,1:33,-8.5883,0.19653,-8.7105,1,1,1,2,,,,,,,100.0,0.0,0.0,,,,0
1/1/2004,1:34,-8.6122,0.13102,-8.8364,1,1,1,2,,,,,,,100.0,0.0,0.0,,,,0
1/1/2004,1:35,-8.7866,0.0,-8.8478,1,1,1,2,,,,,,,100.0,0.0,0.0,,,,0
1/1/2004,1:36,-8.8442,0.05459,-8.8387,1,1,1,2,,,,,,,100.0,0.0,0.0,,,,0
1/1/2004,1:37,-8.8091,0.18562,-8.77,1,1,1,2,,,,,,,100.0,0.0,0.0,,,,0
1/1/2004,1:38,-8.5658,0.42582,-8.5249,1,1,1,2,,,,,,,100.0,0.0,0.0,,,,0
1/1/2004,1:39,-8.2747,1.2556,-8.2089,1,1,1,2,,,,,,,100.0,0.0,0.0,,,,0
1/1/2004,1:40,-7.9133,1.747,-7.9639,1,1,1,2,,,,,,,100.0,0.0,0.0,,,,0
1/1/2004,1:41,-8.03,1.8234,-7.8654,1,1,1,2,,,,,,,100.0,0.0,0.0,,,,0
1/1/2004,1:42,-8.3098,1.3648,-7.9295,1,1,1,2,,,,,,,100.0,0.0,0.0,,,,0
1/1/2004,1:43,-8.3787,1.0809,-8.1287,1,1,1,2,,,,,,,100.0,0.0,0.0,,,,0
1/1/2004,1:44,-8.3436,1.0918,-8.1195,1,1,1,2,,,,,,,100.0,0.0,0.0,,,,0
1/1/2004,1:45,-8.1467,1.605,-8.0921,1,1,1,2,,,,,,,100.0,0.0,0.0,,,,0
1/1/2004,1:46,-8.3787,1.9762,-8.1012,1,1,1,2,,,,,,,100.0,0.0,0.0,,,,0
1/1/2004,1:47,-8.4378,1.8998,-8.1287,1,1,1,2,,,,,,,100.0,0.0,0.0,,,,0
1/1/2004,1:48,-8.7289,1.2665,-8.3623,1,1,1,2,,,,,,,100.0,0.0,0.0,,,,0
1/1/2004,1:49,-8.8442,0.40399,-8.5386,1,1,1,2,,,,,,,100.0,0.0,0.0,,,,0
1/1/2004,1:50,-8.6937,0.80797,-8.534,1,1,1,2,,,,,,,100.0,0.0,0.0,,,,0
1/1/2004,1:51,-8.5306,0.85164,-8.463,1,1,1,2,,,,,,,100.0,0.0,0.0,,,,0
1/1/2004,1:52,-8.4378,0.65511,-8.4745,1,1,1,2,,,,,,,100.0,0.0,0.0,,,,0
1/1/2004,1:53,-8.4842,0.94991,-8.4264,1,1,1,2,,,,,,,100.0,0.0,0.0,,,,0
1/1/2004,1:54,-8.6937,0.61144,-8.6417,1,1,1,2,,,,,,,100.0,0.0,0.0,,,,0
1/1/2004,1:55,-8.8442,0.09827,-8.8363,1,1,1,2,,,,,,,100.0,0.0,0.0,,,,0
1/1/2004,1:56,-8.6122,1.1246,-8.6943,1,1,1,2,,,,,,,100.0,0.0,0.0,,,,0
1/1/2004,1:57,-8.4026,1.6378,-8.3966,1,1,1,2,,,,,,,100.0,0.0,0.0,,,,0
1/1/2004,1:58,-8.4139,1.1901,-8.2432,1,1,1,2,,,,,,,100.0,0.0,0.0,,,,0
1/1/2004,1:59,-8.4603,0.81889,-8.2661,1,1,1,2,,,,,,,100.0,0.0,0.0,,,,0
1/1/2004,2:00,-8.3787,0.89532,-8.1333,1,1,1,2,,,,,,,100.0,0.0,0.0,,,,0
1/1/2004,2:01,-8.3787,0.84073,-8.1402,1,1,1,2,,,,,,,100.0,0.0,0.0,,,,0
1/1/2004,2:02,-8.4378,0.34939,-8.3279,1,1,1,2,,,,,,,100.0,0.0,0.0,,,,0
1/1/2004,2:03,-8.6234,0.0,-8.4492,1,1,1,2,,,,,,,100.0,0.0,0.0,,,,0
1/1/2004,2:04,-8.7978,-0.37123,-8.511,1,1,1,2,,,,,,,100.0,0.0,0.0,,,,0
1/1/2004,2:05,-8.6009,-0.72062,-8.5202,1,1,1,2,,,,,,,100.0,0.0,0.0,,,,0
1/1/2004,2:06,-8.4026,-1.0919,-8.5797,1,1,1,2,,,,,,,100.0,0.0,0.0,,,,0
1/1/2004,2:07,-8.3787,0.13102,-8.5774,1,1,1,2,,,,,,,100.0,0.0,0.0,,,,0
1/1/2004,2:08,-8.3787,1.3976,-8.5087,1,1,1,2,,,,,,,100.0,0.0,0.0,,,,0
1/1/2004,2:09,-8.3787,1.2666,-8.4721,1,1,1,2,,,,,,,100.0,0.0,0.0,,,,0
1/1/2004,2:10,-8.5658,0.8844,-8.3622,1,1,1,2,,,,,,,100.0,0.0,0.0,,,,0
1/1/2004,2:11,-8.6122,0.44766,-8.2248,1,1,1,2,,,,,,,100.0,0.0,0.0,,,,0
1/1/2004,2:12,-8.4026,-0.04367,-8.1126,1,1,1,2,,,,,,,100.0,0.0,0.0,,,,0
1/1/2004,2:13,-8.3787,-0.31664,-8.0853,1,1,1,2,,,,,,,100.0,0.0,0.0,,,,0
1/1/2004,2:14,-8.3787,-0.57868,-8.0945,1,1,1,2,,,,,,,100.0,0.0,0.0,,,,0
1/1/2004,2:15,-8.3787,0.24021,-8.2548,1,1,1,2,,,,,,,100.0,0.0,0.0,,,,0
1/1/2004,2:16,-8.3787,1.212,-8.2846,1,1,1,2,,,,,,,100.0,0.0,0.0,,,,0
1/1/2004,2:17,-8.3787,1.0373,-8.138,1,1,1,2,,,,,,,100.0,0.0,0.0,,,,0
1/1/2004,2:18,-8.3787,0.45858,-8.1792,1,1,1,2,,,,,,,100.0,0.0,0.0,,,,0
1/1/2004,2:19,-8.577,0.42582,-8.4356,1,1,1,2,,,,,,,100.0,0.0,0.0,,,,0
1/1/2004,2:20,-8.3787,0.65511,-8.4746,1,1,1,2,,,,,,,100.0,0.0,0.0,,,,0
1/1/2004,2:21,-8.3787,0.65511,-8.3441,1,1,1,2,,,,,,,100.0,0.0,0.0,,,,0
1/1/2004,2:22,-8.3787,0.77521,-8.3647,1,1,1,2,,,,,,,100.0,0.0,0.0,,,,0
1/1/2004,2:23,-8.3787,1.6705,-8.2593,1,1,1,2,,,,,,,100.0,0.0,0.0,,,,0
1/1/2004,2:24,-8.3787,2.9371,-8.0968,1,1,1,2,,,,,,,100.0,0.0,0.0,,,,0
1/1/2004,2:25,-8.4139,2.5768,-8.1036,1,1,1,2,,,,,,,100.0,0.0,0.0,,,,0
1/1/2004,2:26,-8.8217,1.4303,-8.5755,1,1,1,2,,,,,,,100.0,0.0,0.0,,,,0
1/1/2004,2:27,-9.1466,1.0482,-9.0244,1,1,1,2,,,,,,,100.0,0.0,0.0,,,,0
1/1/2004,2:28,-9.3097,-0.08735,-9.3633,1,1,1,2,,,,,,,100.0,0.0,0.0,,,,0
1/1/2004,2:29,-9.3097,-0.04367,-9.4574,1,1,1,2,,,,,,,100.0,0.0,0.0,,,,0
1/1/2004,2:30,-9.2281,-0.54592,-9.4802,1,1,1,2,,,,,,,100.0,0.0,0.0,,,,0
1/1/2004,2:31,-8.9258,-0.90623,-9.4367,1,1,1,2,,,,,,,100.0,0.0,0.0,,,,0
1/1/2004,2:32,-8.7978,-1.07,-9.2374,1,1,1,2,,,,,,,100.0,0.0,0.0,,,,0
1/1/2004,2:33,-8.5306,-1.0918,-9.013,1,1,1,2,,,,,,,100.0,0.0,0.0,,,,0
1/1/2004,2:34,-8.3787,-0.7097,-8.8,1,1,1,2,,,,,,,100.0,0.0,0.0,,,,0
1/1/2004,2:35,-8.3787,-0.61144,-8.571,1,1,1,2,,,,,,,100.0,0.0,0.0,,,,0
1/1/2004,2:36,-8.2156,-0.50225,-8.4863,1,1,1,2,,,,,,,100.0,0.0,0.0,,,,0
1/1/2004,2:37,-8.3787,-0.56776,-8.7106,1,1,1,2,,,,,,,100.0,0.0,0.0,,,,0
1/1/2004,2:38,-8.3787,1.5068,-8.6556,1,1,1,2,,,,,,,100.0,0.0,0.0,,,,0
1/1/2004,2:39,-8.3787,1.9653,-8.5709,1,1,1,2,,,,,,,100.0,0.0,0.0,,,,0
1/1/2004,2:40,-8.3787,2.3038,-8.4861,1,1,1,2,,,,,,,100.0,0.0,0.0,,,,0
1/1/2004,2:41,-8.4603,1.474,-8.5594,1,1,1,2,,,,,,,100.0,0.0,0.0,,,,0
1/1/2004,2:42,-8.7753,-0.27296,-8.9008,1,1,1,2,,,,,,,100.0,0.0,0.0,,,,0
1/1/2004,2:43,-8.8794,-1.3867,-9.2168,1,1,1,2,,,,,,,100.0,0.0,0.0,,,,0
1/1/2004,2:44,-8.8442,-1.2666,-9.1343,1,1,1,2,,,,,,,100.0,0.0,0.0,,,,0
1/1/2004,2:45,-8.7402,0.13102,-8.7863,1,1,1,2,,,,,,,100.0,0.0,0.0,,,,0
1/1/2004,2:46,-8.4491,2.2929,-8.4015,1,1,1,2,,,,,,,100.0,0.0,0.0,,,,0
1/1/2004,2:47,-8.3787,3.0135,-8.1359,1,1,1,2,,,,,,,100.0,0.0,0.0,,,,0
1/1/2004,2:48,-8.3787,2.3802,-8.0695,1,1,1,2,,,,,,,100.0,0.0,0.0,,,,0
1/1/2004,2:49,-8.2634,3.0463,-7.9046,1,1,1,2,,,,,,,100.0,0.0,0.0,,,,0
1/1/2004,2:50,-7.9133,4.2801,-7.7168,1,1,1,2,,,,,,,100.0,0.0,0.0,,,,0
1/1/2004,2:51,-8.03,3.2865,-7.7122,1,1,1,2,,,,,,,100.0,0.0,0.0,,,,0
1/1/2004,2:52,-8.2044,2.9262,-7.7626,1,1,1,2,,,,,,,100.0,0.0,0.0,,,,0
1/1/2004,2:53,-7.8781,4.2692,-7.6046,1,1,1,2,,,,,,,100.0,0.0,0.0,,,,0
1/1/2004,2:54,-7.6925,4.7605,-7.3756,1,1,1,2,,,,,,,100.0,0.0,0.0,,,,0
1/1/2004,2:55,-7.6925,5.0553,-7.2244,1,1,1,2,,,,,,,100.0,0.0,0.0,,,,0
1/1/2004,2:56,-7.6925,5.1972,-7.1191,1,1,1,2,,,,,,,100.0,0.0,0.0,,,,0
1/1/2004,2:57,-7.8317,4.8151,-7.1488,1,1,1,2,,,,,,,100.0,0.0,0.0,,,,0
1/1/2004,2:58,-7.9133,4.4002,-7.245,1,1,1,2,,,,,,,100.0,0.0,0.0,,,,0
1/1/2004,2:59,-7.9133,4.3674,-7.3504,1,1,1,2,,,,,,,100.0,0.0,0.0,,,,0
1/1/2004,3:00,-7.9133,4.291,-7.2864,1,1,1,2,,,,,,,100.0,0.0,0.0,,,,0
1/1/2004,3:01,-7.9133,3.4939,-7.3712,1,1,1,2,,,,,,,100.0,0.0,0.0,,,,0
1/1/2004,3:02,-8.0764,2.4676,-7.4056,1,1,1,2,,,,,,,100.0,0.0,0.0,,,,0
1/1/2004,3:03,-8.3562,1.9653,-7.6094,1,1,1,2,,,,,,,100.0,0.0,0.0,,,,0
1/1/2004,3:04,-8.4026,1.7361,-7.8752,1,1,1,2,,,,,,,100.0,0.0,0.0,,,,0
1/1/2004,3:05,-8.4491,1.7142,-8.0561,1,1,1,2,,,,,,,100.0,0.0,0.0,,,,0
1/1/2004,3:06,-8.3787,1.9544,-8.0767,1,1,1,2,,,,,,,100.0,0.0,0.0,,,,0
1/1/2004,3:07,-8.3787,1.6924,-8.1088,1,1,1,2,,,,,,,100.0,0.0,0.0,,,,0
1/1/2004,3:08,-8.5067,1.1901,-8.1705,1,1,1,2,,,,,,,100.0,0.0,0.0,,,,0
1/1/2004,3:09,-8.6937,0.65511,-8.3399,1,1,1,2,,,,,,,100.0,0.0,0.0,,,,0
1/1/2004,3:10,-8.8442,0.63328,-8.5207,1,1,1,2,,,,,,,100.0,0.0,0.0,,,,0
1/1/2004,3:11,-8.8442,0.18562,-8.7702,1,1,1,2,,,,,,,100.0,0.0,0.0,,,,0
1/1/2004,3:12,-8.9609,0.20745,-8.9351,1,1,1,2,,,,,,,100.0,0.0,0.0,,,,0
1/1/2004,3:13,-8.833,1.7142,-8.7495,1,1,1,2,,,,,,,100.0,0.0,0.0,,,,0
1/1/2004,3:14,-8.705,1.7797,-8.6556,1,1,1,2,,,,,,,100.0,0.0,0.0,,,,0
1/1/2004,3:15,-8.8442,0.94991,-8.7724,1,1,1,2,,,,,,,100.0,0.0,0.0,,,,0
1/1/2004,3:16,-8.8442,-0.18562,-8.6327,1,1,1,2,,,,,,,100.0,0.0,0.0,,,,0
1/1/2004,3:17,-8.8681,-0.65511,-8.6327,1,1,1,2,,,,,,,100.0,0.0,0.0,,,,0
1/1/2004,3:18,-8.9145,-0.65511,-8.6441,1,1,1,2,,,,,,,100.0,0.0,0.0,,,,0
1/1/2004,3:19,-8.9497,-0.65511,-8.5915,1,1,1,2,,,,,,,100.0,0.0,0.0,,,,0
1/1/2004,3:20,-8.8442,-0.78614,-8.5319,1,1,1,2,,,,,,,100.0,0.0,0.0,,,,0
1/1/2004,3:21,-8.8442,-1.5395,-8.6785,1,1,1,2,,,,,,,100.0,0.0,0.0,,,,0
1/1/2004,3:22,-9.2281,-2.5004,-9.125,1,1,1,2,,,,,,,100.0,0.0,0.0,,,,0
1/1/2004,3:23,-9.3097,-3.0572,-9.5098,1,1,1,2,,,,,,,100.0,0.0,0.0,,,,0
1/1/2004,3:24,-9.2872,-2.7842,-9.5076,1,1,1,2,,,,,,,100.0,0.0,0.0,,,,0
1/1/2004,3:25,-8.9033,-2.282,-9.2237,1,1,1,2,,,,,,,100.0,0.0,0.0,,,,0
1/1/2004,3:26,-8.7978,-2.0636,-8.9926,1,1,1,2,,,,,,,100.0,0.0,0.0,,,,0
1/1/2004,3:27,-8.6122,-1.7033,-8.7544,1,1,1,2,,,,,,,100.0,0.0,0.0,,,,0
1/1/2004,3:28,-8.6586,-0.85165,-8.5826,1,1,1,2,,,,,,,100.0,0.0,0.0,,,,0
1/1/2004,3:29,-8.7162,1.1901,-8.4978,1,1,1,2,,,,,,,100.0,0.0,0.0,,,,0
1/1/2004,3:30,-8.8442,2.4785,-8.4085,1,1,1,2,,,,,,,100.0,0.0,0.0,,,,0
1/1/2004,3:31,-8.8442,2.9917,-8.3673,1,1,1,2,,,,,,,100.0,0.0,0.0,,,,0
1/1/2004,3:32,-8.8442,2.686,-8.3764,1,1,1,2,,,,,,,100.0,0.0,0.0,,,,0
1/1/2004,3:33,-8.8442,3.0572,-8.4221,1,1,1,2,,,,,,,100.0,0.0,0.0,,,,0
1/1/2004,3:34,-8.8442,2.7187,-8.4083,1,1,1,2,,,,,,,100.0,0.0,0.0,,,,0
1/1/2004,3:35,-8.8442,2.9262,-8.4838,1,1,1,2,,,,,,,100.0,0.0,0.0,,,,0
1/1/2004,3:36,-8.8442,3.0463,-8.5067,1,1,1,2,,,,,,,100.0,0.0,0.0,,,,0
1/1/2004,3:37,-8.8442,2.7952,-8.4838,1,1,1,2,,,,,,,100.0,0.0,0.0,,,,0
1/1/2004,3:38,-8.8442,3.0244,-8.4815,1,1,1,2,,,,,,,100.0,0.0,0.0,,,,0
1/1/2004,3:39,-8.8794,2.4021,-8.5527,1,1,1,2,,,,,,,100.0,0.0,0.0,,,,0
1/1/2004,3:40,-9.0777,1.9217,-8.7725,1,1,1,2,,,,,,,100.0,0.0,0.0,,,,0
1/1/2004,3:41,-9.0777,2.282,-8.8389,1,1,1,2,,,,,,,100.0,0.0,0.0,,,,0
1/1/2004,3:42,-9.0777,2.0964,-8.8343,1,1,1,2,,,,,,,100.0,0.0,0.0,,,,0
1/1/2004,3:43,-9.1128,2.0418,-8.99,1,1,1,2,,,,,,,100.0,0.0,0.0,,,,0
1/1/2004,3:44,-8.8681,2.675,-9.0564,1,1,1,2,,,,,,,100.0,0.0,0.0,,,,0
1/1/2004,3:45,-8.8442,2.9917,-8.9396,1,1,1,2,,,,,,,100.0,0.0,0.0,,,,0
1/1/2004,3:46,-8.8681,2.9589,-8.864,1,1,1,2,,,,,,,100.0,0.0,0.0,,,,0
1/1/2004,3:47,-9.1128,2.3584,-8.8663,1,1,1,2,,,,,,,100.0,0.0,0.0,,,,0
1/1/2004,3:48,-9.3097,1.8889,-9.0334,1,1,1,2,,,,,,,100.0,0.0,0.0,,,,0
1/1/2004,3:49,-9.3097,2.1728,-9.1113,1,1,1,2,,,,,,,100.0,0.0,0.0,,,,0
1/1/2004,3:50,-9.3097,1.9653,-9.2258,1,1,1,2,,,,,,,100.0,0.0,0.0,,,,0
1/1/2004,3:51,-9.3097,1.5723,-9.4067,1,1,1,2,,,,,,,100.0,0.0,0.0,,,,0
1/1/2004,3:52,-9.3097,1.2775,-9.5694,1,1,1,2,,,,,,,100.0,0.0,0.0,,,,0
1/1/2004,3:53,-9.3097,1.0918,-9.7733,1,1,1,2,,,,,,,100.0,0.0,0.0,,,,0
1/1/2004,3:54,-9.3097,1.0591,-9.9014,1,1,1,2,,,,,,,100.0,0.0,0.0,,,,0
1/1/2004,3:55,-9.3097,1.0263,-9.7663,1,1,1,2,,,,,,,100.0,0.0,0.0,,,,0
1/1/2004,3:56,-9.3097,0.51317,-9.519,1,1,1,2,,,,,,,100.0,0.0,0.0,,,,0
1/1/2004,3:57,-9.3224,0.0,-9.3176,1,1,1,2,,,,,,,100.0,0.0,0.0,,,,0
1/1/2004,3:58,-9.3449,-0.16378,-9.2169,1,1,1,2,,,,,,,100.0,0.0,0.0,,,,0
1/1/2004,3:59,-9.3097,-0.01092,-9.201,1,1,1,2,,,,,,,100.0,0.0,0.0,,,,0
1/1/2004,4:00,-9.3097,0.0,-9.1941,1,1,1,2,,,,,,,100.0,0.0,0.0,,,,0
1/1/2004,4:01,-9.3097,-0.07643,-9.2056,1,1,1,2,,,,,,,100.0,0.0,0.0,,,,0
1/1/2004,4:02,-9.2985,-0.56776,-9.1942,1,1,1,2,,,,,,,100.0,0.0,0.0,,,,0
1/1/2004,4:03,-9.3097,-1.0482,-9.2445,1,1,1,2,,,,,,,100.0,0.0,0.0,,,,0
1/1/2004,4:04,-9.3097,-1.1028,-9.32,1,1,1,2,,,,,,,100.0,0.0,0.0,,,,0
1/1/2004,4:05,-9.3913,-1.5504,-9.6337,1,1,1,2,,,,,,,100.0,0.0,0.0,,,,0
1/1/2004,4:06,-9.6936,-1.9326,-9.9336,1,1,1,2,,,,,,,100.0,0.0,0.0,,,,0
1/1/2004,4:07,-9.7175,-1.9872,-10.105,1,1,7,2,,,,,,,100.0,0.0,0.0,,,,0
1/1/2004,4:08,-10.0438,-2.3475,-10.33,7,1,7,2,,,,,,,100.0,0.0,0.0,,,,0
1/1/2004,4:09,-10.2407,-2.2711,-10.442,7,1,7,2,,,,,,,100.0,0.0,0.0,,,,0
1/1/2004,4:10,-9.6247,-1.6815,-10.142,1,1,7,2,,,,,,,100.0,0.0,0.0,,,,0
1/1/2004,4:11,-9.3097,-1.2884,-9.7345,1,1,1,2,,,,,,,100.0,0.0,0.0,,,,0
1/1/2004,4:12,-9.252,-1.1028,-9.4138,1,1,1,2,,,,,,,100.0,0.0,0.0,,,,0
1/1/2004,4:13,-8.8681,-1.0919,-9.0291,1,1,1,2,,,,,,,100.0,0.0,0.0,,,,0
1/1/2004,4:14,-8.6122,-1.0919,-8.7338,1,1,1,2,,,,,,,100.0,0.0,0.0,,,,0
1/1/2004,4:15,-8.4842,-1.0919,-8.6033,1,1,1,2,,,,,,,100.0,0.0,0.0,,,,0
1/1/2004,4:16,-8.7753,-1.1464,-8.7889,1,1,1,2,,,,,,,100.0,0.0,0.0,,,,0
1/1/2004,4:17,-8.8442,-1.5613,-8.979,1,1,1,2,,,,,,,100.0,0.0,0.0,,,,0
1/1/2004,4:18,-8.8442,-1.878,-9.1621,1,1,1,2,,,,,,,100.0,0.0,0.0,,,,0
1/1/2004,4:19,-8.8442,-1.474,-9.1185,1,1,1,2,,,,,,,100.0,0.0,0.0,,,,0
1/1/2004,4:20,-8.8442,-1.0918,-8.9674,1,1,1,2,,,,,,,100.0,0.0,0.0,,,,0
1/1/2004,4:21,-8.705,-1.0919,-8.839,1,1,1,2,,,,,,,100.0,0.0,0.0,,,,0
1/1/2004,4:22,-8.6122,-1.0591,-8.7658,1,1,1,2,,,,,,,100.0,0.0,0.0,,,,0
1/1/2004,4:23,-8.6122,-0.65511,-8.6606,1,1,1,2,,,,,,,100.0,0.0,0.0,,,,0
1/1/2004,4:24,-8.5883,-0.65511,-8.6537,1,1,1,2,,,,,,,100.0,0.0,0.0,,,,0
1/1/2004,4:25,-8.3787,-0.65511,-8.5049,1,1,1,2,,,,,,,100.0,0.0,0.0,,,,0
1/1/2004,4:26,-8.2747,-0.65511,-8.3584,1,1,1,2,,,,,,,100.0,0.0,0.0,,,,0
1/1/2004,4:27,-7.9723,-0.65511,-8.1843,1,1,1,2,,,,,,,100.0,0.0,0.0,,,,0
1/1/2004,4:28,-7.9133,-0.65511,-8.1064,1,1,1,2,,,,,,,100.0,0.0,0.0,,,,0
1/1/2004,4:29,-7.9133,-0.51317,-8.0903,1,1,1,2,,,,,,,100.0,0.0,0.0,,,,0
1/1/2004,4:30,-7.902,-0.07643,-8.0353,1,1,1,2,,,,,,,100.0,0.0,0.0,,,,0
1/1/2004,4:31,-7.902,0.65511,-7.9689,1,1,1,2,,,,,,,100.0,0.0,0.0,,,,0
1/1/2004,4:32,-7.774,1.0919,-7.811,1,1,1,2,,,,,,,100.0,0.0,0.0,,,,0
1/1/2004,4:33,-7.6812,1.1464,-7.6943,1,1,1,2,,,,,,,100.0,0.0,0.0,,,,0
1/1/2004,4:34,-7.8907,1.2666,-7.7676,1,1,1,2,,,,,,,100.0,0.0,0.0,,,,0
1/1/2004,4:35,-8.1692,1.201,-7.9943,1,1,1,2,,,,,,,100.0,0.0,0.0,,,,0
1/1/2004,4:36,-8.3787,1.1683,-8.1226,1,1,1,2,,,,,,,100.0,0.0,0.0,,,,0
1/1/2004,4:37,-8.5194,1.0373,-8.2578,1,1,1,2,,,,,,,100.0,0.0,0.0,,,,0
1/1/2004,4:38,-8.5306,0.97175,-8.2967,1,1,1,2,,,,,,,100.0,0.0,0.0,,,,0
1/1/2004,4:39,-8.3787,1.1683,-8.164,1,1,1,2,,,,,,,100.0,0.0,0.0,,,,0
1/1/2004,4:40,-8.3787,1.7797,-8.1067,1,1,1,2,,,,,,,100.0,0.0,0.0,,,,0
1/1/2004,4:41,-8.3787,2.4894,-8.1961,1,1,1,2,,,,,,,100.0,0.0,0.0,,,,0
1/1/2004,4:42,-8.3787,3.0681,-8.322,1,1,1,2,,,,,,,100.0,0.0,0.0,,,,0
1/1/2004,4:43,-8.3787,3.8324,-8.2761,1,1,1,2,,,,,,,100.0,0.0,0.0,,,,0
1/1/2004,4:44,-8.3787,4.3893,-8.1867,1,1,1,2,,,,,,,100.0,0.0,0.0,,,,0
1/1/2004,4:45,-8.3787,4.0835,-8.1754,1,1,1,2,,,,,,,100.0,0.0,0.0,,,,0
1/1/2004,4:46,-8.5194,3.2756,-8.3105,1,1,1,2,,,,,,,100.0,0.0,0.0,,,,0
1/1/2004,4:47,-8.6122,3.2756,-8.315,1,1,1,2,,,,,,,100.0,0.0,0.0,,,,0
1/1/2004,4:48,-8.5067,3.221,-8.2485,1,1,1,2,,,,,,,100.0,0.0,0.0,,,,0
1/1/2004,4:49,-8.6122,2.2492,-8.1959,1,1,1,2,,,,,,,100.0,0.0,0.0,,,,0
1/1/2004,4:50,-8.6122,1.7688,-8.2371,1,1,1,2,,,,,,,100.0,0.0,0.0,,,,0
1/1/2004,4:51,-8.6122,2.3802,-8.418,1,1,1,2,,,,,,,100.0,0.0,0.0,,,,0
1/1/2004,4:52,-8.6122,2.7406,-8.5874,1,1,1,2,,,,,,,100.0,0.0,0.0,,,,0
1/1/2004,4:53,-8.6586,2.9698,-8.6446,1,1,1,2,,,,,,,100.0,0.0,0.0,,,,0
1/1/2004,4:54,-8.6122,3.5049,-8.5575,1,1,1,2,,,,,,,100.0,0.0,0.0,,,,0
1/1/2004,4:55,-8.6347,3.1227,-8.5552,1,1,1,2,,,,,,,100.0,0.0,0.0,,,,0
1/1/2004,4:56,-8.7627,2.5986,-8.5828,1,1,1,2,,,,,,,100.0,0.0,0.0,,,,0
1/1/2004,4:57,-8.8442,2.0199,-8.7248,1,1,1,2,,,,,,,100.0,0.0,0.0,,,,0
1/1/2004,4:58,-8.8442,1.5941,-8.7269,1,1,1,2,,,,,,,100.0,0.0,0.0,,,,0
1/1/2004,4:59,-8.8442,1.1355,-8.72,1,1,1,2,,,,,,,100.0,0.0,0.0,,,,0
1/1/2004,5:00,-8.833,0.78614,-8.6651,1,1,1,2,,,,,,,100.0,0.0,0.0,,,,0
1/1/2004,5:01,-8.6122,0.65511,-8.5393,1,1,1,2,,,,,,,100.0,0.0,0.0,,,,0
1/1/2004,5:02,-8.6122,0.65511,-8.537,1,1,1,2,,,,,,,100.0,0.0,0.0,,,,0
1/1/2004,5:03,-8.6122,0.65511,-8.6813,1,1,1,2,,,,,,,100.0,0.0,0.0,,,,0
1/1/2004,5:04,-8.6234,1.212,-8.7684,1,1,1,2,,,,,,,100.0,0.0,0.0,,,,0
1/1/2004,5:05,-8.7978,1.2229,-8.5555,1,1,1,2,,,,,,,100.0,0.0,0.0,,,,0
1/1/2004,5:06,-8.7162,1.7251,-8.5349,1,1,1,2,,,,,,,100.0,0.0,0.0,,,,0
1/1/2004,5:07,-8.8442,1.747,-8.7111,1,1,1,2,,,,,,,100.0,0.0,0.0,,,,0
1/1/2004,5:08,-8.8442,1.8343,-8.9698,1,1,1,2,,,,,,,100.0,0.0,0.0,,,,0
1/1/2004,5:09,-8.8442,1.7579,-9.0384,1,1,1,2,,,,,,,100.0,0.0,0.0,,,,0
1/1/2004,5:10,-8.833,1.0591,-8.9422,1,1,1,2,,,,,,,100.0,0.0,0.0,,,,0
1/1/2004,5:11,-8.833,0.65511,-8.8599,1,1,1,2,,,,,,,100.0,0.0,0.0,,,,0
1/1/2004,5:12,-8.8442,0.34939,-8.7019,1,1,1,2,,,,,,,100.0,0.0,0.0,,,,0
1/1/2004,5:13,-8.8442,0.65511,-8.6699,1,1,1,2,,,,,,,100.0,0.0,0.0,,,,0
1/1/2004,5:14,-8.8442,0.65511,-8.8257,1,1,1,2,,,,,,,100.0,0.0,0.0,,,,0
1/1/2004,5:15,-8.8442,0.62236,-8.8898,1,1,1,2,,,,,,,100.0,0.0,0.0,,,,0
1/1/2004,5:16,-8.8442,0.6442,-9.0089,1,1,1,2,,,,,,,100.0,0.0,0.0,,,,0
1/1/2004,5:17,-8.8442,0.72063,-9.1784,1,1,1,2,,,,,,,100.0,0.0,0.0,,,,0
1/1/2004,5:18,-8.8906,0.65511,-9.1464,1,1,1,2,,,,,,,100.0,0.0,0.0,,,,0
1/1/2004,5:19,-8.8442,0.65511,-8.9632,1,1,1,2,,,,,,,100.0,0.0,0.0,,,,0
1/1/2004,5:20,-8.8442,0.75338,-8.8371,1,1,1,2,,,,,,,100.0,0.0,0.0,,,,0
1/1/2004,5:21,-8.8442,0.99359,-8.6974,1,1,1,2,,,,,,,100.0,0.0,0.0,,,,0
1/1/2004,5:22,-8.8442,0.5896,-8.8234,1,1,1,2,,,,,,,100.0,0.0,0.0,,,,0
1/1/2004,5:23,-8.8442,0.48042,-9.0021,1,1,1,2,,,,,,,100.0,0.0,0.0,,,,0
1/1/2004,5:24,-8.8442,0.44766,-9.0044,1,1,1,2,,,,,,,100.0,0.0,0.0,,,,0
1/1/2004,5:25,-8.8442,0.65511,-8.8029,1,1,1,2,,,,,,,100.0,0.0,0.0,,,,0
1/1/2004,5:26,-8.8442,0.65511,-8.6471,1,1,1,2,,,,,,,100.0,0.0,0.0,,,,0
1/1/2004,5:27,-8.7753,0.94991,-8.5417,1,1,1,2,,,,,,,100.0,0.0,0.0,,,,0
1/1/2004,5:28,-8.8217,0.65511,-8.4203,1,1,1,2,,,,,,,100.0,0.0,0.0,,,,0
1/1/2004,5:29,-8.833,0.41491,-8.324,1,1,1,2,,,,,,,100.0,0.0,0.0,,,,0
1/1/2004,5:30,-8.6347,0.07643,-8.253,1,1,1,2,,,,,,,100.0,0.0,0.0,,,,0
1/1/2004,5:31,-8.6122,-0.21837,-8.269,1,1,1,2,,,,,,,100.0,0.0,0.0,,,,0
1/1/2004,5:32,-8.4139,-0.6442,-8.3262,1,1,1,2,,,,,,,100.0,0.0,0.0,,,,0
1/1/2004,5:33,-8.3787,-0.94991,-8.4956,1,1,1,2,,,,,,,100.0,0.0,0.0,,,,0
1/1/2004,5:34,-8.3787,-1.1464,-8.5391,1,1,1,2,,,,,,,100.0,0.0,0.0,,,,0
1/1/2004,5:35,-8.3787,-1.3102,-8.5871,1,1,1,2,,,,,,,100.0,0.0,0.0,,,,0
1/1/2004,5:36,-8.5531,-1.4085,-8.8,1,1,1,2,,,,,,,100.0,0.0,0.0,,,,0
1/1/2004,5:37,-8.6347,-1.1246,-8.8459,1,1,1,2,,,,,,,100.0,0.0,0.0,,,,0
1/1/2004,5:38,-8.6122,-0.57868,-8.7842,1,1,1,2,,,,,,,100.0,0.0,0.0,,,,0
1/1/2004,5:39,-8.6122,0.13102,-8.6445,1,1,1,2,,,,,,,100.0,0.0,0.0,,,,0
1/1/2004,5:40,-8.7978,0.5896,-8.6513,1,1,1,2,,,,,,,100.0,0.0,0.0,,,,0
1/1/2004,5:41,-8.8442,0.42582,-8.7749,1,1,1,2,,,,,,,100.0,0.0,0.0,,,,0
1/1/2004,5:42,-8.8442,0.45858,-8.7451,1,1,1,2,,,,,,,100.0,0.0,0.0,,,,0
1/1/2004,5:43,-8.8442,0.91716,-8.6421,1,1,1,2,,,,,,,100.0,0.0,0.0,,,,0
1/1/2004,5:44,-8.8442,1.2884,-8.5023,1,1,1,2,,,,,,,100.0,0.0,0.0,,,,0
1/1/2004,5:45,-8.7162,1.212,-8.3489,1,1,1,2,,,,,,,100.0,0.0,0.0,,,,0
1/1/2004,5:46,-8.6122,0.69879,-8.2803,1,1,1,2,,,,,,,100.0,0.0,0.0,,,,0
1/1/2004,5:47,-8.5658,1.0263,-8.333,1,1,1,2,,,,,,,100.0,0.0,0.0,,,,0
1/1/2004,5:48,-8.7162,1.747,-8.5048,1,1,1,2,,,,,,,100.0,0.0,0.0,,,,0
1/1/2004,5:49,-8.8569,1.747,-8.7245,1,1,1,2,,,,,,,100.0,0.0,0.0,,,,0
1/1/2004,5:50,-8.9497,1.4849,-8.807,1,1,1,2,,,,,,,100.0,0.0,0.0,,,,0
1/1/2004,5:51,-8.8442,1.1464,-8.5894,1,1,1,2,,,,,,,100.0,0.0,0.0,,,,0
1/1/2004,5:52,-8.6698,0.66603,-8.3489,1,1,1,2,,,,,,,100.0,0.0,0.0,,,,0
1/1/2004,5:53,-8.5419,0.81889,-8.3053,1,1,1,2,,,,,,,100.0,0.0,0.0,,,,0
1/1/2004,5:54,-8.6122,1.2775,-8.3832,1,1,1,2,,,,,,,100.0,0.0,0.0,,,,0
1/1/2004,5:55,-8.6347,1.1246,-8.4403,1,1,1,2,,,,,,,100.0,0.0,0.0,,,,0
1/1/2004,5:56,-8.5067,1.2884,-8.3968,1,1,1,2,,,,,,,100.0,0.0,0.0,,,,0
1/1/2004,5:57,-8.3787,1.1574,-8.2274,1,1,1,2,,,,,,,100.0,0.0,0.0,,,,0
1/1/2004,5:58,-8.3787,1.3102,-8.1472,1,1,1,2,,,,,,,100.0,0.0,0.0,,,,0
1/1/2004,5:59,-8.3787,1.1464,-8.138,1,1,1,2,,,,,,,100.0,0.0,0.0,,,,0
1/1/2004,6:00,-8.4842,1.0919,-8.2411,1,1,1,2,,,,,,,100.0,0.0,0.0,,,,0
1/1/2004,6:01,-8.6122,1.2884,-8.3647,1,1,1,2,,,,,,,100.0,0.0,0.0,,,,0
1/1/2004,6:02,-8.6122,1.5177,-8.3372,1,1,1,2,,,,,,,100.0,0.0,0.0,,,,0
1/1/2004,6:03,-8.6009,1.4958,-8.3327,1,1,1,2,,,,,,,100.0,0.0,0.0,,,,0
1/1/2004,6:04,-8.4251,1.474,-8.2434,1,1,1,2,,,,,,,100.0,0.0,0.0,,,,0
1/1/2004,6:05,-8.3787,1.2884,-8.2388,1,1,1,2,,,,,,,100.0,0.0,0.0,,,,0
1/1/2004,6:06,-8.3787,1.0919,-8.1266,1,1,1,2,,,,,,,100.0,0.0,0.0,,,,0
1/1/2004,6:07,-8.1115,1.1028,-8.1106,1,1,1,2,,,,,,,100.0,0.0,0.0,,,,0
1/1/2004,6:08,-7.9133,1.2775,-8.0899,1,1,1,2,,,,,,,100.0,0.0,0.0,,,,0
1/1/2004,6:09,-7.9133,1.1355,-8.0396,1,1,1,2,,,,,,,100.0,0.0,0.0,,,,0
1/1/2004,6:10,-8.0412,1.4958,-8.0419,1,1,1,2,,,,,,,100.0,0.0,0.0,,,,0
1/1/2004,6:11,-8.3787,1.3321,-8.2756,1,1,1,2,,,,,,,100.0,0.0,0.0,,,,0
1/1/2004,6:12,-8.3787,1.0919,-8.3489,1,1,1,2,,,,,,,100.0,0.0,0.0,,,,0
1/1/2004,6:13,-8.3436,0.69879,-8.4107,1,1,1,2,,,,,,,100.0,0.0,0.0,,,,0
1/1/2004,6:14,-8.3787,0.65511,-8.571,1,1,1,2,,,,,,,100.0,0.0,0.0,,,,0
1/1/2004,6:15,-8.3787,0.69879,-8.4725,1,1,1,2,,,,,,,100.0,0.0,0.0,,,,0
1/1/2004,6:16,-8.0187,0.99359,-8.5137,1,1,1,2,,,,,,,100.0,0.0,0.0,,,,0
1/1/2004,6:17,-7.9259,0.80797,-8.6396,1,1,1,2,,,,,,,100.0,0.0,0.0,,,,0
1/1/2004,6:18,-7.9372,0.77522,-8.5846,1,1,1,2,,,,,,,100.0,0.0,0.0,,,,0
1/1/2004,6:19,-7.9133,1.0919,-8.5846,1,1,1,2,,,,,,,100.0,0.0,0.0,,,,0
1/1/2004,6:20,-7.8781,1.0918,-8.5457,1,1,1,2,,,,,,,100.0,0.0,0.0,,,,0
1/1/2004,6:21,-7.6221,0.94991,-8.422,1,1,1,2,,,,,,,100.0,0.0,0.0,,,,0
1/1/2004,6:22,-7.5532,0.65511,-8.2091,1,1,1,2,,,,,,,100.0,0.0,0.0,,,,0
1/1/2004,6:23,-7.4478,0.55684,-7.9915,1,1,1,2,,,,,,,100.0,0.0,0.0,,,,0
1/1/2004,6:24,-7.2509,0.27296,-7.8038,1,1,1,2,,,,,,,100.0,0.0,0.0,,,,0
1/1/2004,6:25,-7.2157,0.27296,-7.6961,1,1,1,2,,,,,,,100.0,0.0,0.0,,,,0
1/1/2004,6:26,-7.2157,0.53501,-7.6024,1,1,1,2,,,,,,,100.0,0.0,0.0,,,,0
1/1/2004,6:27,-7.2157,0.51317,-7.5566,1,1,1,2,,,,,,,100.0,0.0,0.0,,,,0
1/1/2004,6:28,-7.2157,0.55685,-7.607,1,1,1,2,,,,,,,100.0,0.0,0.0,,,,0
1/1/2004,6:29,-7.2157,0.99359,-7.584,1,1,1,2,,,,,,,100.0,0.0,0.0,,,,0
1/1/2004,6:30,-7.2157,1.4194,-7.5314,1,1,1,2,,,,,,,100.0,0.0,0.0,,,,0
1/1/2004,6:31,-7.2157,1.3102,-7.3987,1,1,1,2,,,,,,,100.0,0.0,0.0,,,,0
1/1/2004,6:32,-7.2157,1.3102,-7.3872,1,1,1,2,,,,,,,100.0,0.0,0.0,,,,0
1/1/2004,6:33,-7.4253,1.4522,-7.5085,1,1,1,2,,,,,,,100.0,0.0,0.0,,,,0
1/1/2004,6:34,-7.4478,1.6924,-7.4559,1,1,1,2,,,,,,,100.0,0.0,0.0,,,,0
1/1/2004,6:35,-7.4365,1.747,-7.3735,1,1,1,2,,,,,,,100.0,0.0,0.0,,,,0
1/1/2004,6:36,-7.4478,1.5286,-7.3758,1,1,1,2,,,,,,,100.0,0.0,0.0,,,,0
1/1/2004,6:37,-7.4478,1.3102,-7.4674,1,1,1,2,,,,,,,100.0,0.0,0.0,,,,0
1/1/2004,6:38,-7.6573,1.3102,-7.5567,1,1,1,2,,,,,,,100.0,0.0,0.0,,,,0
1/1/2004,6:39,-7.4942,1.2775,-7.4971,1,1,1,2,,,,,,,100.0,0.0,0.0,,,,0
1/1/2004,6:40,-7.4478,0.98267,-7.3826,1,1,1,2,,,,,,,100.0,0.0,0.0,,,,0
1/1/2004,6:41,-7.5293,0.65511,-7.5246,1,1,1,2,,,,,,,100.0,0.0,0.0,,,,0
1/1/2004,6:42,-7.8204,0.65511,-7.701,1,1,1,2,,,,,,,100.0,0.0,0.0,,,,0
1/1/2004,6:43,-7.9597,0.25113,-7.9048,1,1,1,2,,,,,,,100.0,0.0,0.0,,,,0
1/1/2004,6:44,-8.3787,-0.42582,-8.2551,1,1,1,2,,,,,,,100.0,0.0,0.0,,,,0
1/1/2004,6:45,-8.3787,-0.50225,-8.4383,1,1,1,2,,,,,,,100.0,0.0,0.0,,,,0
1/1/2004,6:46,-8.4378,-0.42582,-8.4658,1,1,1,2,,,,,,,100.0,0.0,0.0,,,,0
1/1/2004,6:47,-8.6122,-0.4149,-8.5185,1,1,1,2,,,,,,,100.0,0.0,0.0,,,,0
1/1/2004,6:48,-8.5995,-0.4149,-8.5301,1,1,1,2,,,,,,,100.0,0.0,0.0,,,,0
1/1/2004,6:49,-8.5531,-0.01092,-8.6125,1,1,1,2,,,,,,,100.0,0.0,0.0,,,,0
1/1/2004,6:50,-8.6347,-0.14194,-8.8438,1,1,1,2,,,,,,,100.0,0.0,0.0,,,,0
1/1/2004,6:51,-8.7978,-0.28388,-8.988,1,1,1,2,,,,,,,100.0,0.0,0.0,,,,0
1/1/2004,6:52,-8.5306,0.96083,-8.6811,1,1,1,2,,,,,,,100.0,0.0,0.0,,,,0
1/1/2004,6:53,-8.3787,0.97175,-8.4406,1,1,1,2,,,,,,,100.0,0.0,0.0,,,,0
1/1/2004,6:54,-8.3787,0.2948,-8.4246,1,1,1,2,,,,,,,100.0,0.0,0.0,,,,0
1/1/2004,6:55,-8.3787,-0.01092,-8.3879,1,1,1,2,,,,,,,100.0,0.0,0.0,,,,0
1/1/2004,6:56,-8.3675,0.0,-8.1703,1,1,1,2,,,,,,,100.0,0.0,0.0,,,,0
1/1/2004,6:57,-7.9484,0.0,-7.9894,1,1,1,2,,,,,,,100.0,0.0,0.0,,,,0
1/1/2004,6:58,-7.7628,0.0,-7.8199,1,1,1,2,,,,,,,100.0,0.0,0.0,,,,0
1/1/2004,6:59,-7.6573,0.0,-7.7399,1,1,1,2,,,,,,,100.0,0.0,0.0,,,,0
1/1/2004,7:00,-7.4604,0.09827,-7.6873,1,1,1,2,,,,,,,100.0,0.0,0.0,,,,0
1/1/2004,7:01,-7.3085,0.39307,-7.6919,1,1,1,2,,,,,,,100.0,0.0,0.0,,,,0
1/1/2004,7:02,-7.227,0.65511,-7.7286,1,1,1,2,,,,,,,100.0,0.0,0.0,,,,0
1/1/2004,7:03,-7.2157,0.85164,-7.6576,1,1,1,2,,,,,,,100.0,0.0,0.0,,,,0
1/1/2004,7:04,-7.2031,1.3757,-7.5224,1,1,1,2,,,,,,,100.0,0.0,0.0,,,,0
1/1/2004,7:05,-7.2157,1.747,-7.3804,1,1,1,2,,,,,,,100.0,0.0,0.0,,,,0
1/1/2004,7:06,-7.2157,1.747,-7.3277,1,1,1,2,,,,,,,100.0,0.0,0.0,,,,0
1/1/2004,7:07,-7.0413,1.747,-7.1765,1,1,1,2,,,,,,,100.0,0.0,0.0,,,,0
1/1/2004,7:08,-6.971,1.7906,-7.0299,1,1,1,2,,,,,,,100.0,0.0,0.0,,,,0
1/1/2004,7:09,-6.784,1.9653,-6.9452,1,1,1,2,,,,,,,100.0,0.0,0.0,,,,0
1/1/2004,7:10,-6.552,2.0854,-6.794,1,1,1,2,,,,,,,100.0,0.0,0.0,,,,0
1/1/2004,7:11,-6.5168,2.5331,-6.5399,1,1,1,2,,,,,,,100.0,0.0,0.0,,,,0
1/1/2004,7:12,-6.5055,2.6859,-6.3292,1,1,1,2,,,,,,,100.0,0.0,0.0,,,,0
1/1/2004,7:13,-6.4001,2.6313,-6.2307,1,1,1,2,,,,,,,100.0,0.0,0.0,,,,0
1/1/2004,7:14,-6.2848,2.2601,-6.2284,1,1,1,2,,,,,,,100.0,0.0,0.0,,,,0
1/1/2004,7:15,-6.0401,2.1728,-6.0772,1,1,1,2,,,,,,,100.0,0.0,0.0,,,,0
1/1/2004,7:16,-5.6322,2.1837,-5.8139,1,1,1,2,,,,,,,100.0,0.0,0.0,,,,0
1/1/2004,7:17,-5.5858,2.3802,-5.5643,1,1,1,2,,,,,,,100.0,0.0,0.0,,,,0
1/1/2004,7:18,-5.4002,2.6969,-5.3261,1,1,1,2,,,,,,,100.0,0.0,0.0,,,,0
1/1/2004,7:19,-5.0852,2.6641,-5.033,1,1,1,2,,,,,,,100.0,0.0,0.0,,,,0
1/1/2004,7:20,-4.7252,3.1336,-4.6804,1,1,1,2,,,,,,,100.0,0.0,0.0,,,,0
1/1/2004,7:21,-4.6436,2.9371,-4.3987,1,1,1,2,,,,,,,100.0,0.0,0.0,,,,0
1/1/2004,7:22,-4.0501,3.5703,-4.0026,1,1,1,2,,,,,,,100.0,0.0,0.0,,,,0
1/1/2004,7:23,-3.5031,3.7232,-3.5675,1,1,1,2,,,,,,,100.0,0.0,0.0,,,,0
1/1/2004,7:24,-3.2232,2.8606,-3.3202,1,1,1,2,,,,,,,100.0,0.0,0.0,,,,0
1/1/2004,7:25,-2.8506,0.92807,-3.2034,1,1,1,2,,,,,,,89.87781468774534,1.502164206697345,704.4032775,,,,0
1/1/2004,7:26,-2.7929,-1.3757,-3.3751,1,1,1,2,,,,,,,89.80535220378906,4.786047886352959,1408.806555,,,,0
1/1/2004,7:27,-2.409,-1.8234,-3.3568,1,1,1,2,,,,,,,89.6600159587193,8.359578171561832,1408.806555,,,,0
1/1/2004,7:28,-2.1291,-0.36031,-3.0225,1,1,1,2,,,,,,,89.51383247494311,11.953886001078889,1408.806555,,,,0
1/1/2004,7:29,-1.7227,1.0045,-2.5393,1,1,1,2,,,,,,,89.36677533155651,15.569596432840928,1408.806555,,,,0
1/1/2004,7:30,-0.7453,22.765,-1.8318,1,1,1,2,,,,,,,89.21885636152089,19.206393110672174,1408.806555,,,,0
1/1/2004,7:31,1.4204,115.51,-0.93881,1,1,1,2,,,,,,,89.07011242865113,22.863343476707584,1408.806555,,,,0
1/1/2004,7:32,3.8519,229.77,-0.06869,1,1,1,2,,,,,,,88.92059581108022,26.539135331152483,1408.806555,,,,0
1/1/2004,7:33,5.6561,280.34,0.65029,1,1,1,2,,,,,,,88.77036758300622,30.232239678149092,1408.806555,,,,0
1/1/2004,7:34,7.3789,307.02,1.3533,1,1,1,2,,,,,,,88.61949282908733,33.94102850681874,1408.806555,,,,0
1/1/2004,7:35,8.6698,311.35,1.944,1,1,1,2,,,,,,,88.4680373794196,37.6638551761962,1408.806555,,,,0
1/1/2004,7:36,9.5192,299.49,2.3333,1,1,1,2,,,,,,,88.31606588843955,41.39910174647939,1408.806555,,,,0
1/1/2004,7:37,11.1379,322.6,2.6882,1,1,1,2,,,,,,,88.1636404858501,45.145212233661894,1408.806555,,,,0
1/1/2004,7:38,12.3712,330.75,3.082,1,1,1,2,,,,,,,88.01082001642297,48.90071137434215,1408.806555,,,,0
1/1/2004,7:39,14.8154,372.06,3.6682,1,1,1,2,,,,,,,87.85765964984732,52.66421428195434,1408.806555,,,,0
1/1/2004,7:40,16.4678,381.02,4.275,1,1,1,2,,,,,,,87.70421073988707,56.434429964120866,1408.806555,,,,0
1/1/2004,7:41,18.5857,391.16,4.9871,1,1,1,2,,,,,,,87.55052084694081,60.21016081447178,1408.806555,,,,0
1/1/2004,7:42,20.7387,404.28,5.9603,1,1,1,2,,,,,,,87.39663386445753,63.990299544111195,1408.806555,,,,0
1/1/2004,7:43,23.1238,418.14,7.0205,1,1,1,2,,,,,,,87.24259020784541,67.77382457072542,1408.806555,,,,0
1/1/2004,7:44,25.6031,430.62,8.0601,1,1,1,2,,,,,,,87.0884269854032,71.55979584308167,1408.806555,,,,0
1/1/2004,7:45,27.9066,441.56,9.0904,1,1,1,2,,,,,,,86.93417839083341,75.34734521977146,1408.806555,,,,0
1/1/2004,7:46,30.5716,452.79,10.233,1,1,1,2,,,,,,,86.77987583942866,79.13567313897215,1408.806555,,,,0
1/1/2004,7:47,33.5403,461.63,11.515,1,1,1,2,,,,,,,86.62554809797908,82.92404543926601,1408.806555,,,,0
1/1/2004,7:48,36.6819,471.86,13.052,1,1,1,2,,,,,,,86.47122166224368,86.71178409905596,1408.806555,,,,0
1/1/2004,7:49,40.0683,483.72,14.909,1,1,1,2,,,,,,,86.31692091396035,90.49826338825414,1408.806555,,,,0
1/1/2004,7:50,43.7458,496.52,16.846,1,1,1,2,,,,,,,86.16266831440242,94.28290512112628,1408.806555,,,,0
1/1/2004,7:51,47.4472,509.73,18.588,1,1,1,2,,,,,,,86.00848458228165,98.06517429252091,1408.806555,,,,0
1/1/2004,7:52,51.0079,521.15,20.292,1,1,1,2,,,,,,,85.8543888563971,101.84457508789536,1408.806555,,,,0
1/1/2004,7:53,54.5349,528.44,22.037,1,1,1,2,,,,,,,85.70039884384724,105.62064724724782,1408.806555,,,,0
1/1/2004,7:54,58.1069,536.35,23.82,1,1,1,2,,,,,,,85.54653095432309,109.39296277037725,1408.806555,,,,0
1/1/2004,7:55,61.9363,546.88,25.648,1,1,1,2,,,,,,,85.3928003703307,113.1611241925273,1408.806555,,,,0
1/1/2004,7:56,65.369,555.25,27.331,1,1,1,2,,,,,,,85.23922131153651,116.92475810284876,1408.806555,,,,0
1/1/2004,7:57,68.7667,564.01,28.675,1,1,1,2,,,,,,,85.08580703076736,120.68351524012849,1408.806555,,,,0
1/1/2004,7:58,72.1066,572.42,30.241,1,1,1,2,,,,,,,84.9325698005654,124.43707081974793,1408.806555,,,,0
1/1/2004,7:59,75.8783,577.93,32.141,1,1,1,2,,,,,,,84.77952114833931,128.1851187682383,1408.806555,,,,0
1/1/2004,8:00,80.2308,587.69,33.797,1,1,1,2,,,,,,,84.62667187761832,131.92737120076123,1408.806555,,,,0
1/1/2004,8:01,84.2219,595.19,35.475,1,1,1,2,,,,,,,84.47403213352348,135.66355681499238,1408.806555,,,,0
1/1/2004,8:02,88.1553,606.2,37.099,1,1,1,2,,,,,,,84.32161146180854,139.39341944284564,1408.806555,,,,0
1/1/2004,8:03,92.1816,615.22,38.951,1,1,1,2,,,,,,,84.16941886230916,143.11671673946796,1408.806555,,,,0
1/1/2004,8:04,95.9884,622.46,40.623,1,1,1,2,,,,,,,84.01746283703042,146.83321900383956,1408.806555,,,,0
1/1/2004,8:05,99.3748,626.04,42.363,1,1,1,2,,,,,,,83.86575143376723,150.54270810905774,1408.806555,,,,0
1/1/2004,8:06,103.0987,635.91,43.883,1,1,1,2,,,,,,,83.71429223468002,154.24497777820778,1408.806555,,,,0
1/1/2004,8:07,106.5554,642.22,45.724,1,1,1,2,,,,,,,83.56309254400296,157.93982899410778,1408.806555,,,,0
1/1/2004,8:08,110.2328,651.17,47.524,1,1,1,2,,,,,,,83.4121593188284,161.62707168894622,1408.806555,,,,0
1/1/2004,8:09,114.3294,659.48,49.275,1,1,1,2,,,,,,,83.26149909687348,165.30652650728882,1408.806555,,,,0
1/1/2004,8:10,118.7859,663.85,51.462,1,1,1,2,,,,,,,83.11111817537437,168.9780204318647,1408.806555,,,,0
1/1/2004,8:11,124.0694,670.04,53.917,1,1,1,2,,,,,,,82.96102258432205,172.64138743637443,1408.806555,,,,0
1/1/2004,8:12,129.5737,676.02,56.857,1,1,1,2,,,,,,,82.81121810829372,176.29646795064497,1408.806555,,,,0
1/1/2004,8:13,135.6025,682.06,60.335,1,1,1,2,,,,,,,82.66171030648957,179.94310836986557,1408.806555,,,,0
1/1/2004,8:14,142.0504,686.85,64.417,1,1,1,2,,,,,,,82.51250453081782,183.58116061169937,1408.806555,,,,0
1/1/2004,8:15,148.4631,692.4,68.516,1,1,1,2,,,,,,,82.36360594255191,187.21048170846996,1408.806555,,,,0
1/1/2004,8:16,154.9321,698.86,72.468,1,1,1,2,,,,,,,82.21501952737032,190.83093343900777,1408.806555,,,,0
1/1/2004,8:17,161.0635,703.99,76.384,1,1,1,2,,,,,,,82.06675005948637,194.44238320033443,1408.806555,,,,0
1/1/2004,8:18,167.3216,710.06,80.102,1,1,1,2,,,,,,,81.91880226330193,198.04470006969177,1408.806555,,,,0
1/1/2004,8:19,173.5515,715.8,83.594,1,1,1,2,,,,,,,81.77118072546493,201.63775694540408,1408.806555,,,,0
1/1/2004,8:20,179.5283,719.84,86.953,1,1,1,2,,,,,,,81.62388980634695,205.22143270116612,1408.806555,,,,0
1/1/2004,8:21,184.9566,724.92,89.891,1,1,1,2,,,,,,,81.47693379871957,208.7956083206555,1408.806555,,,,0
1/1/2004,8:22,189.4146,730.02,92.199,1,1,1,2,,,,,,,81.33031688688659,212.36016789221588,1408.806555,,,,0
1/1/2004,8:23,193.7319,733.98,94.269,1,1,1,2,,,,,,,81.18404315494197,215.91499840708235,1408.806555,,,,0
1/1/2004,8:24,198.2602,737.44,96.529,1,1,1,2,,,,,,,81.03811659436887,219.45998957375798,1408.806555,,,,0
1/1/2004,8:25,203.0135,741.6,98.741,1,1,1,2,,,,,,,80.8925411109052,222.9950336503369,1408.806555,,,,0
1/1/2004,8:26,207.3308,745.82,100.2,1,1,1,2,,,,,,,80.74732053086277,226.52002529020757,1408.806555,,,,0
1/1/2004,8:27,211.5778,752.32,101.23,1,1,1,2,,,,,,,80.602458607117,230.03486139585544,1408.806555,,,,0
1/1/2004,8:28,214.953,755.33,102.68,1,1,1,2,,,,,,,80.45795902447264,233.53944098790842,1408.806555,,,,0
1/1/2004,8:29,218.8906,758.59,104.77,1,1,1,2,,,,,,,80.31382535658022,237.03366624832074,1408.806555,,,,0
1/1/2004,8:30,222.9548,762.3,106.97,1,1,1,2,,,,,,,80.17006121524165,240.51743890106155,1408.806555,,,,0
1/1/2004,8:31,227.5956,767.48,109.05,1,1,1,2,,,,,,,80.02667015797701,243.9906624523377,1408.806555,,,,0
1/1/2004,8:32,232.9677,773.6,111.48,22,23,23,0,3.6431869393654543,2.258940254890117,3.6431869393654543,-5.818684916867389,5.818684916867389,1.913847192218602,79.88365559568948,247.45324442749433,1408.806555,0.941461489175428,0.5491172632995025,0.45050934877786375,0
1/1/2004,8:33,237.3272,773.93,114.2,22,23,23,0,3.6504117553119007,2.2705739325816525,3.6504117553119007,-5.835651733550639,5.835651733550639,1.9275647805765987,79.74102094113567,250.90509277162363,1408.806555,0.9458843476565765,0.5493515041176111,0.4551521802068243,0
1/1/2004,8:34,242.2211,777.23,116.61,22,23,23,0,3.592864530860651,2.176849911481388,3.592864530860651,-5.72530859712026,5.72530859712026,1.8162256294625196,79.59876956410665,254.34611693563352,1408.806555,0.9523286729055827,0.5516939122986975,0.4584697474642795,0
1/1/2004,8:35,247.2979,785.48,118.61,22,23,23,0,3.597086378561002,2.1838109842266804,3.597086378561002,-5.731345917208552,5.731345917208552,1.8245630750481343,79.45690479452375,257.7762278007392,1408.806555,0.9593510701505069,0.5575499327514132,0.4601277666755424,0
1/1/2004,8:36,251.6996,789.48,120.8,22,23,23,0,3.627619821699891,2.233746980029284,3.627619821699891,-5.790840845022737,5.790840845022737,1.884045002326098,79.31542992530915,261.19533760844627,1408.806555,0.9636450723225345,0.5603892153951542,0.4624891129606966,0
1/1/2004,8:37,256.4669,795.37,123.14,22,23,23,0,3.681970179873886,2.320970574022975,3.681970179873886,-5.893077236763289,5.893077236763289,1.9866817574741398,79.17434821521147,264.60335989164776,1408.806555,0.9692503530757147,0.5645700590880627,0.4653757988954657,0
1/1/2004,8:38,257.606,778.83,125.43,22,23,23,0,3.6498711511922948,2.2697046989213745,3.6498711511922948,-5.841787199901738,5.841787199901738,1.9265407912384744,79.03366289127109,268.0002094144621,1408.806555,0.9612156668191721,0.5528296253561938,0.46802202234858187,0
1/1/2004,8:39,260.2077,772.81,127.34,22,23,23,0,3.6229281977757894,2.226119656765765,3.6229281977757894,-5.793679158341969,5.793679158341969,1.8749956603253586,78.89337715127604,271.3858021123221,1408.806555,0.9588110283392951,0.5485565049773636,0.46922130416865393,0
1/1/2004,8:40,266.8454,794.11,128.41,22,23,23,0,3.633355849570955,2.243050318118493,3.633355849570955,-5.803388890912842,5.803388890912842,1.8950658905725346,78.7534941191222,274.760056167584,1408.806555,0.9711942984799921,0.5636756850552843,0.4673532310012306,0
1/1/2004,8:41,271.9503,806.13,129.13,18,19,19,0,3.5654610260494524,2.13131704077024,3.5654610260494524,-5.662585871838665,5.662585871838665,1.7613949949621222,78.61401698721986,278.12288857486,1408.806555,0.9778062546146807,0.5722077293997259,0.46429116518126184,0
1/1/2004,8:42,258.3092,716.01,129.82,18,19,19,0,3.4013696930740855,1.8437233493566487,3.4013696930740855,-5.33827936831478,5.33827936831478,1.3997556175857624,78.47494892468819,281.4742173549317,1408.806555,0.9177011039497048,0.508238691436242,0.46121453403421436,0
1/1/2004,8:43,252.3043,670.88,130.54,18,19,19,0,3.3428061718161373,1.7333069844467996,3.3428061718161373,-5.20922840567658,5.20922840567658,1.2507410212878036,78.33629298552765,284.8139637681058,1408.806555,0.8858564961562945,0.47620448500823453,0.4583342694050108,0
1/1/2004,8:44,247.551,628.15,131.01,14,15,15,0,3.161556549976844,1.3510883830088554,3.161556549976844,-4.599111302091585,4.599111302091585,0.620837997146988,78.19805225093492,288.14204888122794,1408.806555,0.8591283395157658,0.4458738481664717,0.4546715778161287,0
1/1/2004,8:45,250.5605,633.22,131.78,14,15,15,0,3.173154030680385,1.378008164860852,3.173154030680385,-4.651021415832812,4.651021415832812,0.6774263815523964,78.06022978387452,291.45839466288373,1408.806555,0.8596784466949788,0.4494726389174134,0.4521400049308024,0
1/1/2004,8:46,271.1065,732.49,132.19,18,19,19,0,3.2902965344117967,1.6297396369856991,3.2902965344117967,-5.024212086031065,5.024212086031065,1.102747153413818,77.92282863044915,294.76292394970875,1408.806555,0.9197442350186995,0.5199365359284548,0.448462100418551,0
1/1/2004,8:47,270.769,715.01,132.83,18,19,19,0,3.19312052377523,1.4233828295137594,3.19312052377523,-4.692966362672346,4.692966362672346,0.765518568915605,77.7858518213332,298.05556041117245,1408.806555,0.9084514297484328,0.5075288707753067,0.44565516515363407,0
1/1/2004,8:48,231.477,492.77,134.44,10,11,11,0,3.1,1.2,3.1,-3.487262820582415,3.487262820582415,0.0,77.64930237295769,301.3362285203265,1408.806555,0.7681685044531108,0.34977832708905876,0.4461461559406602,0
1/1/2004,8:49,260.264,622.28,136.95,14,15,15,0,3.104099984685413,1.210552235520624,3.104099984685413,-4.137133041151719,4.137133041151719,0.15948891787199493,77.51318328877045,304.60485352273724,1408.806555,0.8544315594123407,0.4417072008867818,0.4495988767617498,0
1/1/2004,8:50,245.6244,532.06,138.56,10,11,11,0,3.1,1.2,3.1,-3.612119371972189,3.612119371972189,0.0,77.37749756026012,307.8613614110693,1408.806555,0.7978409465682577,0.37766718085720435,0.45007271898271417,0
1/1/2004,8:51,208.8356,338.23,139.23,3,3,3,0,3.1,1.2,3.1,-2.377266321458771,2.377266321458771,0.0,77.2422481227079,311.1056799850552,1408.806555,0.671269004185433,0.2400826421481266,0.447532812665742,0
1/1/2004,8:52,226.119,412.54,140.85,3,3,3,0,3.1,1.2,3.1,-2.910439208841198,2.910439208841198,0.0,77.10743799198029,314.3377355704142,1408.806555,0.719350476931038,0.29282941546222435,0.4480849228757279,0
1/1/2004,8:53,211.2263,331.27,142.41,3,3,3,0,3.1,1.2,3.1,-2.6970956805441926,2.6970956805441926,0.0,76.97307017465425,317.5574551738265,1408.806555,0.6651593170261982,0.2351422903480173,0.4484542802562981,0
1/1/2004,8:54,187.277,207.58,144.05,3,3,3,0,3.1,1.2,3.1,-2.1096051511791836,2.1096051511791836,0.0,76.83914757853542,320.76476862729567,1408.806555,0.5838452919921566,0.14734457279693736,0.44908298569215743,0
1/1/2004,8:55,185.1535,188.56,145.93,3,3,3,0,3.1,1.2,3.1,-2.1852606223975113,2.1852606223975113,0.0,76.70567314926424,323.9596053108846,1408.806555,0.5715326755702128,0.13384378382594905,0.45045739532853096,0
1/1/2004,8:56,179.9502,152.27,148.1,3,3,3,0,3.1,1.2,3.1,-1.912544023691043,1.912544023691043,0.0,76.57264982562523,327.14189522373385,1408.806555,0.5500677309365443,0.10808439204060917,0.4527087547093707,0
1/1/2004,8:57,176.7579,125.54,150.19,3,3,3,0,3.1,1.2,3.1,-1.5958061299498616,1.5958061299498616,0.0,76.44008054031177,330.31156896467087,1408.806555,0.5351247628232649,0.08911088577381017,0.45469191548681076,0
1/1/2004,8:58,168.1091,73.94,151.99,3,3,3,0,3.1,1.2,3.1,-0.8157977401552108,0.8157977401552108,0.0,76.30796822049015,333.46855771759226,1408.806555,0.5041227909180217,0.052484139669551726,0.4557851002214045,0
1/1/2004,8:59,166.1684,56.011,153.6,3,3,3,0,3.1,1.2,3.1,-0.48781760877288916,0.48781760877288916,0.0,76.1763157884762,336.61279323411736,1408.806555,0.49364849863097243,0.03975776503964379,0.4563106426355274,0
1/1/2004,9:00,169.0935,59.702,155.34,3,3,3,0,3.1,1.2,3.1,-0.3794578409769711,0.3794578409769711,0.0,76.04512616221727,339.74420782084997,1408.806555,0.4977082643574146,0.042377713099155764,0.45722633800400836,0
1/1/2004,9:01,177.0813,84.443,157.28,3,3,3,0,3.1,1.2,3.1,-0.42156984949327514,0.42156984949327514,0.0,75.91440225573635,342.86273432750403,1408.806555,0.5164787020302158,0.05993938607135456,0.4587258522233141,0
1/1/2004,9:02,188.1489,121.49,159.23,3,3,3,0,3.1,1.2,3.1,-0.4845222037531127,0.4845222037531127,0.0,75.78414693618024,345.9683071690363,1408.806555,0.5438327618491151,0.08623611209702244,0.4602444695091738,0
1/1/2004,9:03,217.5687,237.07,161.71,3,3,3,0,3.1,1.2,3.1,-1.3065510584874818,1.3065510584874818,0.0,75.65436315490209,349.0608592001704,1408.806555,0.623297325568188,0.16827718408791761,0.4632716494497217,0
1/1/2004,9:04,231.9833,286.18,163.99,3,3,3,0,3.1,1.2,3.1,-1.502720131772417,1.502720131772417,0.0,75.52505386060959,352.1403237847096,1408.806555,0.6587808448254543,0.2031364767464473,0.46569503383616945,0
1/1/2004,9:05,212.8857,192.21,166.22,3,3,3,0,3.1,1.2,3.1,-0.8369503438203418,0.8369503438203418,0.0,75.39622191264891,355.20663686037267,1408.806555,0.5993291732431304,0.1364346292383627,0.4679529680785188,0
1/1/2004,9:06,209.8622,166.42,168.81,3,3,3,0,3.1,1.2,3.1,-0.6007810346974618,0.6007810346974618,0.0,75.26787021215674,358.2597338109119,1408.806555,0.5857822696612744,0.11812835439284282,0.4711944549400499,0
1/1/2004,9:07,219.6078,196.1,171.21,3,3,3,0,3.1,1.2,3.1,-0.854889163263628,0.854889163263628,0.0,75.14000165877084,361.29955049665045,1408.806555,0.6078274929988764,0.13919583160940077,0.4738727179833213,0
1/1/2004,9:08,216.7108,172.92,173.38,3,3,3,0,3.1,1.2,3.1,-0.6361233875332162,0.6361233875332162,0.0,75.01261915098495,364.3260232443987,1408.806555,0.5948265733810213,0.12274218868892188,0.4758924395683163,0
1/1/2004,9:09,242.5727,270.45,175.49,3,3,3,0,3.1,1.2,3.1,-1.396598928932813,1.396598928932813,0.0,74.88572558636149,367.33908884068603,1408.806555,0.6603509056592752,0.19197099774993595,0.47773298658153296,0
1/1/2004,9:10,254.7231,311.75,177.41,3,3,3,0,3.1,1.2,3.1,-1.788196875768644,1.788196875768644,0.0,74.75932386172535,370.3386845253939,1408.806555,0.6878112134746047,0.2212865910465614,0.4790479834083741,0
1/1/2004,9:11,249.112,279.32,178.99,3,3,3,0,3.1,1.2,3.1,-1.5398791679103518,1.5398791679103518,0.0,74.63341687348245,373.3247479823607,1408.806555,0.6672796307941802,0.19826710701243153,0.4794485256264263,0
1/1/2004,9:12,238.3116,226.72,180.5,3,3,3,0,3.1,1.2,3.1,-1.1391937756577764,1.1391937756577764,0.0,74.50800751776802,376.29721733397383,1408.806555,0.6333068357199466,0.16093054024723785,0.47967402278130966,0
1/1/2004,9:13,238.2132,217.85,182.3,3,3,3,0,3.1,1.2,3.1,-1.1342126914550055,1.1342126914550055,0.0,74.38309869072526,379.25603113260973,1408.806555,0.6281065571682549,0.15463443098474228,0.4806779194930125,0
1/1/2004,9:14,239.971,216.12,184.28,3,3,3,0,3.1,1.2,3.1,-1.210773323999037,1.210773323999037,0.0,74.25869324707695,382.20112933876413,1408.806555,0.6278657533408323,0.1534064412413243,0.48215451461071784,0
1/1/2004,9:15,253.584,260.33,186.37,3,3,3,0,3.1,1.2,3.1,-1.535195028929548,1.535195028929548,0.0,74.13479412501724,385.13245036356466,1408.806555,0.6584332215076059,0.1847876126612713,0.48391144351525534,0
1/1/2004,9:16,272.6675,325.18,188.03,3,3,3,0,3.1,1.2,3.1,-1.776654859845661,1.776654859845661,0.0,74.01140426301211,388.0499330362305,1408.806555,0.7026608608499418,0.2308194825229217,0.4845510435442968,0
1/1/2004,9:17,284.1851,361.14,189.51,3,3,3,0,3.1,1.2,3.1,-1.9134223906872472,1.9134223906872472,0.0,73.88852651677814,390.95351856605294,1408.806555,0.7269025255031333,0.25634463349015296,0.48473793174976026,0
1/1/2004,9:18,275.7895,317.99,191.01,3,3,3,0,3.1,1.2,3.1,-1.4709009174911691,1.4709009174911691,0.0,73.76616378444024,393.84314757781647,1408.806555,0.7002521224404669,0.22571587197079732,0.4849900301039509,0
1/1/2004,9:19,285.1555,345.38,192.31,3,3,3,0,3.1,1.2,3.1,-1.5240673802360494,1.5240673802360494,0.0,73.64431896485495,396.7187610960831,1408.806555,0.7187850133735847,0.24515785987381356,0.4847514634011059,0
1/1/2004,9:20,298.0653,382.44,193.5,3,3,3,0,3.1,1.2,3.1,-1.2935959251244467,1.2935959251244467,0.0,73.52299495763098,399.5803005422874,1408.806555,0.7459459327586543,0.2714638135680736,0.4842581071624225,0
1/1/2004,9:21,318.766,448.93,194.85,3,3,3,0,3.1,1.2,3.1,-1.3375720746910957,1.3375720746910957,0.0,73.40219466327878,402.42770772872063,1408.806555,0.792107486333626,0.3186597893136578,0.48418634268431077,0
1/1/2004,9:22,330.3118,482.05,196.58,3,3,3,0,3.1,1.2,3.1,-1.4723277235556331,1.4723277235556331,0.0,73.28192098320463,405.26092485611036,1408.806555,0.8150595819650726,0.342169049603833,0.48507020525059646,0
1/1/2004,9:23,335.7823,496.1,197.48,3,3,3,0,3.1,1.2,3.1,-1.582668811686161,1.582668811686161,0.0,73.1621768198352,408.07989450805974,1408.806555,0.8228347059459656,0.3521420298899731,0.48392484574145,0
1/1/2004,9:24,331.3384,476.95,197.97,3,3,3,0,3.1,1.2,3.1,-1.7017429002516682,1.7017429002516682,0.0,73.04296507658734,410.88455964906035,1408.806555,0.8064026554879518,0.33854896423306324,0.48181416252070336,0
1/1/2004,9:25,324.1944,449.04,198.4,3,3,3,0,3.1,1.2,3.1,-1.8347840972576912,1.8347840972576912,0.0,72.9242886182169,413.6748645534011,1408.806555,0.7836937357796605,0.3187378695863607,0.47960371054738965,0
1/1/2004,9:26,337.0057,490.18,199.2,3,3,3,0,3.1,1.2,3.1,-2.0616486528229117,2.0616486528229117,0.0,72.8061503899226,416.45075200315677,1408.806555,0.809233020660857,0.3479398915772365,0.4783278672011859,0
1/1/2004,9:27,381.3183,642.85,199.62,10,11,11,0,3.1,1.2,3.1,-2.4536733836084235,2.4536733836084235,0.0,72.68855333769946,419.21216515790104,1408.806555,0.909606952499511,0.45630821188221976,0.47617892940871803,0
1/1/2004,9:28,411.6803,742.47,199.9,9,9,9,0,3.1,1.2,3.1,-2.5103631082996625,2.5103631082996625,0.0,72.57150032918344,421.95904941162206,1408.806555,0.9756404100683355,0.5270205461245885,0.4737426541242325,0
1/1/2004,9:29,408.263,723.83,200.5,9,9,9,0,3.1,1.2,3.1,-2.493170011093626,2.493170011093626,0.0,72.45499427276434,424.6913495896825,1408.806555,0.9613169667676188,0.5137894890047556,0.47210756751630095,0
1/1/2004,9:30,433.0138,802.72,201.09,8,60,60,2,,,,,,,72.33903807770423,427.4090108833657,1408.806555,,,,0
1/1/2004,9:31,424.5198,764.39,201.77,9,9,9,0,3.1,1.2,3.1,-2.440657263185908,2.440657263185908,0.0,72.22363465417521,430.111978845769,1408.806555,0.9869983187616026,0.5425798150122889,0.46911039432443097,0
1/1/2004,9:32,420.5118,742.42,202.94,10,11,11,0,3.1,1.2,3.1,-2.4378115916175003,2.4378115916175003,0.0,72.10878691315044,432.8001993910647,1408.806555,0.9716072233599844,0.5269850550915417,0.46889996882055446,0
1/1/2004,9:33,422.9588,742.54,203.68,10,11,11,0,3.1,1.2,3.1,-2.365249169775485,2.365249169775485,0.0,71.99449776642192,435.47361879071855,1408.806555,0.9712615914014002,0.5270702335708539,0.46772064072585134,0
1/1/2004,9:34,430.7075,763.84,204.04,10,11,11,0,3.1,1.2,3.1,-2.4645295854120786,2.4645295854120786,0.0,71.88077012647668,438.1321836729395,1408.806555,0.9830537815992035,0.5421894136487746,0.4657042043556276,0
1/1/2004,9:35,409.2193,685.48,203.58,3,3,3,0,3.1,1.2,3.1,-2.1117369637298045,2.1117369637298045,0.0,71.76760690636374,440.7758410222708,1408.806555,0.9284068270414204,0.4865678666578891,0.4618674188854054,0
1/1/2004,9:36,422.0869,725.78,204.04,10,11,11,0,3.1,1.2,3.1,-2.400957786274205,2.400957786274205,0.0,71.65501098212535,443.4045390525083,1408.806555,0.9519228217688952,0.5151736392935793,0.4601666921046954,0
1/1/2004,9:37,413.2694,688.88,205.45,3,3,3,0,3.1,1.2,3.1,-2.4259908442053835,2.4259908442053835,0.0,71.54298530552632,446.0182245723598,1408.806555,0.926575142520781,0.4889812569050689,0.46063140177059914,0
1/1/2004,9:38,402.6096,646.07,207.02,3,3,3,0,3.1,1.2,3.1,-2.457479655628747,2.457479655628747,0.0,71.43153282852222,448.6168447450731,1408.806555,0.8974464617546478,0.4585938344104312,0.4614628327601905,0
1/1/2004,9:39,396.436,620.97,207.45,3,3,3,0,3.1,1.2,3.1,-2.4346995705986862,2.4346995705986862,0.0,71.3206564279748,451.20034884106803,1408.806555,0.8786252072239457,0.4407773358209567,0.45977358070056085,0
1/1/2004,9:40,366.088,517.58,206.49,3,3,3,0,3.1,1.2,3.1,-1.9055790121566218,1.9055790121566218,0.0,71.21035901855062,453.7686855988346,1408.806555,0.8067722864500375,0.36738897768686213,0.4550556407996663,0
1/1/2004,9:41,342.2091,437.86,205.37,3,3,3,0,3.1,1.2,3.1,-1.4362685047177415,1.4362685047177415,0.0,71.10064351489585,456.3218041040109,1408.806555,0.7499293194457988,0.3108020745971047,0.4500551982240791,0
1/1/2004,9:42,337.2448,422.5,203.77,3,3,3,0,3.1,1.2,3.1,-1.2117981220340024,1.2117981220340024,0.0,70.99151283155656,458.8596537871755,1408.806555,0.7349628524028353,0.29989922924513934,0.44407913905307295,0
1/1/2004,9:43,320.9177,371.44,201.69,3,3,3,0,3.1,1.2,3.1,-0.747947027297291,0.747947027297291,0.0,70.88296988279035,461.38218442408333,1408.806555,0.6955571992893116,0.26365578629778597,0.43714301680668044,0
1/1/2004,9:44,303.6061,318.53,199.95,3,3,3,0,3.1,1.2,3.1,-0.40313563661402707,0.40313563661402707,0.0,70.77501758237119,463.88934613597564,1408.806555,0.6544795704599061,0.22609917512770233,0.43102951526157807,0
1/1/2004,9:45,315.1518,356.26,198.66,3,3,3,0,3.1,1.2,3.1,-0.45703915544197393,0.45703915544197393,0.0,70.66765884351486,466.38108938701004,1408.806555,0.6757388049635998,0.252880708664789,0.4259606671898074,0
1/1/2004,9:46,292.9745,289.44,196.74,3,3,3,0,3.1,1.2,3.1,-0.03155468503091008,0.03155468503091008,0.0,70.56089657867307,468.8573649846538,1408.806555,0.6248691433259012,0.20545049210109617,0.4196158889525805,0
1/1/2004,9:47,267.408,215.12,195.93,3,3,3,0,3.1,1.2,3.1,-0.18316061920226057,0.18316061920226057,0.0,70.45473366405095,471.3181248971422,1408.806555,0.5673620127771611,0.15269662058038908,0.41570648284056266,0
1/1/2004,9:48,238.3116,116.42,198.94,3,3,3,0,3.1,1.2,3.1,0.09285052161218665,0.09285052161218665,0.0,70.34917304577188,473.763319789221,1408.806555,0.5030182583700775,0.08263732134608077,0.4199143152080856,0
1/1/2004,9:49,266.8454,191.53,202.23,3,3,3,0,3.1,1.2,3.1,-0.046430044100298495,0.046430044100298495,0.0,70.2442176684618,476.1929006728687,1408.806555,0.5603724869122216,0.13595195118892672,0.42468083777445137,0
1/1/2004,9:50,269.4049,186.99,203.9,3,3,3,0,3.1,1.2,3.1,0.7402894678195437,0.7402894678195437,0.0,70.13987040435549,478.6068205447641,1408.806555,0.5628939840292195,0.13272936538828073,0.4260281952687493,0
1/1/2004,9:51,258.042,155.96,202.92,3,3,3,0,3.1,1.2,3.1,0.7311566819535598,0.7311566819535598,0.0,70.03613415964693,481.00503191694276,1408.806555,0.5364642423211847,0.1107036302794602,0.42186668856936005,0
1/1/2004,9:52,247.9729,129.88,201.52,3,3,3,0,3.1,1.2,3.1,0.7674928635496903,0.7674928635496903,0.0,69.9330118387744,483.387487639781,1408.806555,0.5129899021813091,0.09219150744226912,0.4168912211277015,0
1/1/2004,9:53,265.2282,186.66,200.28,3,3,3,0,3.1,1.2,3.1,0.22224322380335337,0.22224322380335337,0.0,69.83050634417548,485.7541409027232,1408.806555,0.5460132558151768,0.1324951245701721,0.4123073446739962,0
1/1/2004,9:54,260.7983,177.59,198.95,3,3,3,0,3.1,1.2,3.1,0.12255492904709175,0.12255492904709175,0.0,69.72862057603686,488.10494523505525,1408.806555,0.5343078420859025,0.12605705117548946,0.4075967718462517,0
1/1/2004,9:55,258.7873,173.25,198.52,3,3,3,0,3.1,1.2,3.1,-0.01747933024843773,0.01747933024843773,0.0,69.62735743215947,490.4398545039286,1408.806555,0.5276636831681611,0.12297642950703051,0.40477950186328054,0
1/1/2004,9:56,271.6831,208.76,199.95,3,3,3,0,3.1,1.2,3.1,-0.4707390615890539,0.4707390615890539,0.0,69.52671980769763,492.75882291521685,1408.806555,0.551351061342123,0.1481821611768409,0.4057766004413137,0
1/1/2004,9:57,258.6467,161.93,201.17,3,3,3,0,3.1,1.2,3.1,0.22229077763691318,0.22229077763691318,0.0,69.42671059501211,495.0618050116623,1408.806555,0.5224533530594367,0.1149412596252436,0.40635330369560824,0
1/1/2004,9:58,238.9304,102.46,201.28,3,3,3,0,3.1,1.2,3.1,0.622909995759624,0.622909995759624,0.0,69.32733268340115,497.348755673761,1408.806555,0.4804081588106513,0.0727282249194248,0.40470594870057514,0
1/1/2004,9:59,232.9395,89.945,200.03,3,3,3,0,3.1,1.2,3.1,0.4360725650338848,0.4360725650338848,0.0,69.22858892593196,499.619630876681,1408.806555,0.46623368179361124,0.06384481934782026,0.4003645726430084,0
1/1/2004,10:00,244.0071,129.35,197.74,3,3,3,0,3.1,1.2,3.1,0.07684016216193967,0.07684016216193967,0.0,69.1304822381759,501.8743854151164,1408.806555,0.4861915791900276,0.09181530249197344,0.39400297314724064,0
1/1/2004,10:01,270.9237,216.42,193.26,3,3,3,0,3.1,1.2,3.1,0.08207329717313527,0.08207329717313527,0.0,69.03301553170952,504.11297442705575,1408.806555,0.5374265566323014,0.15361938743960488,0.3833664472128447,0
1/1/2004,10:02,237.3834,132.46,189.1,3,3,3,0,3.1,1.2,3.1,0.28571579091984933,0.28571579091984933,0.0,68.93619164815114,506.3353549041757,1408.806555,0.46882643627547,0.09402284474748204,0.3734678966587022,0
1/1/2004,10:03,231.041,123.05,186.49,3,3,3,0,3.1,1.2,3.1,0.05770328298551064,0.05770328298551064,0.0,68.84001345798059,508.54148341402424,1408.806555,0.4543208519567324,0.08734343232808141,0.3667154127683443,0
1/1/2004,10:04,228.7347,115.55,185.78,3,3,3,0,3.1,1.2,3.1,0.46762013980619077,0.46762013980619077,0.0,68.7444838271371,510.73131686241663,1408.806555,0.44785720485125,0.08201977737106711,0.36375290464133875,0
1/1/2004,10:05,259.9124,205.35,185.45,3,3,3,0,3.1,1.2,3.1,-0.11508445948376078,0.11508445948376078,0.0,68.64960561683097,512.9048124919206,1408.806555,0.5067458789033964,0.14576167272305177,0.36156806386549795,0
1/1/2004,10:06,292.9886,298.81,184.08,3,3,3,0,3.1,1.2,3.1,-0.11482589114026887,0.11482589114026887,0.0,68.55538168324131,515.0619278828792,1408.806555,0.56884150067994,0.21210151169405939,0.3573939171870965,0
1/1/2004,10:07,297.7418,319.5,181.41,3,3,3,0,3.1,1.2,3.1,-0.3225231650880178,0.3225231650880178,0.0,68.46181487731877,517.2026209519614,1408.806555,0.5756772837925249,0.22678770116880953,0.35075228285985355,0
1/1/2004,10:08,285.9711,291.22,178.75,3,3,3,0,3.1,1.2,3.1,-0.04579357101074377,0.04579357101074377,0.0,68.36890804447374,519.3268499532523,1408.806555,0.550657259538462,0.20671397287756094,0.34419556781262195,0
1/1/2004,10:09,293.3401,317.51,176.39,3,3,3,0,3.1,1.2,3.1,-0.19335936421812638,0.19335936421812638,0.0,68.27666402426243,521.434573479326,1408.806555,0.5625635792476473,0.22537515805354838,0.338278297932988,0
1/1/2004,10:10,299.0075,342.29,173.42,3,3,3,0,3.1,1.2,3.1,-0.5357891907964873,0.5357891907964873,0.0,68.18508561969641,523.5257511554345,1408.806555,0.5711419148725405,0.2429645140315237,0.33125400157921114,0
1/1/2004,10:11,292.9886,331.59,171.37,3,3,3,0,3.1,1.2,3.1,-0.7088425344251914,0.7088425344251914,0.0,68.09417568858908,525.6003415482846,1408.806555,0.5574360913406758,0.23536943295951657,0.32604621126232086,0
1/1/2004,10:12,375.2852,559.02,170.58,3,3,3,0,3.1,1.2,3.1,-1.229533393763127,1.229533393763127,0.0,68.00393708192414,527.6583035670621,1408.806555,0.7112276969072724,0.39680394587601847,0.32327739153700313,0
1/1/2004,10:13,390.2201,593.32,171.6,3,3,3,0,3.1,1.2,3.1,-1.1308573996496207,1.1308573996496207,0.0,67.91437258256498,529.699597855712,1408.806555,0.736681888337575,0.4211507945460973,0.3239572027138732,0
1/1/2004,10:14,398.7845,607.54,175.48,3,3,3,0,3.1,1.2,3.1,-1.48192959769895,1.48192959769895,0.0,67.82548499681496,531.7241846961806,1408.806555,0.7499837537535735,0.43124444434459636,0.3300207232444518,0
1/1/2004,10:15,475.7372,808.16,180.67,3,3,3,0,3.1,1.2,3.1,-2.281521079274962,2.281521079274962,0.0,67.73727712348125,533.7320247083212,1408.806555,0.8913409313596747,0.5736486653414244,0.3385032031734168,0
1/1/2004,10:16,423.3526,664.81,178.84,3,3,3,0,3.1,1.2,3.1,-1.921231682535618,1.921231682535618,0.0,67.64975175353756,535.7230788510119,1408.806555,0.7902452156961062,0.4718958735963576,0.3338291872427183,0
1/1/2004,10:17,445.544,735.72,175.16,3,3,3,0,3.1,1.2,3.1,-2.2846821584402432,2.2846821584402432,0.0,67.56291166988422,537.6973084209919,1408.806555,0.8286148973079103,0.5222292566632756,0.3257594882042033,0
1/1/2004,10:18,463.0384,788.51,173.91,3,3,3,0,3.1,1.2,3.1,-2.71384712831938,2.71384712831938,0.0,67.47675964700414,539.6546750540078,1408.806555,0.85802721889449,0.5597006893540469,0.32226163885747,0
1/1/2004,10:19,431.4529,696.34,173.66,3,3,3,0,3.1,1.2,3.1,-2.2441796117492974,2.2441796117492974,0.0,67.3912984506159,541.5951407259564,1408.806555,0.7966336245588886,0.4942765190356458,0.32064541747406633,0
1/1/2004,10:20,337.948,442.55,173.96,3,3,3,0,3.1,1.2,3.1,-1.9577054945035588,1.9577054945035588,0.0,67.30653083740512,543.5186677521901,1408.806555,0.6217780916295643,0.314131133496891,0.32006260377300355,0
1/1/2004,10:21,337.6245,443.45,173.11,3,3,3,0,3.1,1.2,3.1,-2.079210161494882,2.079210161494882,0.0,67.22245952679583,545.4252194204471,1408.806555,0.6190115307809748,0.31476997209173263,0.31738539736747345,0
1/1/2004,10:22,406.8989,634.62,169.19,3,3,3,0,3.1,1.2,3.1,-2.12586422890757,2.12586422890757,0.0,67.13908728469306,547.3147580856453,1408.806555,0.7434458764152809,0.4504663878427227,0.3091274216536377,0
1/1/2004,10:23,383.6808,573.18,165.68,3,3,3,0,3.1,1.2,3.1,-1.3977144708461897,1.3977144708461897,0.0,67.05641686674747,549.1872464495477,1408.806555,0.6986338493482253,0.40685500643486144,0.3016821695534777,0
1/1/2004,10:24,306.6297,376.25,164.3,3,3,3,0,3.1,1.2,3.1,-1.5530613786684633,1.5530613786684633,0.0,66.97445096218334,551.0426488268156,1408.806555,0.5564536622579446,0.2670700236768845,0.29816203945338726,0
1/1/2004,10:25,247.0166,220.87,162.59,3,3,3,0,3.1,1.2,3.1,-0.9038469184021403,0.9038469184021403,0.0,66.89319227776906,552.8809292340825,1408.806555,0.44678082917816914,0.1567780893807667,0.2940777867401564,0
1/1/2004,10:26,307.2625,378.02,162.28,3,3,3,0,3.1,1.2,3.1,-1.2402587985781754,1.2402587985781754,0.0,66.8126435093578,554.7020520282322,1408.806555,0.5539234961841488,0.2683264062467398,0.2925534517253608,0
1/1/2004,10:27,267.5205,272.09,160.48,3,3,3,0,3.1,1.2,3.1,-0.16433016398301747,0.16433016398301747,0.0,66.73280734152019,556.5059819075607,1408.806555,0.4807145092726729,0.19313510363386974,0.2883706648577531,0
1/1/2004,10:28,199.2868,102.0,158.56,3,3,3,0,3.1,1.2,3.1,0.15351009382524872,0.15351009382524872,0.0,66.65368644717637,558.2926839129019,1408.806555,0.35695757036123066,0.07240170741539459,0.2840087369383057,0
1/1/2004,10:29,229.5363,181.77,156.83,3,3,3,0,3.1,1.2,3.1,0.19415285833594975,0.19415285833594975,0.0,66.57528348731822,560.0621234266703,1408.806555,0.40984078443943106,0.1290241015381988,0.280022507218405,0
1/1/2004,10:30,202.0853,109.93,158.43,3,3,3,0,3.1,1.2,3.1,-0.09066948999122415,0.09066948999122415,0.0,66.49760111063674,561.814266173999,1408.806555,0.35970126101677224,0.07803058525661105,0.28199711103621705,0
1/1/2004,10:31,219.9313,150.46,159.35,3,3,3,0,3.1,1.2,3.1,0.17968488189863407,0.17968488189863407,0.0,66.42064195323792,563.5490782218415,1408.806555,0.3902611298628083,0.10679961664431638,0.2827615307309078,0
1/1/2004,10:32,253.8653,240.61,157.82,3,3,3,0,3.1,1.2,3.1,-0.19521063650836945,0.19521063650836945,0.0,66.34440861295049,565.2665265501147,1408.806555,0.44910725839254717,0.17078994922762836,0.27919572907172346,0
1/1/2004,10:33,306.2781,377.88,156.48,3,3,3,0,3.1,1.2,3.1,-0.7381686545096078,0.7381686545096078,0.0,66.26890372514163,566.9665773369566,1408.806555,0.5402048590563998,0.2682270313542089,0.27599510492309254,0
1/1/2004,10:34,351.5891,492.8,155.45,3,3,3,0,3.1,1.2,3.1,-0.7828616104595509,0.7828616104595509,0.0,66.19412991130525,568.6491971095406,1408.806555,0.6182882202017288,0.34979962170888684,0.2733671317750145,0
1/1/2004,10:35,331.0993,446.38,153.45,3,3,3,0,3.1,1.2,3.1,-0.9141470418194131,0.9141470418194131,0.0,66.12008972804907,570.3143538852132,1408.806555,0.5805557895297865,0.3168497466282729,0.26906213907231374,0
1/1/2004,10:36,381.1214,575.08,151.07,3,3,3,0,3.1,1.2,3.1,-0.8908121553938053,0.8908121553938053,0.0,66.04678574323613,571.962015448973,1408.806555,0.6663404032186143,0.4082036656906385,0.2641259313022991,0
1/1/2004,10:37,381.7261,593.68,147.07,3,3,3,0,3.1,1.2,3.1,-1.8157223715449478,1.8157223715449478,0.0,65.97422051004173,573.5921499304205,1408.806555,0.6655009139269168,0.4214063299840339,0.2564016959050787,0
1/1/2004,10:38,440.0453,742.1,145.18,3,3,3,0,3.1,1.2,3.1,-1.8136587869149845,1.8136587869149845,0.0,65.9023965665692,575.2047258048649,1408.806555,0.7650237911106506,0.5267579124800424,0.25239709182996445,0
1/1/2004,10:39,468.4526,805.41,145.79,3,3,3,0,3.1,1.2,3.1,-1.4913154089225888,1.4913154089225888,0.0,65.83131643555018,576.7997118925057,1408.806555,0.8121581726575176,0.5716966585238525,0.25275671432230173,0
1/1/2004,10:40,478.5498,823.93,147.58,3,3,3,0,3.1,1.2,3.1,-1.5004373049468778,1.5004373049468778,0.0,65.76098262395931,578.377077359514,1408.806555,0.8274010480926057,0.5848425371643732,0.2551622562113844,0
1/1/2004,10:41,521.006,924.54,148.38,3,3,3,0,3.1,1.2,3.1,-1.5051807812571094,1.5051807812571094,0.0,65.69139762270915,579.9367917172908,1408.806555,0.8983841126154682,0.6562575938610677,0.2558554692841986,0
1/1/2004,10:42,528.2766,940.9,148.02,3,3,3,0,3.1,1.2,3.1,-1.5093643217132136,1.5093643217132136,0.0,65.62256390626338,581.4788248235366,1408.806555,0.9085053099918436,0.6678702598739683,0.2545578509155861,0
1/1/2004,10:43,536.8832,958.17,149.85,3,3,3,0,3.1,1.2,3.1,-1.7358410362854793,1.7358410362854793,0.0,65.55448393224887,583.003146883329,1408.806555,0.9208924563617175,0.68012886268832,0.25703120266345336,0
1/1/2004,10:44,536.6019,940.87,154.24,3,3,3,0,3.1,1.2,3.1,-1.469382241106254,1.469382241106254,0.0,65.4871601188307,584.5097289475376,1408.806555,0.9180375850478999,0.6678489652541403,0.26387926900331155,0
1/1/2004,10:45,542.1709,935.93,161.05,3,3,3,0,3.1,1.2,3.1,-1.486826977610889,1.486826977610889,0.0,65.42059491153486,585.9985414103678,1408.806555,0.9252086168936795,0.6643424511891202,0.2748300356045061,0
1/1/2004,10:46,542.3818,923.11,166.29,3,3,3,0,3.1,1.2,3.1,-1.6042902027399109,1.6042902027399109,0.0,65.35479073779041,587.469555018967,1408.806555,0.9232509078406433,0.6552425503159304,0.28306147710859875,0
1/1/2004,10:47,491.6425,791.7,166.84,3,3,3,0,3.1,1.2,3.1,-1.2357479328291232,1.2357479328291232,0.0,65.28974996190325,588.9227418728312,1408.806555,0.8348166322063388,0.5619650172624304,0.28329692188390054,0
1/1/2004,10:48,440.2422,662.46,165.77,3,3,3,0,3.1,1.2,3.1,-0.706082005247699,0.706082005247699,0.0,65.2254749521334,590.3580739153626,1408.806555,0.7457206387984724,0.4702277950431598,0.28079568540594874,0
1/1/2004,10:49,344.5576,434.47,166.3,3,3,3,0,3.1,1.2,3.1,-1.2165890373676103,1.2165890373676103,0.0,65.16196805781061,591.7755234383114,1408.806555,0.5822437501268465,0.3083957825565342,0.28101871979052145,0
1/1/2004,10:50,292.6651,300.38,164.37,3,3,3,0,3.1,1.2,3.1,0.6260142413247571,0.6260142413247571,0.0,65.09923160894705,593.1750630827833,1408.806555,0.49338739642727664,0.2132159301317277,0.2771020061864276,0
1/1/2004,10:51,200.8478,97.826,158.77,3,3,3,0,3.1,1.2,3.1,0.39610515630668086,0.39610515630668086,0.0,65.03726791592267,594.5566658386198,1408.806555,0.33781103053769485,0.06943891597665089,0.2670393069701028,0
1/1/2004,10:52,186.7426,82.399,151.8,3,3,3,0,3.1,1.2,3.1,0.047203635228787455,0.047203635228787455,0.0,64.97607926909933,595.9203050453762,1408.806555,0.31336841255271636,0.05848851264040293,0.25473204842120833,0
1/1/2004,10:53,268.4486,281.19,148.55,3,3,3,0,3.1,1.2,3.1,0.25680268746548496,0.25680268746548496,0.0,64.91566793843485,597.265954393305,1408.806555,0.4494624179151256,0.19959447164838043,0.24871667120369378,0
1/1/2004,10:54,436.4312,676.41,150.59,3,3,3,0,3.1,1.2,3.1,-0.3564935942955594,0.3564935942955594,0.0,64.8560361731561,598.5935879230321,1408.806555,0.7290943451537888,0.48012979326320643,0.2515730255689993,0
1/1/2004,10:55,520.4435,872.78,154.48,3,3,3,0,3.1,1.2,3.1,-1.080888817616088,1.080888817616088,0.0,64.79718618194788,599.9031804586236,1408.806555,0.8675458256482703,0.6195172764510597,0.25750821971288873,0
1/1/2004,10:56,529.486,884.5,157.52,3,3,3,0,3.1,1.2,3.1,-1.025456623502441,1.025456623502441,0.0,64.73912019128134,601.1947063024588,1408.806555,0.8807229911529153,0.6278363745972207,0.2620116217735828,0
1/1/2004,10:57,571.8157,983.75,156.83,3,3,3,0,3.1,1.2,3.1,-0.9885999521944133,0.9885999521944133,0.0,64.68184040554081,602.468140114969,1408.806555,0.9491218903142006,0.6982860751950434,0.26031252037671593,0
1/1/2004,10:58,528.3329,879.43,155.09,3,3,3,0,3.1,1.2,3.1,-0.6812530832957853,0.6812530832957853,0.0,64.6253489677458,603.7234577807342,1408.806555,0.8751240210909359,0.624237583846279,0.25688914022010223,0
1/1/2004,10:59,557.7527,958.51,152.07,3,3,3,0,3.1,1.2,3.1,-1.0492874947023778,1.0492874947023778,0.0,64.56964801815985,604.9606350969707,1408.806555,0.9219652778078633,0.680370201713038,0.25137172764245114,0
1/1/2004,11:00,550.2571,953.31,148.64,3,3,3,0,3.1,1.2,3.1,-1.533924999394043,1.533924999394043,0.0,64.51473967418211,606.1796482135218,1408.806555,0.9077459159535763,0.6766791342761747,0.2452078363865538,0
1/1/2004,11:01,553.9978,969.5,144.91,3,3,3,0,3.1,1.2,3.1,-1.5800387952282446,1.5800387952282446,0.0,64.46062603003512,607.3804736323514,1408.806555,0.9121099937357156,0.6881711307767162,0.23858192070842618,0
1/1/2004,11:02,501.5569,851.07,140.05,3,3,3,0,3.1,1.2,3.1,-1.2075079487070206,1.2075079487070206,0.0,64.40730915639193,608.5630882084215,1408.806555,0.8241658255622399,0.6041070699021557,0.23013226190287028,0
1/1/2004,11:03,311.847,407.87,135.68,3,3,3,0,3.1,1.2,3.1,-0.11466046219685833,0.11466046219685833,0.0,64.35479110000517,609.7274691505589,1408.806555,0.5114530930260519,0.2895145529756568,0.2225256477111363,0
1/1/2004,11:04,292.1026,385.95,132.62,3,3,3,0,3.1,1.2,3.1,-2.6233940856661753,2.6233940856661753,0.0,64.30307388338866,610.8735940211874,1408.806555,0.47817192109611595,0.2739552840879563,0.21709892406218534,0
1/1/2004,11:05,522.3139,907.8,137.68,3,3,3,0,3.1,1.2,3.1,-1.8278089727548297,1.8278089727548297,0.0,64.25215950449824,612.0014407361265,1408.806555,0.8534520758182388,0.6443751959970119,0.22496679065721806,0
1/1/2004,11:06,488.5346,828.47,140.31,3,3,3,0,3.1,1.2,3.1,-2.46068930984773,2.46068930984773,0.0,64.20204991983624,613.1109879313128,1408.806555,0.7968126646177981,0.5880651229650192,0.22884926671012298,0
1/1/2004,11:07,556.7261,970.95,143.56,3,3,3,0,3.1,1.2,3.1,-1.7891795723353532,1.7891795723353532,0.0,64.15274709395386,614.2022138598354,1408.806555,0.9064215130410588,0.6892003707350723,0.2337340972736403,0
1/1/2004,11:08,576.9627,997.85,149.54,3,3,3,0,3.1,1.2,3.1,-1.4305110168571167,1.4305110168571167,0.0,64.10425296554769,615.2750971354905,1408.806555,0.9377312728666254,0.7082945465142303,0.24304575416136112,0
1/1/2004,11:09,577.1596,994.11,151.37,3,3,3,0,3.1,1.2,3.1,-1.555087954131762,1.555087954131762,0.0,64.0565694140414,616.3296174653451,1408.806555,0.9364463164589886,0.7056398172423325,0.24559910105003385,0
1/1/2004,11:10,569.1015,990.3,144.03,3,3,3,0,3.1,1.2,3.1,-1.5392337313072435,1.5392337313072435,0.0,64.00969830942208,617.3657545393763,1408.806555,0.9218222679432764,0.7029354005241693,0.2332976828419361,0
1/1/2004,11:11,488.9705,821.15,134.76,3,3,3,0,3.1,1.2,3.1,-1.2573208040498995,1.2573208040498995,0.0,63.96364149508884,618.3834884032658,1408.806555,0.7907237323922985,0.5828692357269732,0.2179230243484753,0
1/1/2004,11:12,420.6384,674.52,130.78,3,3,3,0,3.1,1.2,3.1,-1.5666453450156936,1.5666453450156936,0.0,63.918400787506016,619.382799459169,1408.806555,0.6791250909248561,0.4787882322140388,0.21114567617020386,0
1/1/2004,11:13,556.2057,994.7,128.53,3,3,3,0,3.1,1.2,3.1,-1.8246467304887437,1.8246467304887437,0.0,63.873977975914116,620.3636684652623,1408.806555,0.8965800679076117,0.7060586114322843,0.20718492480060044,0
1/1/2004,11:14,553.6322,993.64,125.72,3,3,3,0,3.1,1.2,3.1,-1.828712460719617,1.828712460719617,0.0,63.830374821990105,621.3260765364814,1408.806555,0.8910493554144162,0.705306201531693,0.20234141901916183,0
1/1/2004,11:15,551.2274,992.83,121.49,3,3,3,0,3.1,1.2,3.1,-1.5705988393962644,1.5705988393962644,0.0,63.78759305956169,622.2700051441323,1408.806555,0.8858331519166232,0.7047312467963355,0.19523679270361116,0
1/1/2004,11:16,550.7212,994.66,118.42,3,3,3,0,3.1,1.2,3.1,-1.377758945117491,1.377758945117491,0.0,63.745634394274745,623.195436116608,1408.806555,0.8837054446864608,0.7060302186058469,0.1900206470347804,0
1/1/2004,11:17,547.7961,994.5,115.87,3,3,3,0,3.1,1.2,3.1,-1.552409832730517,1.552409832730517,0.0,63.70450048975034,624.1023519379513,1408.806555,0.8777343945251824,0.7059166473000973,0.18565864980351793,0
1/1/2004,11:18,544.8428,995.15,112.48,3,3,3,0,3.1,1.2,3.1,-1.6457738898098095,1.6457738898098095,0.0,63.66419300813163,624.9907348476322,1408.806555,0.8717614032035664,0.7063780307297052,0.17997066792905617,0
1/1/2004,11:19,541.299,995.55,108.28,3,3,3,0,3.1,1.2,3.1,-1.6806508910591877,1.6806508910591877,0.0,63.624713582179254,625.8605674493925,1408.806555,0.8648875295115469,0.7066619589940792,0.17300978146183588,0
1/1/2004,11:20,536.9113,996.73,102.62,3,3,3,0,3.1,1.2,3.1,-1.667899731183653,1.667899731183653,0.0,63.58606378797138,626.7118333066298,1408.806555,0.8567116040671704,0.7074995473739829,0.16374351742899254,0
1/1/2004,11:21,532.4111,998.99,96.636,3,3,3,0,3.1,1.2,3.1,-1.7020958650099893,1.7020958650099893,0.0,63.54824518569094,627.5445160370232,1408.806555,0.8484037170178848,0.7091037420676966,0.15399066923612278,0
1/1/2004,11:22,527.0672,999.53,90.712,3,3,3,0,3.1,1.2,3.1,-1.762657614470986,1.762657614470986,0.0,63.51125930552688,628.3585996172437,1408.806555,0.8388000105688947,0.7094870452246015,0.14436342568599525,0
1/1/2004,11:23,524.4937,1000.6,87.5,3,3,3,0,3.1,1.2,3.1,-1.8453682761204626,1.8453682761204626,0.0,63.475107647416785,629.1540683825932,1408.806555,0.8336490636520076,0.7102465533318022,0.13907563249959087,0
1/1/2004,11:24,523.9733,1001.2,85.649,3,3,3,0,3.1,1.2,3.1,-1.7532018868609223,1.7532018868609223,0.0,63.439791680749316,629.9309070276147,1408.806555,0.8317948748893984,0.7106724457283634,0.13596570519795967,0
1/1/2004,11:25,522.0889,1002.4,82.593,3,3,3,0,3.1,1.2,3.1,-1.7417500478601577,1.7417500478601577,0.0,63.40531284411286,630.6891006057837,1408.806555,0.8278070756233585,0.7115242305214856,0.13095675812483287,0
1/1/2004,11:26,521.3576,1002.0,80.804,3,3,3,0,3.1,1.2,3.1,-1.6123549361207967,1.6123549361207967,0.0,63.371672545007975,631.4286345300948,1408.806555,0.8256793744996869,0.7112403022571115,0.12797012295797106,0
1/1/2004,11:27,520.542,1000.9,78.668,3,3,3,0,3.1,1.2,3.1,-1.372266897732577,1.372266897732577,0.0,63.338872159565184,632.1494945736301,1408.806555,0.8234476250765546,0.7104594995300828,0.12444524701085098,0
1/1/2004,11:28,519.3607,1000.5,75.817,3,3,3,0,3.1,1.2,3.1,-1.1217634845763103,1.1217634845763103,0.0,63.30691303230795,632.8516668692381,1408.806555,0.8206673493795379,0.7101755712657087,0.11980216529265388,0
1/1/2004,11:29,517.8981,999.18,73.413,3,3,3,0,3.1,1.2,3.1,-0.9263637977034556,0.9263637977034556,0.0,63.27579646573109,633.5351381329601,1408.806555,0.8174733630817311,0.7092386079932742,0.11587833978135684,0
1/1/2004,11:30,517.7716,998.91,71.918,3,3,3,0,3.1,1.2,3.1,-0.7331169961339534,0.7331169961339534,0.0,63.24552375080481,634.1998949888283,1408.806555,0.8164170383678805,0.7090469564148216,0.11339957727565829,0
1/1/2004,11:31,517.87,998.83,71.941,3,3,3,0,3.1,1.2,3.1,-0.7988882480982284,0.7988882480982284,0.0,63.21609614584772,634.8459244277084,1408.806555,0.8157412374771751,0.7089901707619469,0.11332040930222924,0
1/1/2004,11:32,518.2356,998.36,72.239,3,3,3,0,3.1,1.2,3.1,-0.8296780136637372,0.8296780136637372,0.0,63.18751485597142,635.4732142535809,1408.806555,0.8155113203452851,0.7086565550513073,0.1136774900651809,0
1/1/2004,11:33,518.7841,997.79,72.765,3,3,3,0,3.1,1.2,3.1,-0.8574992446292784,0.8574992446292784,0.0,63.159781063883855,636.0817524020432,1408.806555,0.8155934328266914,0.7082519572745741,0.11439567276567304,0
1/1/2004,11:34,521.006,998.74,74.881,3,3,3,0,3.1,1.2,3.1,-0.9935085774719354,0.9935085774719354,0.0,63.13289591921365,636.6715271699425,1408.806555,0.81832778405517,0.7089262869024627,0.11761323823110519,0
1/1/2004,11:35,460.6758,870.74,76.385,3,3,3,0,3.1,1.2,3.1,-2.034940475220348,2.034940475220348,0.0,63.10686053830463,637.2425272151545,1408.806555,0.7229206782749142,0.6180692423027518,0.11986802000458746,0
1/1/2004,11:36,528.0657,1000.9,80.507,3,3,3,0,3.1,1.2,3.1,-1.0435297255656173,1.0435297255656173,0.0,63.081676003985464,637.79474155703,1408.806555,0.8279555562199343,0.7104594995300828,0.12622713038282596,0
1/1/2004,11:37,529.2188,998.5,82.787,3,3,3,0,3.1,1.2,3.1,-1.1186477399189099,1.1186477399189099,0.0,63.05734336534559,638.3281595768274,1408.806555,0.8290701139533618,0.7087559299438382,0.1296934793772575,0
1/1/2004,11:38,531.8486,999.44,83.644,3,3,3,0,3.1,1.2,3.1,-0.932331612003634,0.932331612003634,0.0,63.033863637542595,638.8427710175816,1408.806555,0.8325187732074423,0.7094231613651174,0.1309304946297937,0
1/1/2004,11:39,535.7019,1000.4,86.252,3,3,3,0,3.1,1.2,3.1,-0.8417132943021266,0.8417132943021266,0.0,63.01123780161193,639.338565984053,1408.806555,0.8379001807523715,0.7101045891996152,0.13490817633884356,0
1/1/2004,11:40,496.4239,896.82,93.405,3,3,3,0,3.1,1.2,3.1,-0.8539544210188099,0.8539544210188099,0.0,62.98946679724973,639.8155350967226,1408.806555,0.7758859745800863,0.6365813651399429,0.1459873899215025,0
1/1/2004,11:41,250.0964,329.63,94.989,3,3,3,0,3.1,1.2,3.1,2.163949947827537,2.163949947827537,0.0,62.968551543940336,640.2736690250257,1408.806555,0.39060859769672135,0.23397818446408353,0.1483568739358658,0
1/1/2004,11:42,224.3892,291.46,90.458,3,3,3,0,3.1,1.2,3.1,0.6177838714122919,0.6177838714122919,0.0,62.94849292619174,640.7129588069923,1408.806555,0.35021798281997096,0.20688432983618535,0.141183347014602,0
1/1/2004,11:43,470.0417,859.97,84.443,3,3,3,0,3.1,1.2,3.1,-1.2115882782456122,1.2115882782456122,0.0,62.929291779325695,641.133396156812,1408.806555,0.7331418123242399,0.6104244737844793,0.1317089399899962,0
1/1/2004,11:44,523.003,988.72,78.382,3,3,3,0,3.1,1.2,3.1,-1.0626063022196375,1.0626063022196375,0.0,62.910948910935005,641.5349729912227,1408.806555,0.815236927086679,0.7018138838798916,0.12217884184011961,0
1/1/2004,11:45,526.4765,998.89,74.698,3,3,3,0,3.1,1.2,3.1,-0.6345640079746029,0.6345640079746029,0.0,62.89346509341361,641.9176815897556,1408.806555,0.8201620162512783,0.709032760001603,0.11636694570401143,0
1/1/2004,11:46,525.6187,996.32,73.5,3,3,3,0,3.1,1.2,3.1,-0.39949824438288983,0.39949824438288983,0.0,62.876841063793464,642.2815145950392,1408.806555,0.8183618678974507,0.7072085209029995,0.11443580163807457,0
1/1/2004,11:47,532.4955,995.47,80.379,3,3,3,0,3.1,1.2,3.1,-0.367974528447057,0.367974528447057,0.0,62.86107752360979,642.6264650126259,1408.806555,0.8286236701900191,0.7066051733412044,0.12507888233084327,0
1/1/2004,11:48,539.9489,996.41,87.884,3,3,3,0,3.1,1.2,3.1,-0.4934663106087811,0.4934663106087811,0.0,62.84617513875238,642.9525262112692,1408.806555,0.8397959071438145,0.7072724047624835,0.136688163460333,0
1/1/2004,11:49,548.907,995.78,97.753,3,3,3,0,3.1,1.2,3.1,-0.6368594318563847,0.6368594318563847,0.0,62.83213453934147,643.2596919228088,1408.806555,0.8533209944481783,0.7068252177460943,0.15196506360875844,0
1/1/2004,11:50,281.3725,382.87,95.635,3,3,3,0,3.108397594553465,1.2215300265755924,3.108397594553465,4.0073321253755845,4.0073321253755845,0.22833222686639587,62.81895631959375,643.5479562424182,1408.806555,0.4372207187835583,0.27176903645227574,0.14860586390235578,0
1/1/2004,11:51,194.9413,214.88,93.432,3,3,3,0,3.1,1.2,3.1,1.7274083172875265,1.7274083172875265,0.0,62.80664103385609,643.8173137128123,1408.806555,0.30278977568310245,0.1525262636217646,0.14512191270717711,0
1/1/2004,11:52,326.6835,514.76,92.535,3,3,3,0,3.1,1.2,3.1,-0.36162864281347185,0.36162864281347185,0.0,62.79518920831144,644.067759065853,1408.806555,0.5072191479881204,0.3653872834230247,0.14367277153293853,0
1/1/2004,11:53,358.3393,587.2,89.194,3,3,3,0,3.1,1.2,3.1,0.16689258436759502,0.16689258436759502,0.0,62.78460133260889,644.2992874033812,1408.806555,0.5561690149373887,0.4168066921011736,0.13843566451775022,0
1/1/2004,11:54,277.6036,416.54,82.783,3,3,3,0,3.1,1.2,3.1,1.557960596562502,1.557960596562502,0.0,62.774877852092395,644.5118943650855,1408.806555,0.4307191262520761,0.29566869810596536,0.12844293600128248,0
1/1/2004,11:55,349.9015,583.58,81.079,3,3,3,0,3.1,1.2,3.1,0.5059761288598752,0.5059761288598752,0.0,62.76601917980284,644.7055758640809,1408.806555,0.5427306868426519,0.414237141308588,0.12576128241380893,0
1/1/2004,11:56,534.8722,1005.2,80.214,3,3,3,0,3.1,1.2,3.1,-1.0125921294779405,1.0125921294779405,0.0,62.758025692260404,644.8803281773812,1408.806555,0.82941311221526,0.7135117283721044,0.12438586896689502,0
1/1/2004,11:57,529.2891,994.62,78.51,3,3,3,0,3.1,1.2,3.1,-0.8648698657484855,0.8648698657484855,0.0,62.750897729394936,645.0361479458047,1408.806555,0.8205572690547419,0.7060018257794095,0.1217141089689695,0
1/1/2004,11:58,529.3735,995.59,77.686,3,3,3,0,3.1,1.2,3.1,-0.7964522997049528,0.7964522997049528,0.0,62.744635594472996,645.1730321741059,1408.806555,0.8205139917521285,0.7066903518205166,0.12041110853349452,0
1/1/2004,11:59,527.2922,995.46,75.657,3,3,3,0,3.1,1.2,3.1,-0.8137723261308683,0.8137723261308683,0.0,62.739239554040054,645.2909782309342,1408.806555,0.8171386518459812,0.7065980751345952,0.11724478189267999,0
1/1/2004,12:00,526.3781,996.15,74.517,3,3,3,0,3.1,1.2,3.1,-0.8450965717830328,0.8450965717830328,0.0,62.734709837863086,645.3899838489417,1408.806555,0.815596946300305,0.7070878513906403,0.11546042217079286,0
1/1/2004,12:01,526.5328,996.94,74.391,3,3,3,0,3.1,1.2,3.1,-0.8705865912663646,0.8705865912663646,0.0,62.731046638881104,645.470047124873,1408.806555,0.8157354510024795,0.7076486097127793,0.1152508940288724,0
1/1/2004,12:02,527.8125,996.92,75.854,3,3,3,0,3.1,1.2,3.1,-0.9089517164674765,0.9089517164674765,0.0,62.72825011252291,645.5311665336437,1408.806555,0.8176406149903399,0.7076344132995606,0.11750633266449212,0
1/1/2004,12:03,528.0516,995.9,77.139,3,3,3,0,3.1,1.2,3.1,-1.021535296621623,1.021535296621623,0.0,62.72632037890522,645.5733408796282,1408.806555,0.8179575681989927,0.7069103962254066,0.11948913487489118,0
1/1/2004,12:04,527.236,996.15,76.339,3,3,3,0,3.1,1.2,3.1,-1.0503284187490913,1.0503284187490913,0.0,62.72525752093391,645.5965693376426,1408.806555,0.8166648105657129,0.7070878513906403,0.11824567171774301,0
1/1/2004,12:05,528.0235,996.56,76.752,3,3,3,0,3.1,1.2,3.1,-1.0147237435967016,1.0147237435967016,0.0,62.725061582991984,645.6008514812629,1408.806555,0.8178791877187056,0.7073788778616238,0.11888460156751753,0
1/1/2004,12:06,530.7095,996.89,79.46,3,3,3,0,3.1,1.2,3.1,-1.0396995377814133,1.0396995377814133,0.0,62.72573257345237,645.5861872277133,1408.806555,0.8220583254406069,0.7076131186797325,0.12308193944052369,0
1/1/2004,12:07,536.8832,997.47,85.794,3,3,3,0,3.1,1.2,3.1,-1.1012102366910637,1.1012102366910637,0.0,62.727270463739806,645.5525768583316,1408.806555,0.8316645603256891,0.708024814663075,0.1329000968713161,0
1/1/2004,12:08,547.9367,998.96,96.961,3,3,3,0,3.1,1.2,3.1,-1.2145941496142565,1.2145941496142565,0.0,62.72967518833667,645.5000210185665,1408.806555,0.848856207836188,0.7090824474478684,0.15021068449695854,0
1/1/2004,12:09,565.2482,999.28,114.48,3,3,3,0,3.1,1.2,3.1,-1.230225267090157,1.230225267090157,0.0,62.73294664479442,645.4285207180098,1408.806555,0.8757719590252799,0.7093095900593677,0.17737053186408033,0
1/1/2004,12:10,589.6054,998.67,139.5,3,3,3,0,3.1,1.2,3.1,-1.232846313630842,1.232846313630842,0.0,62.737084693755754,645.3380773303543,1408.806555,0.9136380150371567,0.7088765994561972,0.2161657662865424,0
1/1/2004,12:11,526.9266,791.67,166.73,3,3,3,0,3.1,1.2,3.1,-0.4507006282880366,0.4507006282880366,0.0,62.74208915898447,645.2286925933429,1408.806555,0.8166509116049135,0.5619437226426023,0.2584045035720103,0
1/1/2004,12:12,210.6637,51.883,185.21,3,3,3,0,3.1,1.2,3.1,0.8116980830306542,0.8116980830306542,0.0,62.747959827399725,645.1003686087795,1408.806555,0.32655957158157634,0.036827625351303114,0.2871026107137763,0
1/1/2004,12:13,531.9752,751.51,197.88,3,3,3,0,3.1,1.2,3.1,-1.8354780617848232,1.8354780617848232,0.0,62.754696449121894,644.9531078424461,1408.806555,0.8248277177539468,0.5334373248994431,0.3068130032925426,0
1/1/2004,12:14,481.4749,630.16,196.89,3,3,3,0,3.1,1.2,3.1,-0.7889217029564577,0.7889217029564577,0.0,62.76229874035737,644.7869130621095,1408.806555,0.7467194048859698,0.4473005876949515,0.30535669383388125,0
1/1/2004,12:15,184.4784,2.0526,181.44,3,3,3,6,,,,,,,62.77076637523291,644.6017875172738,1408.806555,,,,0
1/1/2004,12:16,161.3448,-0.82976,160.54,3,3,3,6,,,,,,,62.78009899096332,644.3977348276005,1408.806555,,,,0
1/1/2004,12:17,139.9705,-1.6268,139.16,3,3,3,6,,,,,,,62.790296193598095,644.1747588588223,1408.806555,,,,0
1/1/2004,12:18,178.1923,122.56,119.81,3,3,3,0,3.1,1.2,3.1,1.3438946826145104,1.3438946826145104,0.0,62.801357550169165,643.9328638961064,1408.806555,0.27672496620509485,0.08699562020422315,0.1860597691428441,0
1/1/2004,12:19,276.802,375.72,103.45,3,3,3,0,3.1,1.2,3.1,0.6137985319895733,0.6137985319895733,0.0,62.81328259131987,643.6720545884393,1408.806555,0.4300357581579114,0.2666938187265888,0.16071848896119223,0
1/1/2004,12:20,257.7185,363.36,88.727,3,3,3,0,3.1,1.2,3.1,1.1966294673834144,1.1966294673834144,0.0,62.82607081140519,643.3923359484465,1408.806555,0.4005619675591696,0.2579204353574292,0.1379049687764846,0
1/1/2004,12:21,490.7987,906.4,77.599,3,3,3,0,3.1,1.2,3.1,-0.11292558760440663,0.11292558760440663,0.0,62.83972166859988,643.0937133521927,1408.806555,0.7631837939165365,0.6433814470717025,0.1206651509552273,0
1/1/2004,12:22,516.9418,993.12,68.332,3,3,3,0,3.1,1.2,3.1,-0.864319167108929,0.864319167108929,0.0,62.85423458500398,642.776192539189,1408.806555,0.804232960088177,0.7049370947880066,0.10630760876513626,0
1/1/2004,12:23,510.9932,993.07,62.159,3,3,3,0,3.1,1.2,3.1,-0.7810693813595782,0.7810693813595782,0.0,62.869608946751526,642.439779612481,1408.806555,0.7953947065797056,0.7049016037549599,0.09675459392862355,0
1/1/2004,12:24,506.9852,994.02,57.88,3,3,3,0,3.1,1.2,3.1,-0.7700152607781674,0.7700152607781674,0.0,62.88584410414107,642.0844810384108,1408.806555,0.7895926703914078,0.7055759333828483,0.09014390116763701,0
1/1/2004,12:25,504.1164,994.38,54.953,3,3,3,0,3.1,1.2,3.1,-0.7434501159352624,0.7434501159352624,0.0,62.902939377794,641.7103035145703,1408.806555,0.7855825241374729,0.7058314688207851,0.08563521529735305,0
1/1/2004,12:26,501.8804,995.21,52.945,3,3,3,0,3.1,1.2,3.1,-0.811157364701387,0.811157364701387,0.0,62.92089404100982,641.3172543589527,1408.806555,0.7825774163860119,0.7064206199693613,0.08255664359587941,0
1/1/2004,12:27,499.2787,995.85,51.299,3,3,3,0,3.1,1.2,3.1,-1.0033337337419623,1.0033337337419623,0.0,62.9397073313828,640.9053412587512,1408.806555,0.7790209690239225,0.7068749051923598,0.08004146119183173,0
1/1/2004,12:28,496.5927,994.2,50.005,3,3,3,0,3.1,1.2,3.1,-1.0752351560898932,1.0752351560898932,0.0,62.95937846298028,640.4745720069674,1408.806555,0.7753511563213127,0.7057037011018167,0.07807491848319004,0
1/1/2004,12:29,495.4114,995.69,49.053,3,3,3,0,3.1,1.2,3.1,-1.193960115214543,1.193960115214543,0.0,62.97990660902575,640.024954884799,1408.806555,0.7740501307314984,0.7067613338866102,0.07664232406192548,0
1/1/2004,12:30,493.5269,995.41,48.066,3,3,3,0,3.1,1.2,3.1,-1.2852800642139672,1.2852800642139672,0.0,63.0012909078047,639.5564985358565,1408.806555,0.7716705265755823,0.7065625841015483,0.07515520538066302,0
1/1/2004,12:31,492.1066,995.48,47.297,3,3,3,0,3.1,1.2,3.1,-1.3559708908996382,1.3559708908996382,0.0,63.02353046282319,639.0692119663173,1408.806555,0.7700364698932436,0.7066122715478138,0.07400919824391858,0
1/1/2004,12:32,490.7425,995.37,46.484,3,3,3,0,3.1,1.2,3.1,-1.388155810995062,1.388155810995062,0.0,63.046624342995635,638.563104544572,1408.806555,0.7685105771182964,0.706534191275111,0.07279468492491864,0
1/1/2004,12:33,489.2377,994.94,45.504,3,3,3,0,3.1,1.2,3.1,-1.3842531728471053,1.3842531728471053,0.0,63.07057158281253,638.0381860014486,1408.806555,0.7667843566950541,0.7062289683909088,0.07131861540321144,0
1/1/2004,12:34,488.6611,994.21,44.956,3,3,3,0,3.1,1.2,3.1,-1.2492109292269737,1.2492109292269737,0.0,63.09537118254252,637.494466429818,1408.806555,0.7665338692846472,0.7057107993084261,0.07051982780614337,0
1/1/2004,12:35,488.6893,994.41,45.254,3,3,3,0,3.1,1.2,3.1,-1.2418061841696582,1.2418061841696582,0.0,63.12102210844013,636.9319562842031,1408.806555,0.7672551128553262,0.7058527634406131,0.07104997567402219,0
1/1/2004,12:36,488.7877,993.01,46.083,3,3,3,0,3.1,1.2,3.1,-1.1792482133193394,1.1792482133193394,0.0,63.14752330210301,636.350666179786,1408.806555,0.7681106125563549,0.7048590145153038,0.07241761885259082,0
1/1/2004,12:37,489.6596,992.89,47.365,3,3,3,0,3.1,1.2,3.1,-1.1638067946383002,1.1638067946383002,0.0,63.17487365346685,635.7506074892617,1408.806555,0.7702070501100869,0.7047738360359915,0.0745024848455218,0
1/1/2004,12:38,491.094,992.73,49.547,3,3,3,0,3.1,1.2,3.1,-1.2080360261334855,1.2080360261334855,0.0,63.2030720187722,635.1317919533037,1408.806555,0.7732158997893563,0.7046602647302419,0.07801058083964217,0
1/1/2004,12:39,493.6535,992.48,53.106,3,3,3,0,3.1,1.2,3.1,-1.2883076674787608,1.2883076674787608,0.0,63.23211723913964,634.4942312777093,1408.806555,0.7780267741850196,0.7044828095650081,0.08369816049084966,0
1/1/2004,12:40,498.0552,992.58,58.255,3,3,3,0,3.1,1.2,3.1,-1.3415902734024265,1.3415902734024265,0.0,63.26200811386761,633.837937723936,1408.806555,0.7857768845274212,0.7045537916311017,0.09190835154044155,0
1/1/2004,12:41,503.7507,992.88,64.728,3,3,3,0,3.1,1.2,3.1,-1.4109648554879617,1.4109648554879617,0.0,63.292743409531205,633.1629239144355,1408.806555,0.7956099148788377,0.7047667378293822,0.1022296119296259,0
1/1/2004,12:42,509.826,992.27,71.831,3,3,3,0,3.1,1.2,3.1,-1.444886488278585,1.444886488278585,0.0,63.32432186023436,632.4692028321547,1408.806555,0.8060882612418651,0.7043337472262117,0.11357232838902764,0
1/1/2004,12:43,515.6902,992.64,78.693,3,3,3,0,3.1,1.2,3.1,-1.5532519966282243,1.5532519966282243,0.0,63.356742167830106,631.7567878208472,1408.806555,0.8162796347290514,0.7045963808707577,0.12456217569333923,0
1/1/2004,12:44,518.6716,991.71,83.428,3,3,3,0,3.1,1.2,3.1,-1.6978300361709664,1.6978300361709664,0.0,63.39000300218491,631.0256925845309,1408.806555,0.821950050679624,0.703936247656088,0.13221014766973874,0
1/1/2004,12:45,518.5872,991.6,83.921,3,3,3,0,3.1,1.2,3.1,-1.6981768825439558,1.6981768825439558,0.0,63.424103001447165,630.2759311869634,1408.806555,0.8227939134901976,0.7038581673833851,0.13314961883750864,0
1/1/2004,12:46,500.2069,957.08,80.381,3,3,3,0,3.1,1.2,3.1,-1.541862201105204,1.541862201105204,0.0,63.45904077228389,629.5075180519216,1408.806555,0.7946003592585261,0.6793551581679006,0.12768870536883756,0
1/1/2004,12:47,508.265,992.29,74.57,3,3,3,0,3.1,1.2,3.1,-1.7670714598711612,1.7670714598711612,0.0,63.49481490243594,628.7204676924904,1408.806555,0.8084117284513065,0.7043479436394303,0.11860596852156635,0
1/1/2004,12:48,500.5163,991.92,66.887,3,3,3,0,3.1,1.2,3.1,-1.6653058858920322,1.6653058858920322,0.0,63.531423924416046,627.9147955155818,1408.806555,0.7971086261616519,0.7040853099948843,0.10652241431113116,0
1/1/2004,12:49,492.43,990.94,59.276,3,3,3,0,3.1,1.2,3.1,-1.5858427076433368,1.5858427076433368,0.0,63.56886633978956,627.0905172935479,1408.806555,0.7852614358215341,0.7033896857471679,0.0945254287304942,0
1/1/2004,12:50,486.397,990.16,53.685,3,3,3,0,3.1,1.2,3.1,-1.5060531005450462,1.5060531005450462,0.0,63.60714064401958,626.2476486233031,1408.806555,0.7766847525404039,0.7028360256316383,0.08572487276881145,0
1/1/2004,12:51,481.7703,989.45,49.437,3,3,3,0,3.1,1.2,3.1,-1.4110825997433518,1.4110825997433518,0.0,63.646245290459674,625.3862057245663,1408.806555,0.7703564542838385,0.7023320529623743,0.07905035248214785,0
1/1/2004,12:52,478.367,989.04,46.91,3,3,3,0,3.1,1.2,3.1,-1.436517085413247,1.436517085413247,0.0,63.686178702653606,624.5062051753381,1408.806555,0.7659923889238096,0.7020410264913908,0.07511534651097568,0
1/1/2004,12:53,476.0888,988.98,45.43,3,3,3,0,3.1,1.2,3.1,-1.4720161198358062,1.4720161198358062,0.0,63.72693927459817,623.6076639122833,1408.806555,0.7634428304058922,0.7019984372517347,0.07285029134342098,0
1/1/2004,12:54,474.2888,988.49,44.199,3,3,3,0,3.1,1.2,3.1,-1.4178555198931853,1.4178555198931853,0.0,63.76852537105741,622.6905992300718,1408.806555,0.7616765060953805,0.7016506251278765,0.07098067652643227,0
1/1/2004,12:55,473.5856,987.93,42.758,3,3,3,0,3.1,1.2,3.1,-1.0819609103398742,1.0819609103398742,0.0,63.810935327880685,621.7550287807128,1408.806555,0.7616916278565866,0.7012531255577527,0.06876984989385643,0
1/1/2004,12:56,472.4887,986.42,41.341,3,3,3,0,3.1,1.2,3.1,-0.7406350793299321,0.7406350793299321,0.0,63.85416745227862,620.8009705739019,1408.806555,0.7610952984870594,0.7001812963597405,0.06659300155697591,0
1/1/2004,12:57,470.998,984.97,40.345,3,3,3,0,3.1,1.2,3.1,-0.5702626854032999,0.5702626854032999,0.0,63.89822002314901,619.828442976342,1408.806555,0.7598844572835735,0.6991520564013844,0.06509059152927564,0
1/1/2004,12:58,469.8448,986.0,40.338,3,3,3,0,3.1,1.2,3.1,-0.7618783129871187,0.7618783129871187,0.0,63.943091291356424,618.8374647121627,1408.806555,0.7592378076504094,0.6998831716821478,0.06518351311965613,0
1/1/2004,12:59,468.4385,986.31,40.166,3,3,3,0,3.1,1.2,3.1,-0.903495442371105,0.903495442371105,0.0,63.98877949565952,617.8280545175678,1408.806555,0.7582020540743833,0.7001032160870376,0.06501161562073074,0
1/1/2004,13:00,467.0041,985.83,39.294,3,3,3,0,3.1,1.2,3.1,-0.8289467379344218,0.8289467379344218,0.0,64.03528281654457,616.80023216781,1408.806555,0.7571399549553741,0.6997625021697887,0.06370620170147644,0
1/1/2004,13:01,465.1619,984.76,38.543,3,3,3,0,3.1,1.2,3.1,-0.80924324435101,0.80924324435101,0.0,64.08259940715409,615.7540178006855,1408.806555,0.7554346160199463,0.699002994062588,0.06259480066027934,0
1/1/2004,13:02,463.3337,984.17,38.076,3,3,3,0,3.1,1.2,3.1,-0.8887119241178909,0.8887119241178909,0.0,64.13072742481754,614.6894312265199,1408.806555,0.7537687756815464,0.6985841998726362,0.061943475950164126,0
1/1/2004,13:03,462.3633,982.95,38.067,3,3,3,0,3.1,1.2,3.1,-0.8211496358161097,0.8211496358161097,0.0,64.17966498511214,613.6064929501808,1408.806555,0.7535176131806995,0.6977182186662952,0.06203813101288465,0
1/1/2004,13:04,461.168,982.35,38.122,3,3,3,0,3.1,1.2,3.1,-0.8703875188634469,0.8703875188634469,0.0,64.22941017753404,612.5052238318367,1408.806555,0.7529209254982838,0.6972923262697341,0.06223946917792557,0
1/1/2004,13:05,459.9445,982.69,37.785,3,3,3,0,3.1,1.2,3.1,-0.9267845085247028,0.9267845085247028,0.0,64.2799610658541,611.3856450861396,1408.806555,0.7522984939157303,0.6975336652944522,0.06180223612328415,0
1/1/2004,13:06,458.2007,982.02,37.219,3,3,3,0,3.1,1.2,3.1,-0.9503837193666764,0.9503837193666764,0.0,64.33131568842953,610.2477782824359,1408.806555,0.7508437003894093,0.6970580854516254,0.06098998034004188,0
1/1/2004,13:07,456.4569,981.48,37.062,3,3,3,0,3.1,1.2,3.1,-1.0714956566285627,1.0714956566285627,0.0,64.38347205851656,609.0916453450081,1408.806555,0.749405944882808,0.6966747822947205,0.060847986149944557,0
1/1/2004,13:08,454.9943,981.23,37.274,3,3,3,0,3.1,1.2,3.1,-1.2356449647396572,1.2356449647396572,0.0,64.43642816463344,607.9172685522448,1408.806555,0.7484477305334147,0.6964973271294866,0.061314264174084164,0
1/1/2004,13:09,453.813,981.19,37.519,3,3,3,0,3.1,1.2,3.1,-1.3629872533960863,1.3629872533960863,0.0,64.49018197092602,606.7246705358001,1408.806555,0.7479718924223677,0.6964689343030492,0.06183859305880355,0
1/1/2004,13:10,452.9974,981.36,37.9,3,3,3,0,3.1,1.2,3.1,-1.4568951844470046,1.4568951844470046,0.0,64.54473143603127,605.513873869016,1408.806555,0.7481205956611852,0.6965896038154082,0.06259146426791615,0
1/1/2004,13:11,451.9708,981.19,38.147,3,3,3,0,3.1,1.2,3.1,-1.534132389334375,1.534132389334375,0.0,64.60007445804507,604.2849022961534,1408.806555,0.7479432272469618,0.6964689343030492,0.0631275079934143,0
1/1/2004,13:12,451.4504,980.82,38.147,3,3,3,0,3.1,1.2,3.1,-1.426966363529758,1.426966363529758,0.0,64.6562089114104,603.0377799210039,1408.806555,0.748627059583462,0.6962063006585032,0.0632580598930255,0
1/1/2004,13:13,450.6348,981.04,38.172,3,3,3,0,3.1,1.2,3.1,-1.4410886608930307,1.4410886608930307,0.0,64.71313268440431,601.7725303818762,1408.806555,0.7488457469370255,0.6963624612039089,0.06343260629689526,0
1/1/2004,13:14,448.8628,980.21,37.778,3,3,3,0,3.1,1.2,3.1,-1.4749349230655184,1.4749349230655184,0.0,64.7708436243781,600.4891780746827,1408.806555,0.7474952361992026,0.6957733100553327,0.06291204134789845,0
1/1/2004,13:15,447.1331,978.65,37.135,3,3,3,0,3.1,1.2,3.1,-1.3757516082090637,1.3757516082090637,0.0,64.82933955635927,599.1877477475252,1408.806555,0.7462320477694493,0.6946659898242736,0.06197556632223939,0
1/1/2004,13:16,445.6284,977.59,37.155,3,3,3,0,3.1,1.2,3.1,-1.4148605045570029,1.4148605045570029,0.0,64.88861828343116,597.8682644997691,1408.806555,0.7453621917411074,0.6939135799236824,0.062145797337290094,0
1/1/2004,13:17,444.6721,977.05,38.03,3,3,3,0,3.1,1.2,3.1,-1.5650607202594924,1.5650607202594924,0.0,64.9486775870455,596.5307537826295,1408.806555,0.7454303020930829,0.6935302767667773,0.06375195203072094,0
1/1/2004,13:18,444.4611,977.51,39.083,3,3,3,0,3.1,1.2,3.1,-1.678640714334756,1.678640714334756,0.0,65.00951522740344,595.1752413982524,1408.806555,0.7467735031380374,0.6938567942708075,0.06566637400470798,0
1/1/2004,13:19,443.308,975.74,39.218,3,3,3,0,3.1,1.2,3.1,-1.5932458443242647,1.5932458443242647,0.0,65.07112894383945,593.8017534987524,1408.806555,0.7465589270964175,0.6926004117009521,0.06604561163540316,0
1/1/2004,13:20,442.3798,974.93,39.038,3,3,3,0,3.1,1.2,3.1,-1.4746559031001194,1.4746559031001194,0.0,65.13351645513643,592.4103165867878,1408.806555,0.746745604547877,0.6920254569655946,0.06589689427577845,0
1/1/2004,13:21,441.5923,974.21,39.573,3,3,3,0,3.1,1.2,3.1,-1.4871690206694765,1.4871690206694765,0.0,65.19667548134511,591.0009570360552,1408.806555,0.7471938830939318,0.6915143860897213,0.06695928243240691,0
1/1/2004,13:22,440.8751,974.5,40.384,3,3,3,0,3.1,1.2,3.1,-1.6351836537092046,1.6351836537092046,0.0,65.2606036800495,589.5737025216001,1408.806555,0.7477862362489747,0.6917202340813925,0.06849694928263944,0
1/1/2004,13:23,440.7344,974.77,41.884,3,3,3,0,3.1,1.2,3.1,-1.8009016458839455,1.8009016458839455,0.0,65.32529868910912,588.1285810736961,1408.806555,0.749384427458684,0.691911885659845,0.0712157193985301,0
1/1/2004,13:24,441.3391,973.8,44.345,3,3,3,0,3.1,1.2,3.1,-1.8945546131079904,1.8945546131079904,0.0,65.3907581699157,586.6656201197547,1408.806555,0.7522838988074849,0.6912233596187377,0.0755882030226144,0
1/1/2004,13:25,407.3489,881.6,47.583,3,3,3,0,3.1,1.2,3.1,-1.553932444717221,1.553932444717221,0.0,65.45697974391734,585.1848479086284,1408.806555,0.696102951837885,0.6257778946805086,0.08131276838430662,0
1/1/2004,13:26,429.2168,928.78,52.687,3,3,3,0,3.1,1.2,3.1,-1.89156440280851,1.89156440280851,0.0,65.52396101418404,583.6862930370254,1408.806555,0.7353552843715196,0.6592672334634332,0.09026595386686229,0
1/1/2004,13:27,432.2685,924.78,59.503,3,3,3,0,3.1,1.2,3.1,-2.1254454512392162,2.1254454512392162,0.0,65.59169956571768,582.1699844502282,1408.806555,0.742512516182387,0.6564279508196922,0.10220897948936962,0
1/1/2004,13:28,431.9169,908.55,67.139,3,3,3,0,3.1,1.2,3.1,-2.191737736876076,2.191737736876076,0.0,65.66019296584008,580.6359514410607,1408.806555,0.7438686821373015,0.6449075614927132,0.11563011183405021,0
1/1/2004,13:29,379.4057,746.2,74.446,3,3,3,0,3.1,1.2,3.1,-0.46246876329892883,0.46246876329892883,0.0,65.72943876458118,579.0842236488377,1408.806555,0.6551822420741259,0.5296681771898769,0.12855815606737162,0
1/1/2004,13:30,264.4407,449.85,80.237,3,3,3,0,3.1,1.2,3.1,-0.07715689960311467,0.07715689960311467,0.0,65.79943449498916,577.5148310600541,1408.806555,0.45789421462061386,0.3193128243217182,0.1389349600818414,0
1/1/2004,13:31,242.6149,388.36,87.168,3,3,3,0,3.1,1.2,3.1,-1.3486616369473792,1.3486616369473792,0.0,65.87017767351678,575.9278040073505,1408.806555,0.4212592243539323,0.2756659518808102,0.15135230387121143,0
1/1/2004,13:32,295.1121,482.83,98.259,3,3,3,0,3.1,1.2,3.1,0.00661013636789054,0.00661013636789054,0.0,65.94166582454542,574.3231726263581,1408.806555,0.5138432751206321,0.3427227097193624,0.17108660190510044,0
1/1/2004,13:33,277.9271,418.25,108.64,3,3,3,0,3.1,1.2,3.1,-0.2647589975921849,0.2647589975921849,0.0,66.0138964083651,572.7009684804691,1408.806555,0.48529182818987704,0.2968824914361646,0.18969760132980282,0
1/1/2004,13:34,365.2442,629.44,118.27,3,3,3,0,3.1,1.2,3.1,-2.1879105861606685,2.1879105861606685,0.0,66.08686686949964,571.0612234837105,1408.806555,0.6395885151715586,0.4467895168190782,0.20710563970445045,0
1/1/2004,13:35,342.7997,537.16,127.7,3,3,3,0,3.1,1.2,3.1,-0.5820025867587786,0.5820025867587786,0.0,66.16057468544686,569.4039688136761,1408.806555,0.6020325090360812,0.3812872662279741,0.22426959943053504,0
1/1/2004,13:36,440.6501,756.52,140.28,3,3,3,0,3.1,1.2,3.1,-1.010188888364072,1.010188888364072,0.0,66.23501729490428,567.7292365304004,1408.806555,0.7761624232934926,0.5369935264107286,0.24708961767990326,0
1/1/2004,13:37,431.1294,710.96,152.03,3,3,3,0,3.1,1.2,3.1,-1.4973216088559504,1.4973216088559504,0.0,66.31019212203603,566.0370590391667,1408.806555,0.7616628507183452,0.504654097098519,0.26858665448171715,0
1/1/2004,13:38,398.7001,593.17,161.66,3,3,3,0,3.1,1.2,3.1,-0.14195424921767952,0.14195424921767952,0.0,66.38609657685532,564.3274690893925,1408.806555,0.7065048608095379,0.4210443214469569,0.28646487873584653,0
1/1/2004,13:39,451.2676,720.42,166.68,3,3,3,0,3.1,1.2,3.1,-0.6842025467097557,0.6842025467097557,0.0,66.46272805560454,562.6004997735339,1408.806555,0.8021102010781199,0.5113690005509663,0.29626706706996253,0
1/1/2004,13:40,308.8657,333.8,168.81,3,3,3,0,3.1,1.2,3.1,2.3757119758283096,2.3757119758283096,0.0,66.54008394106694,560.8561845274949,1408.806555,0.5507039211134142,0.23693813662018348,0.3009862504096617,0
1/1/2004,13:41,329.018,405.97,167.21,3,3,3,0,3.1,1.2,3.1,0.21199228409773951,0.21199228409773951,0.0,66.6181616028722,559.0945571311438,1408.806555,0.5884836398484631,0.28816589371987983,0.2990728453126015,0
1/1/2004,13:42,384.1449,574.24,163.38,3,3,3,0,3.1,1.2,3.1,-1.6390112797080691,1.6390112797080691,0.0,66.69695839787249,557.3156517071986,1408.806555,0.6892770709440281,0.40760741633545283,0.2931552334830823,0
1/1/2004,13:43,454.3755,772.57,158.98,3,3,3,0,3.1,1.2,3.1,-1.9938130778540897,1.9938130778540897,0.0,66.77647167051848,555.5195027200728,1408.806555,0.8179289795860877,0.5483861480187392,0.28618257184772555,0
1/1/2004,13:44,479.7593,846.35,153.84,3,3,3,0,3.1,1.2,3.1,-1.382039964402193,1.382039964402193,0.0,66.8566987802797,553.7061443630294,1408.806555,0.8664511038646752,0.6007567163825414,0.2778369024186538,0
1/1/2004,13:45,236.385,214.17,145.72,3,3,3,0,3.1,1.2,3.1,2.947339893705081,2.947339893705081,0.0,66.93763702084023,551.8756123925705,1408.806555,0.42833021552662887,0.15202229095250058,0.26404500711356627,0
1/1/2004,13:46,199.343,145.74,141.14,3,3,3,0,3.1,1.2,3.1,0.6579553139392846,0.6579553139392846,0.0,67.01928367417452,550.0279429133933,1408.806555,0.36242340515305105,0.10344926312470204,0.2566051449175623,0
1/1/2004,13:47,324.7991,473.01,140.07,3,3,3,0,3.1,1.2,3.1,0.21043957570523464,0.21043957570523464,0.0,67.10163606519106,548.1631711497287,1408.806555,0.5925226594825036,0.3357522708289784,0.25552610494830275,0
1/1/2004,13:48,281.9632,367.26,138.66,3,3,3,0,3.1,1.2,3.1,0.3180032386780107,0.3180032386780107,0.0,67.18469148116063,546.2813332739588,1408.806555,0.5161501644402631,0.26068873593507663,0.2538252573431103,0
1/1/2004,13:49,147.7037,26.879,135.21,3,3,3,0,3.1,1.2,3.1,1.4473434183137401,1.4473434183137401,0.0,67.26844719888462,544.3824657996045,1408.806555,0.27132339720576526,0.019079269545278346,0.24837317234565906,0
1/1/2004,13:50,144.5817,29.401,132.11,3,3,3,0,3.1,1.2,3.1,0.8022864177088529,0.8022864177088529,0.0,67.35290048505642,542.4666055801642,1408.806555,0.2665264525276554,0.020869437252157022,0.2435357285426064,0
1/1/2004,13:51,150.8257,47.961,130.52,3,3,3,0,3.1,1.2,3.1,1.2784732845333435,1.2784732845333435,0.0,67.43804859652087,540.5337898102159,1408.806555,0.27903102977698335,0.0340437087191151,0.24146501562062608,0
1/1/2004,13:52,138.1859,20.121,128.45,3,3,3,6,,,,,,,67.52388878063152,538.5840560242402,1408.806555,,,,0
1/1/2004,13:53,135.4169,22.818,125.79,3,3,3,6,,,,,,,67.61041827560439,536.6174420954665,1408.806555,,,,0
1/1/2004,13:54,315.5878,525.34,122.42,3,3,3,0,3.1,1.2,3.1,-1.9254277620011973,1.9254277620011973,0.0,67.69763431076932,534.6339862369842,1408.806555,0.5902875764057977,0.3728971860157196,0.2289790831698746,0
1/1/2004,13:55,451.4645,917.99,116.79,3,3,3,0,3.1,1.2,3.1,-2.6719439437905557,2.6719439437905557,0.0,67.7855341366199,532.633726324276,1408.806555,0.8476077981684943,0.651608268531942,0.2192688788334375,0
1/1/2004,13:56,447.4847,940.63,104.91,10,11,11,0,3.1,1.2,3.1,-2.54942068574997,2.54942068574997,0.0,67.87411493618103,530.6167019197023,1408.806555,0.8433294662249764,0.6676786082955158,0.197713339253079,0
1/1/2004,13:57,435.2358,941.91,93.26,10,11,11,0,3.1,1.2,3.1,-2.558520660995822,2.558520660995822,0.0,67.96337388429836,528.5829529299651,1408.806555,0.8234011285976277,0.668587178741513,0.17643399107567614,0
1/1/2004,13:58,421.3134,933.24,83.859,3,3,3,0,3.1,1.2,3.1,-2.6206155500695383,2.6206155500695383,0.0,68.05330820737947,526.5325182523775,1408.806555,0.8001659639149887,0.6624330336112044,0.15926651648854992,0
1/1/2004,13:59,410.5271,929.74,76.007,3,3,3,0,3.1,1.2,3.1,-2.748025197647097,2.748025197647097,0.0,68.14391509498054,524.4654377937441,1408.806555,0.7827533911995314,0.6599486612979311,0.14492280047992637,0
1/1/2004,14:00,387.07,886.2,69.75,3,3,3,0,3.1,1.2,3.1,-2.831832092333386,2.831832092333386,0.0,68.23519172961291,522.3817517985381,1408.806555,0.7409715187548848,0.6290430697208107,0.1335230408793066,0
1/1/2004,14:01,353.2766,808.78,64.229,3,3,3,0,3.1,1.2,3.1,-2.656300212581486,2.656300212581486,0.0,68.32713528696692,520.2815008501987,1408.806555,0.6790104960924157,0.5740887541512043,0.1234504780489842,0
1/1/2004,14:02,349.5499,815.84,59.569,3,3,3,0,3.1,1.2,3.1,-2.805135072645959,2.805135072645959,0.0,68.41974293623811,518.1647258700302,1408.806555,0.6745922339910042,0.5791000880174071,0.11496151132244677,0
1/1/2004,14:03,331.5071,780.36,55.959,3,3,3,0,3.1,1.2,3.1,-3.0105031330216248,3.0105031330216248,0.0,68.51301184045074,516.0314681160864,1408.806555,0.6424164425674601,0.5539156509674248,0.10844106117073361,0
1/1/2004,14:04,378.0697,925.48,54.493,10,11,11,0,3.1002712946236675,1.200700670553452,3.1002712946236675,-3.5720212865493095,3.5720212865493095,0.041013415701566025,68.60693915667116,513.8817691845036,1408.806555,0.7357133929852613,0.656924825282347,0.10604190159630841,0
1/1/2004,14:05,330.804,793.29,53.387,3,3,3,0,3.1,1.2,3.1,-3.140810337781974,3.140810337781974,0.0,68.7015220363233,511.715671008428,1408.806555,0.646460561483472,0.5630936321133174,0.10432942163915225,0
1/1/2004,14:06,259.828,593.0,51.748,3,3,3,0,3.1,1.2,3.1,-2.4019681766289547,2.4019681766289547,0.0,68.79675765754097,509.53321512222294,1408.806555,0.5099333905792077,0.42092365193459796,0.10155962057858599,0
1/1/2004,14:07,282.3569,661.32,51.182,3,3,3,0,3.1,1.2,3.1,-2.4115102844301406,2.4115102844301406,0.0,68.89264312924496,507.33444486663143,1408.806555,0.5565498318850127,0.46941859948969367,0.10088414165029692,0
1/1/2004,14:08,266.0017,623.92,49.873,3,3,3,0,3.1,1.2,3.1,-2.7685884445254105,2.7685884445254105,0.0,68.98917555531293,505.1194039241774,1408.806555,0.526611525776842,0.44287130677071557,0.09873507058439265,0
1/1/2004,14:09,248.6479,573.97,49.392,3,3,3,0,3.1,1.2,3.1,-2.213595377172395,2.213595377172395,0.0,69.08635209906969,502.88813484620056,1408.806555,0.49443978246980225,0.40741576475700036,0.09821667400266994,0
1/1/2004,14:10,156.6056,307.71,48.577,3,3,3,0,3.1,1.2,3.1,-0.836335620266071,0.836335620266071,0.0,69.18416988756955,500.64068125260826,1408.806555,0.3128103765122945,0.21841891557638302,0.09702966981920014,0
1/1/2004,14:11,197.093,436.3,47.896,3,3,3,0,3.1,1.2,3.1,-2.54536688244128,2.54536688244128,0.0,69.28262604373083,498.37708710118375,1408.806555,0.39546962551266907,0.3096947543660457,0.09610393663678973,0
1/1/2004,14:12,199.9618,453.21,46.255,3,3,3,0,3.1,1.2,3.1,-2.8597018013715947,2.8597018013715947,0.0,69.381717686555,496.09739668820043,1408.806555,0.4030696418382476,0.3216978217424606,0.09323773982444719,0
1/1/2004,14:13,256.7201,633.46,44.936,3,3,3,0,3.112372667815077,1.231610175080711,3.112372667815077,-3.83950926321337,3.83950926321337,0.2772428959637012,69.48144193145893,493.8016546463591,1408.806555,0.5198850542205101,0.44964299587603784,0.09100010009521203,0
1/1/2004,14:14,327.232,852.95,44.707,10,11,11,0,3.220541748845977,1.4838763951420961,3.220541748845977,-4.395116300195534,4.395116300195534,0.8728626215275246,69.58179589048527,491.4899059454457,1408.806555,0.6657959726976002,0.6054415327447139,0.09096219364668373,0
1/1/2004,14:15,350.7453,928.17,45.128,10,11,11,0,3.2635572892865294,1.5750575165546297,3.2635572892865294,-4.53437318777743,4.53437318777743,1.0201990886367414,69.68277667250888,489.1621958930043,1408.806555,0.717032720322319,0.6588342428602627,0.09225569837345109,0
1/1/2004,14:16,353.1923,941.83,45.174,10,11,11,0,3.320884386322944,1.6906428089113068,3.320884386322944,-4.704112108009495,4.704112108009495,1.1909127202794978,69.78438138341588,486.818570135565,1408.806555,0.7255111486434178,0.6685303930886382,0.09279432374040361,0
1/1/2004,14:17,347.4967,927.39,45.357,10,11,11,0,3.2853602570566047,1.619750603842159,3.2853602570566047,-4.603848657811948,4.603848657811948,1.0879301533862544,69.88660716085116,484.45907386139163,1408.806555,0.7172880409283491,0.6582805827447332,0.09362400757298453,0
1/1/2004,14:18,350.8297,941.98,45.781,10,11,11,0,3.3173959149417604,1.6837801686895704,3.3173959149417604,-4.696911881045751,4.696911881045751,1.1811501413758871,69.98945107123886,482.0837541836106,1408.806555,0.7277359939127506,0.6686368661877784,0.09496482634543094,0
1/1/2004,14:19,340.1277,912.88,46.145,14,15,15,0,3.3238244953005105,1.6964107036798879,3.3238244953005105,-4.719934400653958,4.719934400653958,1.1990868507158656,70.09291017847458,479.6926585598397,1408.806555,0.7090533780966141,0.6479810849545629,0.09619701109985532,0
1/1/2004,14:20,271.205,701.06,45.174,3,3,3,0,3.141299649631258,1.3029825358666416,3.141299649631258,-4.060805023984693,4.060805023984693,0.5077041350761919,70.19698161314243,477.2858331985804,1408.806555,0.5682234441833138,0.49762687255526006,0.09464768668548522,0
1/1/2004,14:21,245.1322,626.46,44.439,3,3,3,0,3.144399521891915,1.3104382294767278,3.144399521891915,-4.094818218570495,4.094818218570495,0.5265437809661235,70.3016624696078,474.8633254399192,1408.806555,0.5162163234503455,0.44467425124949117,0.09358271658235802,0
1/1/2004,14:22,247.0447,638.56,43.562,3,3,3,0,3.1519346729738773,1.328417171936189,3.1519346729738773,-4.132869658270943,4.132869658270943,0.5698176749583523,70.4069498405357,472.4251829636826,1408.806555,0.5229287279949922,0.45326308124680753,0.09220930968734747,0
1/1/2004,14:23,242.1508,628.19,43.2,3,3,3,0,3.163921265408574,1.3566126100344904,3.163921265408574,-4.197843348987284,4.197843348987284,0.6327699216181126,70.51284081712677,469.9714537887867,1408.806555,0.5152457623709775,0.44590224099290915,0.09192047655603958,0
1/1/2004,14:24,290.6822,795.31,42.8,10,11,11,0,3.533873786848531,2.0780432963187208,3.533873786848531,-5.228136413297035,5.228136413297035,1.6965447065654282,70.61933248925257,467.5021862748356,1408.806555,0.6217771991960558,0.5645274698484065,0.09155037400154252,0
1/1/2004,14:25,319.8489,897.15,41.723,14,15,15,0,3.591847225136987,2.1751704504990568,3.591847225136987,-5.329074165958369,5.329074165958369,1.8142123604264935,70.72642194558289,465.0174291238278,1408.806555,0.6878213158647621,0.6368156059580515,0.08972351870469296,0
1/1/2004,14:26,328.5117,933.9,41.117,14,15,15,0,3.697175050217414,2.345016706113228,3.697175050217414,-5.52417257456248,5.52417257456248,2.0147216561972363,70.83410627380698,462.51723137960516,1408.806555,0.7102691050452522,0.6629015152474217,0.08889830953401548,0
1/1/2004,14:27,304.6327,855.33,40.856,14,15,15,0,3.37088048210946,1.7868506441967957,3.37088048210946,-4.8430839083555055,4.8430839083555055,1.323946836042333,70.94238256084711,460.0016424273957,1408.806555,0.6622426354664194,0.6071309059177398,0.08881707418348729,0
1/1/2004,14:28,284.8742,796.77,40.473,14,15,15,0,3.346854506941203,1.7411016887685336,3.346854506941203,-4.788632354260569,4.788632354260569,1.2615209433983408,71.05124789294543,457.47071199621337,1408.806555,0.6227157116942559,0.565563808013372,0.08847123747746065,0
1/1/2004,14:29,287.518,816.29,40.116,14,15,15,0,3.5882250648315375,2.169183974651595,3.5882250648315375,-5.330816729974963,5.330816729974963,1.8070304689974908,71.16069939276025,454.9244892996561,1408.806555,0.6320125795879359,0.5794195073148279,0.08818166738343212,0
1/1/2004,14:30,249.2104,690.42,38.456,10,11,11,0,3.170287790674326,1.371395156655695,3.170287790674326,-4.2042027663931165,4.2042027663931165,0.6638709782018628,71.27073410895031,452.3630256099402,1408.806555,0.5509079785289239,0.4900743807229091,0.08501136879643988,0
1/1/2004,14:31,248.9714,697.76,37.597,10,11,11,0,3.2120120066565727,1.465271691839428,3.2120120066565727,-4.377554064379585,4.377554064379585,0.8408454857498966,71.38134908976392,449.7863725501504,1408.806555,0.55353255499585,0.49528446437417384,0.08358857069598746,0
1/1/2004,14:32,192.2834,513.74,36.391,3,3,3,0,3.10008901373581,1.2002299334233695,3.10008901373581,-3.601125334247124,3.601125334247124,0.023492404846380044,71.49254145701036,447.19458037639413,1408.806555,0.42997703558517897,0.36466326634887075,0.08137620981312088,0
1/1/2004,14:33,254.3997,731.07,36.684,10,11,11,0,3.373350748863229,1.7915064261274942,3.373350748863229,-4.859347767003463,4.859347767003463,1.330223768715665,71.60430829582194,444.58770054689614,1408.806555,0.5722148851330298,0.5189285905899267,0.08251240408781953,0
1/1/2004,14:34,247.7479,712.15,36.878,10,11,11,0,3.355811549246335,1.7582579884803837,3.355811549246335,-4.818936747343705,4.818936747343705,1.2850957762186774,71.71664669152298,441.96578486823756,1408.806555,0.560559003620293,0.5054987836850319,0.08344084827967932,0
1/1/2004,14:35,272.6253,807.87,36.51,10,11,11,0,3.6701999944421972,2.3022528095766335,3.6701999944421972,-5.482836701188109,5.482836701188109,1.9647819215382407,71.82955372966387,439.32888549843165,1408.806555,0.6205494539488303,0.5734428173497532,0.0831040279961977,0
1/1/2004,14:36,294.7886,890.77,36.065,10,11,11,0,3.7227781322131595,2.3851786142099503,3.7227781322131595,-5.567989220975789,5.567989220975789,2.0613289455311343,71.94302649617983,436.6770549470097,1408.806555,0.6750723370060565,0.6322869501412847,0.082589638249659,0
1/1/2004,14:37,287.7009,874.99,35.777,14,15,15,0,3.8404225338759126,2.5649259713882357,3.8404225338759126,-5.775248863962856,5.775248863962856,2.2669021237587397,72.05706207754208,434.01034607520364,1408.806555,0.6628894969940378,0.6210859801117266,0.08243351874796252,0
1/1/2004,14:38,294.5214,903.82,35.729,14,15,15,0,3.8199409404748716,2.5341564254631255,3.8199409404748716,-5.737480817804519,5.737480817804519,2.2320279542864254,72.17165756076967,431.32881209930315,1408.806555,0.6828233860996828,0.6415501097664896,0.08283471680480796,0
1/1/2004,14:39,290.401,896.06,35.431,14,15,15,0,3.81639838241038,2.5288132816134454,3.81639838241038,-5.732090628032882,5.732090628032882,2.2259597061188154,72.28681003356496,428.63250659104386,1408.806555,0.6775057783404891,0.6360419014376321,0.08266055293329523,0
1/1/2004,14:40,263.6531,808.08,35.395,10,11,11,0,3.8124568969509323,2.522860993219549,3.8124568969509323,-5.737217672906681,5.737217672906681,2.2191952575446647,72.4025166232885,425.92148256731707,1408.806555,0.6190180838279964,0.5735918796885496,0.08310217128906103,0
1/1/2004,14:41,286.2524,894.32,35.521,10,11,11,0,3.909629491262547,2.6674337403110577,3.909629491262547,-5.8902121279138075,5.8902121279138075,2.3822684061519683,72.51877438032218,423.1957952275627,1408.806555,0.6764065315112007,0.6348068134876048,0.08393514397017932,0
1/1/2004,14:42,252.4309,772.22,35.683,10,11,11,0,3.501936998628097,2.0232554812381855,3.501936998628097,-5.154833277567439,5.154833277567439,1.6289759796756864,72.63558035577293,420.45550013648995,1408.806555,0.6003748313865673,0.5481377107874119,0.08486748297600208,0
1/1/2004,14:43,227.244,689.88,36.008,14,15,15,0,3.6838030594096174,2.3238771440236796,3.6838030594096174,-5.532386543543688,5.532386543543688,1.990076626794972,72.7529316794024,417.70065140025827,1408.806555,0.5440355413337512,0.4896910775660041,0.0862052761452259,0
1/1/2004,14:44,246.2853,759.91,37.158,14,15,15,0,3.740442800439433,2.4126566981978987,3.740442800439433,-5.627644944250465,5.627644944250465,2.093062909556038,72.87082544314885,414.9313043993276,1408.806555,0.593556806605694,0.539399818451299,0.08955217310921267,0
1/1/2004,14:45,274.2848,872.38,37.76,14,15,15,0,4.217200105506026,3.100770344588588,4.217200105506026,-6.379607341819693,6.379607341819693,2.859156646614528,72.98925873987011,412.1475148838119,1408.806555,0.6655015257760887,0.6192333481866856,0.09161768210744856,0
1/1/2004,14:46,237.0459,740.55,37.938,14,15,15,0,4.181513234350701,3.052057163463697,4.181513234350701,-6.348769625423955,6.348769625423955,2.8062524706537126,73.10822866342046,409.3493389746991,1408.806555,0.5790797185448765,0.5256576904555927,0.0926787865225913,0
1/1/2004,14:47,270.2346,860.74,38.323,14,15,15,0,3.812553103097266,2.5230063741371307,3.812553103097266,-5.74479579815147,5.74479579815147,2.219360530408836,73.22773230871621,406.53683316525985,1408.806555,0.6647235329108492,0.6109710356933994,0.09426698117762297,0
1/1/2004,14:48,266.5782,851.89,39.443,14,15,15,0,3.9564479055427264,2.7355950046147965,3.9564479055427264,-5.989474585429299,5.989474585429299,2.458349045451729,73.34776677165183,403.71005432589624,1408.806555,0.6603209336589965,0.6046891228441226,0.09770130710730209,0
1/1/2004,14:49,273.8629,882.59,40.611,18,19,19,0,4.045340280495865,2.862652264073015,4.045340280495865,-6.130226961590646,6.130226961590646,2.5989955723321962,73.46832914914617,400.86905970585974,1408.806555,0.6831729547821642,0.6264806171348345,0.10130739456369764,0
1/1/2004,14:50,274.2988,886.11,42.0,18,19,19,0,4.069318000064835,2.8964372918555776,4.069318000064835,-6.172097940676191,6.172097940676191,2.6361617904923196,73.58941653903594,398.0139069384924,1408.806555,0.6891688838460339,0.6289791858613265,0.10552395096709653,0
1/1/2004,14:51,271.6409,874.23,43.944,14,15,15,0,3.9890677411243076,2.782563825553438,3.9890677411243076,-6.055251553818952,6.055251553818952,2.510510195812514,73.71102608104721,395.1446530766075,1408.806555,0.6874467309249821,0.6205465164094158,0.11120990669581575,0
1/1/2004,14:52,267.9423,857.05,45.882,18,19,19,0,3.8423671926163943,2.5678367632882724,3.8423671926163943,-5.824862525825658,5.824862525825658,2.270195067146167,73.83315483413256,392.2613574903813,1408.806555,0.6830708528473143,0.6083517974545484,0.11696793253749213,0
1/1/2004,14:53,232.0817,717.71,47.819,10,11,11,0,3.764473805458363,2.4497475445404913,3.764473805458363,-5.726341175139272,5.726341175139272,2.135711364389431,73.95579985787877,389.36407994913947,1408.806555,0.5960531850557853,0.509445386559832,0.1228130751204537,0
1/1/2004,14:54,258.9702,825.1,49.715,18,19,19,0,4.053808634000732,2.874606832437939,4.053808634000732,-6.187221768396245,6.187221768396245,2.61215704755646,74.07895829439143,386.45287869062776,1408.806555,0.6701210271157453,0.5856730273376675,0.1286444033447064,0
1/1/2004,14:55,244.5978,768.05,50.468,14,15,15,0,3.7858573561267193,2.4824818067689423,3.7858573561267193,-5.764024066514118,5.764024066514118,2.173181060321204,74.20262724562363,383.5278133182958,1408.806555,0.6377576580006844,0.5451777586313119,0.1315888919850405,0
1/1/2004,14:56,256.2701,811.19,52.325,18,19,19,0,3.6942789225620394,2.3404479822645365,3.6942789225620394,-5.598376163973507,5.598376163973507,2.0094020895993263,74.3268038141079,380.5889438425835,1408.806555,0.673351404832182,0.5757994219440583,0.13748428809230542,0
1/1/2004,14:57,235.7521,723.74,54.404,10,11,11,0,3.4332249870740776,1.9018501023660617,3.4332249870740776,-5.093830420418854,5.093830420418854,1.4754774860599533,74.45148510290133,377.63633068446234,1408.806555,0.6242834199048103,0.5137256051452714,0.14406452869985592,0
1/1/2004,14:58,222.1813,670.17,56.281,14,15,15,0,3.4957398449806854,2.012510140045407,3.4957398449806854,-5.257915068919761,5.257915068919761,1.6156104306996735,74.57666821539803,374.67003468204643,1408.806555,0.5930052564479786,0.4757005123389705,0.15021484183479297,0
1/1/2004,14:59,218.1734,660.58,58.2,14,15,15,0,3.982994363154362,2.7738500494654392,3.982994363154362,-6.1551238032832245,6.1551238032832245,2.5008486753339194,74.70235025512203,371.6901170976095,1408.806555,0.5869765968049817,0.4688933322006016,0.15658204865510617,0
1/1/2004,15:00,247.3119,772.22,61.296,18,19,19,0,3.9644742288693804,2.7471905487915227,3.9644742288693804,-6.105196641030474,6.105196641030474,2.471245821720184,74.82852832562423,368.6966396220735,1408.806555,0.6707734039927867,0.5481377107874119,0.16625049814077628,0
1/1/2004,15:01,238.2694,728.84,64.222,18,19,19,0,3.87012418265134,2.609187840908105,3.87012418265134,-5.974734071318821,5.974734071318821,2.3168645167861452,74.95519953035846,365.6896643799278,1408.806555,0.651561756343361,0.5173456905160412,0.1756188546069421,0
1/1/2004,15:02,225.5705,672.6,67.593,18,19,19,0,4.053278120619986,2.8738586470278387,4.053278120619986,-6.301392721548183,6.301392721548183,2.6113336675148733,75.0823610151926,362.6692529207849,1408.806555,0.6219730461938819,0.4774253765450432,0.18637642826248585,0
1/1/2004,15:03,243.3602,733.75,71.813,14,15,15,0,3.918700521165161,2.6807114306803155,3.918700521165161,-6.08286921608312,6.08286921608312,2.397126149075201,75.21000983998317,359.6354692728719,1408.806555,0.6766857576424183,0.5208309099612332,0.1996827513848813,0
1/1/2004,15:04,241.5039,712.73,76.147,14,15,15,0,3.775492340981979,2.4666459853034404,3.775492340981979,-5.864341395117556,5.864341395117556,2.155073645334094,75.338143063636,356.5883779244134,1408.806555,0.6772623981906442,0.5059104796683744,0.21354313464512578,0
1/1/2004,15:05,259.1108,773.59,81.031,18,19,19,0,3.758478612326269,2.440524836856613,3.758478612326269,-5.831598195386678,5.831598195386678,2.1251262266778403,75.4667578293522,353.5280417993614,1408.806555,0.732928563972455,0.5491101650928932,0.22920671182849964,0
1/1/2004,15:06,266.3814,790.37,86.446,18,19,19,0,3.785207401294242,2.481490493798577,3.785207401294242,-5.891694685178184,5.891694685178184,2.1720485885018106,75.59585123633167,350.45452530704597,1408.806555,0.7601026117913973,0.5610209557833865,0.24666823726776393,0
1/1/2004,15:07,271.7253,799.95,90.957,18,19,19,0,3.680675426162575,2.3189160383155425,3.680675426162575,-5.716346020063812,5.716346020063812,1.9842811274507075,75.72542038215755,347.3678933370601,1408.806555,0.7822406883653403,0.5678210377151461,0.26184630688289334,0
1/1/2004,15:08,243.2196,658.28,95.452,14,15,15,0,3.3639709236484037,1.7737813774960804,3.3639709236484037,-5.109111720694937,5.109111720694937,1.3062543301945042,75.85546236239887,344.2682112702794,1408.806555,0.7064828875793364,0.4672607446804505,0.2772605685776262,0
1/1/2004,15:09,283.0601,820.91,100.97,18,19,19,0,3.591331214108761,2.1743182585426424,3.591331214108761,-5.571390587620096,5.571390587620096,1.8131905276147648,75.98597427018788,341.15554499043293,1408.806555,0.8297098029227046,0.5826988787683487,0.29596470431934946,0
1/1/2004,15:10,290.8088,838.68,106.72,22,23,23,0,3.5831807045100463,2.1608294613812338,3.5831807045100463,-5.567278422846145,5.567278422846145,1.796993033145402,76.11695319588671,338.02996089349904,1408.806555,0.860304806211019,0.595312391913168,0.3157116597532122,0
1/1/2004,15:11,293.1432,831.43,112.4,18,19,19,0,3.516487518938334,2.048337001288869,3.516487518938334,-5.450382634838746,5.450382634838746,1.660025442831849,76.2483962267251,334.89152589773937,1408.806555,0.8753377656068627,0.5901661921213874,0.3356310665033723,0
1/1/2004,15:12,284.5929,775.84,117.52,14,15,15,0,3.3914198967164264,1.8253024176404455,3.3914198967164264,-5.202625769434233,5.202625769434233,1.3754013653636004,76.38030044625482,331.7403074580572,1408.806555,0.857878568271303,0.5507072615799975,0.3542530025986015,0
1/1/2004,15:13,296.0262,817.56,121.7,18,19,19,0,3.405735306416944,1.8517648277723915,3.405735306416944,-5.235154421424404,5.235154421424404,1.410330804235274,76.51266293391875,328.5763735775771,1408.806555,0.900935745248001,0.5803209795542157,0.37038573003565806,0
1/1/2004,15:14,297.32,814.41,125.02,18,19,19,0,3.3282692813460186,1.7051030494229793,3.3282692813460186,-5.0486430682890155,5.0486430682890155,1.211353131482122,76.6454808091178,325.3997917543413,1408.806555,0.913706792487624,0.5780850444722697,0.3842043024243332,0
1/1/2004,15:15,298.4731,814.02,128.05,18,19,19,0,3.3117646135709515,1.6726580211450135,3.3117646135709515,-5.013223781494569,5.013223781494569,1.165240256642703,76.77875109680551,322.2106321982262,1408.806555,0.9263291467563282,0.5778082144145049,0.39741084621075684,0
1/1/2004,15:16,298.3325,811.19,130.18,18,19,19,0,3.286512006213237,1.6220854376338367,3.286512006213237,-4.948837634672332,4.948837634672332,1.091403301710122,76.91247081600801,319.00896571496776,1408.806555,0.9351853147179504,0.5757994219440583,0.4080763050287273,0
1/1/2004,15:17,296.8137,807.99,131.11,18,19,19,0,3.2802675052988963,1.6093958202753744,3.2802675052988963,-4.936627671154592,4.936627671154592,1.0724527524883531,77.04663706845109,315.79486158641726,1408.806555,0.9398940138194013,0.5735279958290654,0.4151745830865008,0
1/1/2004,15:18,293.9026,806.09,130.9,18,19,19,0,3.341413932524773,1.7306204287684426,3.341413932524773,-5.114712279466971,5.114712279466971,1.2470152639285006,77.18124690417466,312.56839078627553,1408.806555,0.9402825386811471,0.5721793365732886,0.4187883479539213,0
1/1/2004,15:19,289.4587,804.51,129.29,18,19,19,0,3.4516645497377,1.9349388010776873,3.4516645497377,-5.385587069910813,5.385587069910813,1.5178893780232992,77.3162973652225,309.3296249362206,1408.806555,0.9357613259954726,0.5710578199290108,0.417968372821251,0
1/1/2004,15:20,283.496,801.64,126.31,18,19,19,0,3.577667921335522,2.1516755692606715,3.577667921335522,-5.650738498897501,5.650738498897501,1.7859752952807701,77.45178548490622,306.07863632452484,1408.806555,0.9262194951085013,0.5690206346321267,0.41267172879742503,0
1/1/2004,15:21,276.788,799.9,122.19,22,23,23,0,3.7087497109417455,2.363223311160094,3.7087497109417455,-5.894196845562694,5.894196845562694,2.035884185903137,77.58770828700912,302.81549792607933,1408.806555,0.9140483294139954,0.5677855466820994,0.4035130329750426,0
1/1/2004,15:22,269.2924,798.18,117.08,22,23,23,0,3.8315873721221427,2.551678230146949,3.8315873721221427,-6.100841107049792,6.100841107049792,2.2519018162890374,77.72406278477223,299.54028342761626,1408.806555,0.8990189797462562,0.5665646551452908,0.3908656246841414,0
1/1/2004,15:23,262.1484,795.93,111.81,22,23,23,0,3.838023233694392,2.5613321421436064,3.838023233694392,-6.101714446115436,6.101714446115436,2.262835023234782,77.86084597997416,296.25306725065957,1408.806555,0.8848799522409547,0.5649675586581864,0.377413813931579,0
1/1/2004,15:24,255.1591,793.89,107.01,22,23,23,0,3.917262798971996,2.678609310110364,3.917262798971996,-6.2243482352419495,6.2243482352419495,2.394775111823638,77.99805486178164,292.9539245799625,1408.806555,0.8709871368538491,0.5635195245098785,0.36527928462959147,0
1/1/2004,15:25,247.1713,789.54,101.79,22,23,23,0,4.043330335911909,2.859811218473259,4.043330335911909,-6.415312666841677,6.415312666841677,2.5958659836951345,78.13568645197056,289.64293027583204,1408.806555,0.8533655551841519,0.5604318046348102,0.3514327102790446,0
1/1/2004,15:26,238.7054,786.02,95.93,26,27,27,0,4.198623794677467,3.0754579771526407,4.198623794677467,-6.638101642258809,6.638101642258809,2.8316853231303463,78.27373766505703,286.3201622408225,1408.806555,0.8337009805101536,0.5579332359083182,0.3350445153747634,0
1/1/2004,15:27,229.916,782.99,89.192,26,27,27,0,4.263551256126632,3.1635216632131637,4.263551256126632,-6.716622866751543,6.716622866751543,2.927092296737324,78.41220539920113,282.98569923360196,1408.806555,0.8124650843582261,0.5557824793056845,0.3151820047499038,0
1/1/2004,15:28,220.8735,778.8,82.522,22,23,23,0,4.366541232951367,3.301012320344237,4.366541232951367,-6.847316305712081,6.847316305712081,3.075171920245183,78.55108662745559,279.63961867338617,1408.806555,0.7898505263589853,0.5528083307363657,0.2951012463523066,0
1/1/2004,15:29,212.1122,773.66,76.687,22,23,23,0,4.58520289718582,3.5852594896828918,4.58520289718582,-7.1353196634426075,7.1353196634426075,3.3784738578774336,78.69037825759818,276.28200001322955,1408.806555,0.7677380357382789,0.5491598525391586,0.2775678473310889,0
1/1/2004,15:30,204.912,770.6,71.753,22,23,23,0,4.7132970543614805,3.747688503951817,4.7132970543614805,-7.293497869298293,7.293497869298293,3.550375912865088,78.83007717674509,272.9129236674857,1408.806555,0.7508328929474322,0.5469878013166968,0.2629153615584109,0
1/1/2004,15:31,198.7243,764.62,68.202,18,19,19,0,4.762069658232988,3.8088459446219716,4.762069658232988,-7.349836357262429,7.349836357262429,3.6148730862733256,78.97018024970194,269.53247105219475,1408.806555,0.7372926134807601,0.5427430737643041,0.2530381580139661,0
1/1/2004,15:32,193.4366,760.44,65.413,22,23,23,0,4.864345610809481,3.9359697942694463,4.864345610809481,-7.477317748392942,7.477317748392942,3.74858082764684,79.11068431702853,266.14072463238244,1408.806555,0.7268207459312815,0.5397760234015948,0.24578350453638514,0
1/1/2004,15:33,188.2614,754.78,63.082,22,23,23,0,4.998184855541584,4.1002258291666385,4.998184855541584,-7.645270500364765,7.645270500364765,3.9206953273833007,79.25158619312796,262.7377679687778,1408.806555,0.716537258634137,0.5357584384607013,0.2400949071299726,0
1/1/2004,15:34,182.5377,741.86,61.36,26,27,27,0,5.096384512162899,4.219376150074069,5.096384512162899,-7.770406209643143,7.770406209643143,4.045137215943839,79.3928826640265,259.3236857720067,1408.806555,0.7038990652033393,0.526587555521418,0.2366154862303891,0
1/1/2004,15:35,178.6985,736.4,59.892,18,19,19,0,5.059113642746124,4.174282076024566,5.059113642746124,-7.7224289980048155,7.7224289980048155,3.998078394706632,79.53457048516034,255.89856395663736,1408.806555,0.6983177132259363,0.5227119347127115,0.23404586205551683,0
1/1/2004,15:36,177.0672,746.01,58.464,22,23,23,0,5.165480103174752,4.302578842542486,5.165480103174752,-7.850114843119371,7.850114843119371,4.131850033132161,79.6766464267576,252.46248854363063,1408.806555,0.7013604318860986,0.5295333112642991,0.23157499689264227,0
1/1/2004,15:37,173.3827,742.77,56.886,22,23,23,0,5.1761625155312085,4.315397824904486,5.1761625155312085,-7.86109265317042,7.86109265317042,4.145197026341494,79.81910712793137,249.01554919066712,1408.806555,0.6962725844370614,0.527233492322869,0.22844356581300604,0
1/1/2004,15:38,162.2589,689.96,55.294,22,23,23,0,4.937232881203021,4.025700997743408,4.937232881203021,-7.573976067117005,7.573976067117005,3.8426902715717635,79.96194918918147,245.55783695558733,1408.806555,0.6607767115547074,0.489747863218879,0.22517709345192152,0
1/1/2004,15:39,146.888,609.54,53.765,1,1,1,2,,,,,,,80.10516926477263,242.0894420618156,1408.806555,,,,0
1/1/2004,15:40,156.029,689.83,52.448,1,1,1,2,,,,,,,80.24876391646293,238.610457437087,1408.806555,,,,0
1/1/2004,15:41,151.5007,683.81,50.495,1,1,1,2,,,,,,,80.39272965765524,235.12097764636775,1408.806555,,,,0
1/1/2004,15:42,145.6927,669.44,48.054,1,1,1,2,,,,,,,80.53706294949541,231.62109898699032,1408.806555,,,,0
1/1/2004,15:43,133.7518,609.28,45.778,1,1,1,2,,,,,,,80.68176019666176,228.11091959133847,1408.806555,,,,0
1/1/2004,15:44,127.595,585.85,44.274,1,1,1,2,,,,,,,80.8268177429564,224.59053953439542,1408.806555,,,,0
1/1/2004,15:45,109.0234,463.85,43.459,1,1,1,2,,,,,,,80.97223186653011,221.06006095025322,1408.806555,,,,0
1/1/2004,15:46,79.5249,261.21,42.68,1,1,1,2,,,,,,,81.1179987745424,217.51958816240074,1408.806555,,,,0
1/1/2004,15:47,77.6629,255.37,42.431,1,1,1,2,,,,,,,81.26411464665762,213.96922662699484,1408.806555,,,,0
1/1/2004,15:48,63.1176,151.47,41.895,1,1,1,2,,,,,,,81.41057548158037,210.40908666343387,1408.806555,,,,0
1/1/2004,15:49,52.8305,75.877,41.586,1,1,1,2,,,,,,,81.55737718842855,206.839281234952,1408.806555,,,,0
1/1/2004,15:50,48.8155,47.885,41.284,1,1,1,2,,,,,,,81.70451567776533,203.25992373667987,1408.806555,,,,0
1/1/2004,15:51,45.709,29.696,40.631,1,1,1,2,,,,,,,81.85198670652017,199.6711317653203,1408.806555,,,,0
1/1/2004,15:52,43.6375,20.241,40.079,1,1,1,2,,,,,,,81.99978591847236,196.07302613666516,1408.806555,,,,0
1/1/2004,15:53,42.0906,16.038,39.557,1,1,1,2,,,,,,,82.1479088348089,192.46573111639742,1408.806555,,,,0
1/1/2004,15:54,40.1006,10.164,38.577,1,1,1,2,,,,,,,82.29635084401106,188.84937466738094,1408.806555,,,,0
1/1/2004,15:55,38.5059,8.8105,37.171,1,1,1,2,,,,,,,82.44510719082152,185.22408871950267,1408.806555,,,,0
1/1/2004,15:56,36.6552,8.0681,35.509,1,1,1,2,,,,,,,82.59417296401267,181.59000946889063,1408.806555,,,,0
1/1/2004,15:57,34.9339,13.429,33.553,1,1,1,2,,,,,,,82.7435430832029,177.94727770052012,1408.806555,,,,0
1/1/2004,15:58,33.7807,23.866,31.296,1,1,1,2,,,,,,,82.89321228425064,174.29603914569327,1408.806555,,,,0
1/1/2004,15:59,33.1184,42.819,28.837,1,1,1,2,,,,,,,83.04317515382027,170.6364436393518,1408.806555,,,,0
1/1/2004,16:00,33.2688,65.146,26.35,1,1,1,2,,,,,,,83.1934259610065,166.96864923124832,1408.806555,,,,0
1/1/2004,16:01,35.8185,108.78,24.33,1,1,1,2,,,,,,,83.34395873868903,163.29282020229306,1408.806555,,,,0
1/1/2004,16:02,30.3606,71.521,22.634,1,1,1,2,,,,,,,83.49476736337964,159.60912511717314,1408.806555,,,,0
1/1/2004,16:03,25.9505,42.382,21.219,1,1,1,2,,,,,,,83.64584538110424,155.91774107606795,1408.806555,,,,0
1/1/2004,16:04,23.8199,36.323,19.822,1,1,1,2,,,,,,,83.79718603236697,152.2188531080243,1408.806555,,,,0
1/1/2004,16:05,21.2028,25.22,18.599,1,1,1,2,,,,,,,83.94878222425257,148.51265485470785,1408.806555,,,,0
1/1/2004,16:06,20.0623,24.237,17.633,1,1,1,2,,,,,,,84.10062649948085,144.79934932896083,1408.806555,,,,0
1/1/2004,16:07,18.9218,21.344,16.738,1,1,1,2,,,,,,,84.2527110024436,141.07914974745597,1408.806555,,,,0
1/1/2004,16:08,16.9079,10.481,15.813,1,1,1,2,,,,,,,84.40502744150086,137.35228045516658,1408.806555,,,,0
1/1/2004,16:09,15.1051,4.0832,14.643,1,1,1,2,,,,,,,84.55756704748632,133.61897794291468,1408.806555,,,,0
1/1/2004,16:10,13.5103,0.75332,13.461,1,1,1,2,,,,,,,84.71032057907438,129.87949071771186,1408.806555,,,,0
1/1/2004,16:11,12.0211,-1.3101,12.206,1,1,1,2,,,,,,,84.86327811795974,126.1340843198777,1408.806555,,,,0
1/1/2004,16:12,11.0198,-2.0088,11.281,1,1,1,2,,,,,,,85.01642911494834,122.38304019744214,1408.806555,,,,0
1/1/2004,16:13,10.4263,-2.1835,10.565,1,1,1,2,,,,,,,85.16976242988491,118.62665473121749,1408.806555,,,,0
1/1/2004,16:14,9.5544,-2.1835,9.9809,1,1,1,2,,,,,,,85.32326610864655,114.86524469802447,1408.806555,,,,0
1/1/2004,16:15,9.3097,-2.1617,9.5756,1,1,1,2,,,,,,,85.4769273575015,111.09914790247024,1408.806555,,,,0
1/1/2004,16:16,8.9258,-2.1617,9.3511,1,1,1,2,,,,,,,85.63073245766836,107.32872527316702,1408.806555,,,,0
1/1/2004,16:17,8.6698,-2.1835,9.1176,1,1,1,2,,,,,,,85.78466667075301,103.55436318282169,1408.806555,,,,0
1/1/2004,16:18,8.2044,-1.987,8.7352,1,1,1,2,,,,,,,85.93871413374626,99.77647602446092,1408.806555,,,,0
1/1/2004,16:19,7.5518,-1.9652,8.2086,1,1,1,2,,,,,,,86.09285774293693,95.99550905960879,1408.806555,,,,0
1/1/2004,16:20,6.8191,-1.9652,7.4988,1,1,1,2,,,,,,,86.24707902553507,92.21194156792478,1408.806555,,,,0
1/1/2004,16:21,5.8643,-1.8232,6.5623,1,1,1,2,,,,,,,86.40135804955273,88.42628905769519,1408.806555,,,,0
1/1/2004,16:22,4.8869,-1.3429,5.5732,1,1,1,2,,,,,,,86.55567311266542,84.63911090001454,1408.806555,,,,0
1/1/2004,16:23,4.1655,-1.3101,4.6825,1,1,1,2,,,,,,,86.71000067458462,80.85101198688656,1408.806555,,,,0
1/1/2004,16:24,3.3287,-1.452,3.8467,1,1,1,2,,,,,,,86.86431527417692,77.06264476256769,1408.806555,,,,0
1/1/2004,16:25,2.5834,-1.3647,3.0774,1,1,1,2,,,,,,,87.01858917248187,73.27471798052102,1408.806555,,,,0
1/1/2004,16:26,2.0251,-1.3647,2.4683,1,1,1,2,,,,,,,87.17279218797029,69.48800074178307,1408.806555,,,,0
1/1/2004,16:27,1.5947,-1.6376,1.8684,1,1,1,2,,,,,,,87.32689146758838,65.70332810731287,1408.806555,,,,0
1/1/2004,16:28,0.803,-1.8232,1.1655,1,1,1,2,,,,,,,87.48085124933735,61.92160691571968,1408.806555,,,,0
1/1/2004,16:29,-0.2095,-1.9652,0.38009,1,1,1,2,,,,,,,87.63463262277588,58.143821648799026,1408.806555,,,,0
1/1/2004,16:30,-1.1757,-1.9652,-0.59991,1,1,1,2,,,,,,,87.78819329766335,54.37104009303337,1408.806555,,,,0
1/1/2004,16:31,-1.9083,-1.9651,-1.4105,1,1,1,2,,,,,,,87.94148739702658,50.60441839600412,1408.806555,,,,0
1/1/2004,16:32,-2.4779,-1.9651,-2.1638,1,1,1,2,,,,,,,88.09446534928625,46.845203682365806,1408.806555,,,,0
1/1/2004,16:33,-3.1656,-1.9652,-2.8415,1,1,1,2,,,,,,,88.247073658831,43.09473964965619,1408.806555,,,,0
1/1/2004,16:34,-3.6423,-1.7905,-3.375,1,1,1,2,,,,,,,88.39925506672581,39.35446256761467,1408.806555,,,,0
1/1/2004,16:35,-4.3061,-1.6485,-3.9704,1,1,1,2,,,,,,,88.55094891767325,35.62589219755469,1408.806555,,,,0
1/1/2004,16:36,-4.6549,-1.1791,-4.4031,1,1,1,2,,,,,,,88.70209158104515,31.91062136946949,1408.806555,,,,0
1/1/2004,16:37,-4.7477,-1.1463,-4.7466,1,1,1,2,,,,,,,88.85261753215626,28.21028931757254,1408.806555,,,,0
1/1/2004,16:38,-4.9108,-1.0808,-5.003,1,1,1,2,,,,,,,89.00246103993379,24.526540094106068,1408.806555,,,,0
1/1/2004,16:39,-5.3186,-0.65505,-5.2755,1,1,1,2,,,,,,,89.15155878998527,20.86095797282367,1408.806555,,,,0
1/1/2004,16:40,-5.5619,-0.65506,-5.5319,1,1,1,2,,,,,,,89.29985381907717,17.214970598252357,1408.806555,,,,0
1/1/2004,16:41,-5.5858,-0.65506,-5.7563,1,1,1,2,,,,,,,89.4473012604119,13.589707605544373,1408.806555,,,,0
1/1/2004,16:42,-5.7602,-0.61139,-5.9303,1,1,1,2,,,,,,,89.59387654296472,9.985798901824268,1408.806555,,,,0
1/1/2004,16:43,-5.8769,-0.33845,-6.0609,1,1,1,2,,,,,,,89.73958684145643,6.403093035938957,1408.806555,,,,0
1/1/2004,16:44,-6.0977,0.0,-6.196,1,1,1,2,,,,,,,89.88448674736364,2.8402718181209083,1408.806555,,,,0
1/1/2004,16:45,-6.4001,0.0,-6.2532,1,1,1,2,,,,,,,89.9567444536683,0.5317904035985689,704.4032775,,,,0
1/1/2004,16:46,-6.5168,0.0,-6.3769,1,1,1,2,,,,,,,100.0,0.0,0.0,,,,0
1/1/2004,16:47,-6.5168,0.0,-6.4295,1,1,1,2,,,,,,,100.0,0.0,0.0,,,,0
1/1/2004,16:48,-6.3649,0.0,-6.5188,1,1,1,2,,,,,,,100.0,0.0,0.0,,,,0
1/1/2004,16:49,-6.4352,0.0,-6.5738,1,1,1,2,,,,,,,100.0,0.0,0.0,,,,0
1/1/2004,16:50,-6.5168,0.05459,-6.5944,1,1,1,2,,,,,,,100.0,0.0,0.0,,,,0
1/1/2004,16:51,-6.5168,0.21835,-6.5944,1,1,1,2,,,,,,,100.0,0.0,0.0,,,,0
1/1/2004,16:52,-6.528,0.12009,-6.6035,1,1,1,2,,,,,,,100.0,0.0,0.0,,,,0
1/1/2004,16:53,-6.7151,0.0,-6.6928,1,1,1,2,,,,,,,100.0,0.0,0.0,,,,0
1/1/2004,16:54,-6.912,0.0,-6.8073,1,1,1,2,,,,,,,100.0,0.0,0.0,,,,0
1/1/2004,16:55,-7.0638,-0.1856,-6.9035,1,1,1,2,,,,,,,100.0,0.0,0.0,,,,0
1/1/2004,16:56,-7.2031,-0.43671,-7.0592,1,1,1,2,,,,,,,100.0,0.0,0.0,,,,0
1/1/2004,16:57,-7.0751,-0.54588,-7.1439,1,1,1,2,,,,,,,100.0,0.0,0.0,,,,0
1/1/2004,16:58,-6.9823,-0.65506,-7.0752,1,1,1,2,,,,,,,100.0,0.0,0.0,,,,0
1/1/2004,16:59,-7.0048,-0.65506,-6.979,1,1,1,2,,,,,,,100.0,0.0,0.0,,,,0
1/1/2004,17:00,-6.9935,-0.26202,-6.8875,1,1,1,2,,,,,,,100.0,0.0,0.0,,,,0
1/1/2004,17:01,-6.9823,0.32753,-6.7226,1,1,1,2,,,,,,,100.0,0.0,0.0,,,,0
1/1/2004,17:02,-6.8191,0.05459,-6.5921,1,1,1,2,,,,,,,100.0,0.0,0.0,,,,0
1/1/2004,17:03,-6.7488,0.0,-6.5921,1,1,1,2,,,,,,,100.0,0.0,0.0,,,,0
1/1/2004,17:04,-6.7376,0.34936,-6.5943,1,1,1,2,,,,,,,100.0,0.0,0.0,,,,0
1/1/2004,17:05,-6.7151,0.5568,-6.5943,1,1,1,2,,,,,,,100.0,0.0,0.0,,,,0
1/1/2004,17:06,-6.7488,0.20744,-6.576,1,1,1,2,,,,,,,100.0,0.0,0.0,,,,0
1/1/2004,17:07,-6.8079,0.0,-6.5737,1,1,1,2,,,,,,,100.0,0.0,0.0,,,,0
1/1/2004,17:08,-6.7488,-0.03275,-6.5898,1,1,1,2,,,,,,,100.0,0.0,0.0,,,,0
1/1/2004,17:09,-6.7615,-0.26202,-6.8142,1,1,1,2,,,,,,,100.0,0.0,0.0,,,,0
1/1/2004,17:10,-6.7727,-0.43671,-7.0729,1,1,1,2,,,,,,,100.0,0.0,0.0,,,,0
1/1/2004,17:11,-6.7024,-0.43671,-7.2607,1,1,1,2,,,,,,,100.0,0.0,0.0,,,,0
1/1/2004,17:12,-6.528,-0.43671,-7.1531,1,1,1,2,,,,,,,100.0,0.0,0.0,,,,0
1/1/2004,17:13,-6.5168,-0.40395,-6.9997,1,1,1,2,,,,,,,100.0,0.0,0.0,,,,0
1/1/2004,17:14,-6.5168,-0.30569,-6.9401,1,1,1,2,,,,,,,100.0,0.0,0.0,,,,0
1/1/2004,17:15,-6.5393,-0.31661,-6.8966,1,1,1,2,,,,,,,100.0,0.0,0.0,,,,0
1/1/2004,17:16,-6.9359,-0.62231,-7.0684,1,1,1,2,,,,,,,100.0,0.0,0.0,,,,0
1/1/2004,17:17,-6.9823,-0.66598,-7.1324,1,1,1,2,,,,,,,100.0,0.0,0.0,,,,0
1/1/2004,17:18,-6.8768,-0.65506,-6.9836,1,1,1,2,,,,,,,100.0,0.0,0.0,,,,0
1/1/2004,17:19,-6.5168,-0.52405,-6.6928,1,1,1,2,,,,,,,100.0,0.0,0.0,,,,0
1/1/2004,17:20,-6.2721,-0.08734,-6.3493,1,1,1,2,,,,,,,100.0,0.0,0.0,,,,0
1/1/2004,17:21,-5.6786,0.10918,-6.0974,1,1,1,2,,,,,,,100.0,0.0,0.0,,,,0
1/1/2004,17:22,-5.5858,0.60047,-5.8639,1,1,1,2,,,,,,,100.0,0.0,0.0,,,,0
1/1/2004,17:23,-5.4691,0.90617,-5.6853,1,1,1,2,,,,,,,100.0,0.0,0.0,,,,0
1/1/2004,17:24,-5.5394,0.61139,-5.9578,1,1,1,2,,,,,,,100.0,0.0,0.0,,,,0
1/1/2004,17:25,-6.1793,-0.88433,-6.5508,1,1,1,2,,,,,,,100.0,0.0,0.0,,,,0
1/1/2004,17:26,-6.784,-1.3538,-6.9378,1,1,1,2,,,,,,,100.0,0.0,0.0,,,,0
1/1/2004,17:27,-6.9823,-0.89525,-6.9401,1,1,1,2,,,,,,,100.0,0.0,0.0,,,,0
1/1/2004,17:28,-6.7488,-0.56772,-6.8371,1,1,1,2,,,,,,,100.0,0.0,0.0,,,,0
1/1/2004,17:29,-6.5745,-0.03275,-6.789,1,1,1,2,,,,,,,100.0,0.0,0.0,,,,0
1/1/2004,17:30,-6.5168,0.0,-6.686,1,1,1,2,,,,,,,100.0,0.0,0.0,,,,0
1/1/2004,17:31,-6.5168,0.0,-6.8348,1,1,1,2,,,,,,,100.0,0.0,0.0,,,,0
1/1/2004,17:32,-6.5168,0.0,-7.0523,1,1,1,2,,,,,,,100.0,0.0,0.0,,,,0
1/1/2004,17:33,-6.5984,0.0,-7.2538,1,1,1,2,,,,,,,100.0,0.0,0.0,,,,0
1/1/2004,17:34,-6.6912,0.0,-7.35,1,1,1,2,,,,,,,100.0,0.0,0.0,,,,0
1/1/2004,17:35,-6.5984,0.01092,-7.1691,1,1,1,2,,,,,,,100.0,0.0,0.0,,,,0
1/1/2004,17:36,-6.5168,0.14193,-6.9997,1,1,1,2,,,,,,,100.0,0.0,0.0,,,,0
1/1/2004,17:37,-6.5055,0.34937,-6.8279,1,1,1,2,,,,,,,100.0,0.0,0.0,,,,0
1/1/2004,17:38,-6.2369,0.62231,-6.5852,1,1,1,2,,,,,,,100.0,0.0,0.0,,,,0
1/1/2004,17:39,-5.9458,0.65506,-6.3563,1,1,1,2,,,,,,,100.0,0.0,0.0,,,,0
1/1/2004,17:40,-5.7025,0.68781,-6.2441,1,1,1,2,,,,,,,100.0,0.0,0.0,,,,0
1/1/2004,17:41,-5.5858,0.76424,-6.1776,1,1,1,2,,,,,,,100.0,0.0,0.0,,,,0
1/1/2004,17:42,-5.8994,0.65506,-6.2211,1,1,1,2,,,,,,,100.0,0.0,0.0,,,,0
1/1/2004,17:43,-6.0977,0.65506,-6.3333,1,1,1,2,,,,,,,100.0,0.0,0.0,,,,0
1/1/2004,17:44,-6.296,0.68781,-6.528,1,1,1,2,,,,,,,100.0,0.0,0.0,,,,0
1/1/2004,17:45,-6.4816,1.0918,-6.6424,1,1,1,2,,,,,,,100.0,0.0,0.0,,,,0
1/1/2004,17:46,-6.5168,0.99351,-6.9034,1,1,1,2,,,,,,,100.0,0.0,0.0,,,,0
1/1/2004,17:47,-6.6096,0.65506,-7.0545,1,1,1,2,,,,,,,100.0,0.0,0.0,,,,0
1/1/2004,17:48,-6.5393,0.65506,-7.0111,1,1,1,2,,,,,,,100.0,0.0,0.0,,,,0
1/1/2004,17:49,-6.5984,0.65506,-6.8737,1,1,1,2,,,,,,,100.0,0.0,0.0,,,,0
1/1/2004,17:50,-6.8304,0.46946,-6.8691,1,1,1,2,,,,,,,100.0,0.0,0.0,,,,0
1/1/2004,17:51,-6.9584,0.0,-6.8393,1,1,1,2,,,,,,,100.0,0.0,0.0,,,,0
1/1/2004,17:52,-6.6912,0.28386,-6.6379,1,1,1,2,,,,,,,100.0,0.0,0.0,,,,0
1/1/2004,17:53,-6.4577,0.61138,-6.3379,1,1,1,2,,,,,,,100.0,0.0,0.0,,,,0
1/1/2004,17:54,-5.9458,0.65505,-6.1708,1,1,1,2,,,,,,,100.0,0.0,0.0,,,,0
1/1/2004,17:55,-5.5858,0.65505,-6.0151,1,1,1,2,,,,,,,100.0,0.0,0.0,,,,0
1/1/2004,17:56,-5.5858,0.65505,-5.9876,1,1,1,2,,,,,,,100.0,0.0,0.0,,,,0
1/1/2004,17:57,-5.5858,0.65505,-6.0219,1,1,1,2,,,,,,,100.0,0.0,0.0,,,,0
1/1/2004,17:58,-5.5619,0.79698,-5.951,1,1,1,2,,,,,,,100.0,0.0,0.0,,,,0
1/1/2004,17:59,-5.4339,1.0918,-5.8617,1,1,1,2,,,,,,,100.0,0.0,0.0,,,,0
1/1/2004,18:00,-5.4466,1.0918,-5.7312,1,1,1,2,,,,,,,100.0,0.0,0.0,,,,0
1/1/2004,18:01,-5.5858,1.0917,-5.6693,1,1,1,2,,,,,,,100.0,0.0,0.0,,,,0
1/1/2004,18:02,-5.5858,1.0917,-5.6533,1,1,1,2,,,,,,,100.0,0.0,0.0,,,,0
1/1/2004,18:03,-5.5858,1.0917,-5.7426,1,1,1,2,,,,,,,100.0,0.0,0.0,,,,0
1/1/2004,18:04,-5.6547,1.0044,-5.9281,1,1,1,2,,,,,,,100.0,0.0,0.0,,,,0
1/1/2004,18:05,-6.3073,0.64413,-6.425,1,1,1,2,,,,,,,100.0,0.0,0.0,,,,0
1/1/2004,18:06,-6.5168,0.32752,-6.9653,1,1,1,2,,,,,,,100.0,0.0,0.0,,,,0
1/1/2004,18:07,-6.528,0.50221,-7.1142,1,1,1,2,,,,,,,100.0,0.0,0.0,,,,0
1/1/2004,18:08,-6.5168,0.9935,-6.9104,1,1,1,2,,,,,,,100.0,0.0,0.0,,,,0
1/1/2004,18:09,-6.1554,1.4193,-6.473,1,1,1,2,,,,,,,100.0,0.0,0.0,,,,0
1/1/2004,18:10,-5.6786,1.5394,-6.212,1,1,1,2,,,,,,,100.0,0.0,0.0,,,,0
1/1/2004,18:11,-5.5858,1.7686,-5.9922,1,1,1,2,,,,,,,100.0,0.0,0.0,,,,0
1/1/2004,18:12,-5.5043,1.9652,-5.7701,1,1,1,2,,,,,,,100.0,0.0,0.0,,,,0
1/1/2004,18:13,-5.3524,1.9652,-5.6121,1,1,1,2,,,,,,,100.0,0.0,0.0,,,,0
1/1/2004,18:14,-5.5394,1.6595,-5.8387,1,1,1,2,,,,,,,100.0,0.0,0.0,,,,0
1/1/2004,18:15,-6.3649,0.67689,-6.6195,1,1,1,2,,,,,,,100.0,0.0,0.0,,,,0
1/1/2004,18:16,-6.5632,0.5568,-7.0523,1,1,1,2,,,,,,,100.0,0.0,0.0,,,,0
1/1/2004,18:17,-6.6096,0.63322,-7.0798,1,1,1,2,,,,,,,100.0,0.0,0.0,,,,0
1/1/2004,18:18,-6.528,0.4367,-7.0134,1,1,1,2,,,,,,,100.0,0.0,0.0,,,,0
1/1/2004,18:19,-6.5168,0.40395,-6.8737,1,1,1,2,,,,,,,100.0,0.0,0.0,,,,0
1/1/2004,18:20,-6.4113,0.49129,-6.8669,1,1,1,2,,,,,,,100.0,0.0,0.0,,,,0
1/1/2004,18:21,-6.1554,0.73148,-6.6928,1,1,1,2,,,,,,,100.0,0.0,0.0,,,,0
1/1/2004,18:22,-6.0049,1.1136,-6.5532,1,1,1,2,,,,,,,100.0,0.0,0.0,,,,0
1/1/2004,18:23,-5.6786,1.3647,-6.3792,1,1,1,2,,,,,,,100.0,0.0,0.0,,,,0
1/1/2004,18:24,-5.9458,1.5285,-6.2807,1,1,1,2,,,,,,,100.0,0.0,0.0,,,,0
1/1/2004,18:25,-6.0049,1.3538,-6.2738,1,1,1,2,,,,,,,100.0,0.0,0.0,,,,0
1/1/2004,18:26,-6.0513,1.19,-6.3013,1,1,1,2,,,,,,,100.0,0.0,0.0,,,,0
1/1/2004,18:27,-6.1793,0.97167,-6.4456,1,1,1,2,,,,,,,100.0,0.0,0.0,,,,0
1/1/2004,18:28,-6.5055,0.65506,-6.7295,1,1,1,2,,,,,,,100.0,0.0,0.0,,,,0
1/1/2004,18:29,-6.5168,0.64414,-6.9562,1,1,1,2,,,,,,,100.0,0.0,0.0,,,,0
1/1/2004,18:30,-6.6209,0.29478,-7.1165,1,1,1,2,,,,,,,100.0,0.0,0.0,,,,0
1/1/2004,18:31,-6.5393,0.17468,-7.1439,1,1,1,2,,,,,,,100.0,0.0,0.0,,,,0
1/1/2004,18:32,-6.5168,-0.06551,-7.1233,1,1,1,2,,,,,,,100.0,0.0,0.0,,,,0
1/1/2004,18:33,-6.6799,-0.42579,-7.1623,1,1,1,2,,,,,,,100.0,0.0,0.0,,,,0
1/1/2004,18:34,-6.784,-0.39304,-7.2309,1,1,1,2,,,,,,,100.0,0.0,0.0,,,,0
1/1/2004,18:35,-6.971,-0.30569,-7.3225,1,1,1,2,,,,,,,100.0,0.0,0.0,,,,0
1/1/2004,18:36,-6.9823,-0.57864,-7.3889,1,1,1,2,,,,,,,100.0,0.0,0.0,,,,0
1/1/2004,18:37,-7.099,-0.65506,-7.4187,1,1,1,2,,,,,,,100.0,0.0,0.0,,,,0
1/1/2004,18:38,-7.0751,-0.65506,-7.3683,1,1,1,2,,,,,,,100.0,0.0,0.0,,,,0
1/1/2004,18:39,-6.9823,-0.65506,-7.3042,1,1,1,2,,,,,,,100.0,0.0,0.0,,,,0
1/1/2004,18:40,-6.9823,-0.65506,-7.3294,1,1,1,2,,,,,,,100.0,0.0,0.0,,,,0
1/1/2004,18:41,-7.0287,-1.0153,-7.5217,1,1,1,2,,,,,,,100.0,0.0,0.0,,,,0
1/1/2004,18:42,-7.2382,-1.1791,-7.8446,1,1,1,2,,,,,,,100.0,0.0,0.0,,,,0
1/1/2004,18:43,-7.4478,-1.3101,-8.0919,1,1,1,2,,,,,,,100.0,0.0,0.0,,,,0
1/1/2004,18:44,-7.2846,-1.2446,-8.1423,1,1,1,2,,,,,,,100.0,0.0,0.0,,,,0
1/1/2004,18:45,-7.099,-1.0918,-7.9705,1,1,1,2,,,,,,,100.0,0.0,0.0,,,,0
1/1/2004,18:46,-7.2031,-1.0372,-7.7461,1,1,1,2,,,,,,,100.0,0.0,0.0,,,,0
1/1/2004,18:47,-7.0751,-0.65506,-7.524,1,1,1,2,,,,,,,100.0,0.0,0.0,,,,0
1/1/2004,18:48,-7.0048,-0.49129,-7.3683,1,1,1,2,,,,,,,100.0,0.0,0.0,,,,0
1/1/2004,18:49,-6.9823,-0.24019,-7.3271,1,1,1,2,,,,,,,100.0,0.0,0.0,,,,0
1/1/2004,18:50,-6.9823,-0.13101,-7.3821,1,1,1,2,,,,,,,100.0,0.0,0.0,,,,0
1/1/2004,18:51,-6.9935,0.0,-7.4164,1,1,1,2,,,,,,,100.0,0.0,0.0,,,,0
1/1/2004,18:52,-7.1806,0.0,-7.5424,1,1,1,2,,,,,,,100.0,0.0,0.0,,,,0
1/1/2004,18:53,-7.2143,0.0,-7.6797,1,1,1,2,,,,,,,100.0,0.0,0.0,,,,0
1/1/2004,18:54,-7.2143,0.0,-7.6935,1,1,1,2,,,,,,,100.0,0.0,0.0,,,,0
1/1/2004,18:55,-7.2143,0.12009,-7.6362,1,1,1,2,,,,,,,100.0,0.0,0.0,,,,0
1/1/2004,18:56,-7.1215,0.30569,-7.6088,1,1,1,2,,,,,,,100.0,0.0,0.0,,,,0
1/1/2004,18:57,-7.0638,0.43671,-7.6477,1,1,1,2,,,,,,,100.0,0.0,0.0,,,,0
1/1/2004,18:58,-6.9935,0.39304,-7.5607,1,1,1,2,,,,,,,100.0,0.0,0.0,,,,0
1/1/2004,18:59,-6.9471,0.20744,-7.3935,1,1,1,2,,,,,,,100.0,0.0,0.0,,,,0
1/1/2004,19:00,-6.7263,0.16376,-7.1348,1,1,1,2,,,,,,,100.0,0.0,0.0,,,,0
1/1/2004,19:01,-6.5168,0.52405,-6.8738,1,1,1,2,,,,,,,100.0,0.0,0.0,,,,0
1/1/2004,19:02,-6.5168,1.2119,-6.5624,1,1,1,2,,,,,,,100.0,0.0,0.0,,,,0
1/1/2004,19:03,-6.296,1.9324,-6.2601,1,1,1,2,,,,,,,100.0,0.0,0.0,,,,0
1/1/2004,19:04,-6.3888,1.8342,-6.2006,1,1,1,2,,,,,,,100.0,0.0,0.0,,,,0
1/1/2004,19:05,-6.5632,1.463,-6.599,1,1,1,2,,,,,,,100.0,0.0,0.0,,,,0
1/1/2004,19:06,-6.9584,1.0918,-7.1371,1,1,1,2,,,,,,,100.0,0.0,0.0,,,,0
1/1/2004,19:07,-6.8895,1.1354,-7.279,1,1,1,2,,,,,,,100.0,0.0,0.0,,,,0
1/1/2004,19:08,-6.4816,1.6922,-6.8096,1,1,1,2,,,,,,,100.0,0.0,0.0,,,,0
1/1/2004,19:09,-5.749,1.9652,-6.1067,1,1,1,2,,,,,,,100.0,0.0,0.0,,,,0
1/1/2004,19:10,-5.3299,2.6202,-5.564,1,1,1,2,,,,,,,100.0,0.0,0.0,,,,0
1/1/2004,19:11,-4.8995,4.0614,-5.2458,1,1,1,2,,,,,,,100.0,0.0,0.0,,,,0
1/1/2004,19:12,-5.2835,4.105,-5.2572,1,1,1,2,,,,,,,100.0,0.0,0.0,,,,0
1/1/2004,19:13,-5.3411,3.4172,-5.3373,1,1,1,2,,,,,,,100.0,0.0,0.0,,,,0
1/1/2004,19:14,-5.3524,3.0024,-5.3351,1,1,1,2,,,,,,,100.0,0.0,0.0,,,,0
1/1/2004,19:15,-5.3524,2.6748,-5.3694,1,1,1,2,,,,,,,100.0,0.0,0.0,,,,0
1/1/2004,19:16,-5.3524,2.4128,-5.4015,1,1,1,2,,,,,,,100.0,0.0,0.0,,,,0
1/1/2004,19:17,-5.3524,2.0416,-5.4793,1,1,1,2,,,,,,,100.0,0.0,0.0,,,,0
1/1/2004,19:18,-5.3524,1.9652,-5.5228,1,1,1,2,,,,,,,100.0,0.0,0.0,,,,0
1/1/2004,19:19,-5.3524,1.9652,-5.5274,1,1,1,2,,,,,,,100.0,0.0,0.0,,,,0
1/1/2004,19:20,-5.3524,1.9652,-5.5114,1,1,1,2,,,,,,,100.0,0.0,0.0,,,,0
1/1/2004,19:21,-5.3524,1.9652,-5.5022,1,1,1,2,,,,,,,100.0,0.0,0.0,,,,0
1/1/2004,19:22,-5.3524,2.0634,-5.4953,1,1,1,2,,,,,,,100.0,0.0,0.0,,,,0
1/1/2004,19:23,-5.3299,2.653,-5.4953,1,1,1,2,,,,,,,100.0,0.0,0.0,,,,0
1/1/2004,19:24,-5.2483,2.6967,-5.5205,1,1,1,2,,,,,,,100.0,0.0,0.0,,,,0
1/1/2004,19:25,-5.3524,2.6202,-5.6144,1,1,1,2,,,,,,,100.0,0.0,0.0,,,,0
1/1/2004,19:26,-5.5043,2.6202,-5.6831,1,1,1,2,,,,,,,100.0,0.0,0.0,,,,0
1/1/2004,19:27,-5.5858,2.6202,-5.6808,1,1,1,2,,,,,,,100.0,0.0,0.0,,,,0
1/1/2004,19:28,-5.5858,2.6312,-5.6808,1,1,1,2,,,,,,,100.0,0.0,0.0,,,,0
1/1/2004,19:29,-5.5746,2.6202,-5.6694,1,1,1,2,,,,,,,100.0,0.0,0.0,,,,0
1/1/2004,19:30,-5.4579,2.8932,-5.6327,1,1,1,2,,,,,,,100.0,0.0,0.0,,,,0
1/1/2004,19:31,-5.3524,3.0569,-5.6625,1,1,1,2,,,,,,,100.0,0.0,0.0,,,,0
1/1/2004,19:32,-5.3524,2.9041,-5.777,1,1,1,2,,,,,,,100.0,0.0,0.0,,,,0
1/1/2004,19:33,-5.4691,2.3582,-5.88,1,1,1,2,,,,,,,100.0,0.0,0.0,,,,0
1/1/2004,19:34,-5.5858,1.9652,-5.9556,1,1,1,2,,,,,,,100.0,0.0,0.0,,,,0
1/1/2004,19:35,-5.5858,1.7468,-6.0609,1,1,1,2,,,,,,,100.0,0.0,0.0,,,,0
1/1/2004,19:36,-5.5858,1.7796,-5.9762,1,1,1,2,,,,,,,100.0,0.0,0.0,,,,0
1/1/2004,19:37,-5.5971,1.9106,-6.0174,1,1,1,2,,,,,,,100.0,0.0,0.0,,,,0
1/1/2004,19:38,-5.5971,1.9543,-5.9602,1,1,1,2,,,,,,,100.0,0.0,0.0,,,,0
1/1/2004,19:39,-5.5858,1.987,-5.9876,1,1,1,2,,,,,,,100.0,0.0,0.0,,,,0
1/1/2004,19:40,-5.5858,3.5482,-6.0174,1,1,1,2,,,,,,,100.0,0.0,0.0,,,,0
1/1/2004,19:41,-5.5858,4.7164,-5.8686,1,1,1,2,,,,,,,100.0,0.0,0.0,,,,0
1/1/2004,19:42,-5.5858,4.4217,-5.7335,1,1,1,2,,,,,,,100.0,0.0,0.0,,,,0
1/1/2004,19:43,-5.5858,4.2033,-5.6785,1,1,1,2,,,,,,,100.0,0.0,0.0,,,,0
1/1/2004,19:44,-5.5858,3.6356,-5.6144,1,1,1,2,,,,,,,100.0,0.0,0.0,,,,0
1/1/2004,19:45,-5.5858,3.2316,-5.6694,1,1,1,2,,,,,,,100.0,0.0,0.0,,,,0
1/1/2004,19:46,-5.5858,3.4063,-5.7747,1,1,1,2,,,,,,,100.0,0.0,0.0,,,,0
1/1/2004,19:47,-5.5858,4.5308,-5.635,1,1,1,2,,,,,,,100.0,0.0,0.0,,,,0
1/1/2004,19:48,-5.2708,8.0136,-5.3557,1,1,1,2,,,,,,,100.0,0.0,0.0,,,,0
1/1/2004,19:49,-5.0964,9.2691,-5.1336,1,1,1,2,,,,,,,100.0,0.0,0.0,,,,0
1/1/2004,19:50,-5.3299,7.6096,-5.1725,1,1,1,2,,,,,,,100.0,0.0,0.0,,,,0
1/1/2004,19:51,-5.5746,5.7864,-5.3992,1,1,1,2,,,,,,,100.0,0.0,0.0,,,,0
1/1/2004,19:52,-5.5858,5.568,-5.4908,1,1,1,2,,,,,,,100.0,0.0,0.0,,,,0
1/1/2004,19:53,-5.5858,7.2166,-5.4816,1,1,1,2,,,,,,,100.0,0.0,0.0,,,,0
1/1/2004,19:54,-5.5746,7.8061,-5.4633,1,1,1,2,,,,,,,100.0,0.0,0.0,,,,0
1/1/2004,19:55,-5.5746,7.5332,-5.5182,1,1,1,2,,,,,,,100.0,0.0,0.0,,,,0
1/1/2004,19:56,-5.5858,6.6598,-5.6465,1,1,1,2,,,,,,,100.0,0.0,0.0,,,,0
1/1/2004,19:57,-5.5858,4.5636,-5.8938,1,1,1,2,,,,,,,100.0,0.0,0.0,,,,0
1/1/2004,19:58,-5.5858,2.249,-6.2326,1,1,1,2,,,,,,,100.0,0.0,0.0,,,,0
1/1/2004,19:59,-6.0049,0.98259,-6.4089,1,1,1,2,,,,,,,100.0,0.0,0.0,,,,0
1/1/2004,20:00,-6.2721,1.1245,-6.425,1,1,1,2,,,,,,,100.0,0.0,0.0,,,,0
1/1/2004,20:01,-6.424,2.0962,-6.583,1,1,1,2,,,,,,,100.0,0.0,0.0,,,,0
1/1/2004,20:02,-6.5168,2.5656,-6.5509,1,1,1,2,,,,,,,100.0,0.0,0.0,,,,0
1/1/2004,20:03,-6.5055,1.7468,-6.4135,1,1,1,2,,,,,,,100.0,0.0,0.0,,,,0
1/1/2004,20:04,-6.4704,0.98259,-6.3586,1,1,1,2,,,,,,,100.0,0.0,0.0,,,,0
1/1/2004,20:05,-6.4816,0.87341,-6.3586,1,1,1,2,,,,,,,100.0,0.0,0.0,,,,0
1/1/2004,20:06,-6.5168,1.8342,-6.4776,1,1,1,2,,,,,,,100.0,0.0,0.0,,,,0
1/1/2004,20:07,-6.5168,2.2054,-6.5692,1,1,1,2,,,,,,,100.0,0.0,0.0,,,,0
1/1/2004,20:08,-6.5168,2.1835,-6.583,1,1,1,2,,,,,,,100.0,0.0,0.0,,,,0
1/1/2004,20:09,-6.5168,1.987,-6.5188,1,1,1,2,,,,,,,100.0,0.0,0.0,,,,0
1/1/2004,20:10,-6.5168,1.5176,-6.6448,1,1,1,2,,,,,,,100.0,0.0,0.0,,,,0
1/1/2004,20:11,-6.5393,0.91708,-6.8738,1,1,1,2,,,,,,,100.0,0.0,0.0,,,,0
1/1/2004,20:12,-7.0287,-0.928,-7.366,1,1,1,2,,,,,,,100.0,0.0,0.0,,,,0
1/1/2004,20:13,-7.7262,-2.0962,-8.085,1,1,1,2,,,,,,,100.0,0.0,0.0,,,,0
1/1/2004,20:14,-8.3197,-3.3517,-8.9574,1,1,1,2,,,,,,,100.0,0.0,0.0,,,,0
1/1/2004,20:15,-8.3787,-2.1726,-9.2505,1,1,1,2,,,,,,,100.0,0.0,0.0,,,,0
1/1/2004,20:16,-7.9709,-1.332,-8.9437,1,1,1,2,,,,,,,100.0,0.0,0.0,,,,0
1/1/2004,20:17,-7.5645,-1.3101,-8.3964,1,1,1,2,,,,,,,100.0,0.0,0.0,,,,0
1/1/2004,20:18,-7.2382,-1.2992,-7.927,1,1,1,2,,,,,,,100.0,0.0,0.0,,,,0
1/1/2004,20:19,-7.0048,-1.3101,-7.7484,1,1,1,2,,,,,,,100.0,0.0,0.0,,,,0
1/1/2004,20:20,-7.1103,-1.2228,-7.9591,1,1,1,2,,,,,,,100.0,0.0,0.0,,,,0
1/1/2004,20:21,-7.2143,-1.0699,-7.9911,1,1,1,2,,,,,,,100.0,0.0,0.0,,,,0
1/1/2004,20:22,-7.099,-0.97167,-7.7461,1,1,1,2,,,,,,,100.0,0.0,0.0,,,,0
1/1/2004,20:23,-6.9823,-1.059,-7.6637,1,1,1,2,,,,,,,100.0,0.0,0.0,,,,0
1/1/2004,20:24,-7.1918,-0.75332,-7.7782,1,1,1,2,,,,,,,100.0,0.0,0.0,,,,0
1/1/2004,20:25,-7.4703,-0.65506,-7.9934,1,1,1,2,,,,,,,100.0,0.0,0.0,,,,0
1/1/2004,20:26,-7.6925,-0.91708,-8.1789,1,1,1,2,,,,,,,100.0,0.0,0.0,,,,0
1/1/2004,20:27,-7.902,-1.2337,-8.3575,1,1,1,2,,,,,,,100.0,0.0,0.0,,,,0
1/1/2004,20:28,-7.8429,-1.0918,-8.3964,1,1,1,2,,,,,,,100.0,0.0,0.0,,,,0
1/1/2004,20:29,-7.4829,-0.72057,-8.211,1,1,1,2,,,,,,,100.0,0.0,0.0,,,,0
1/1/2004,20:30,-7.2143,-0.65506,-7.9133,1,1,1,2,,,,,,,100.0,0.0,0.0,,,,0
1/1/2004,20:31,-7.2959,-0.66598,-8.101,1,1,1,2,,,,,,,100.0,0.0,0.0,,,,0
1/1/2004,20:32,-7.4014,-0.34937,-8.2384,1,1,1,2,,,,,,,100.0,0.0,0.0,,,,0
1/1/2004,20:33,-7.2143,0.0,-7.982,1,1,1,2,,,,,,,100.0,0.0,0.0,,,,0
1/1/2004,20:34,-7.0638,0.0,-7.6065,1,1,1,2,,,,,,,100.0,0.0,0.0,,,,0
1/1/2004,20:35,-6.8656,-0.16377,-7.2561,1,1,1,2,,,,,,,100.0,0.0,0.0,,,,0
1/1/2004,20:36,-6.5871,-0.28386,-7.0524,1,1,1,2,,,,,,,100.0,0.0,0.0,,,,0
1/1/2004,20:37,-6.528,-0.43671,-7.0478,1,1,1,2,,,,,,,100.0,0.0,0.0,,,,0
1/1/2004,20:38,-6.7151,-0.39304,-7.1439,1,1,1,2,,,,,,,100.0,0.0,0.0,,,,0
1/1/2004,20:39,-6.9471,-0.22927,-7.2264,1,1,1,2,,,,,,,100.0,0.0,0.0,,,,0
1/1/2004,20:40,-7.1806,-0.22927,-7.5515,1,1,1,2,,,,,,,100.0,0.0,0.0,,,,0
1/1/2004,20:41,-7.3085,0.0,-7.6889,1,1,1,2,,,,,,,100.0,0.0,0.0,,,,0
1/1/2004,20:42,-7.2031,0.0,-7.5332,1,1,1,2,,,,,,,100.0,0.0,0.0,,,,0
1/1/2004,20:43,-7.0863,0.07642,-7.4233,1,1,1,2,,,,,,,100.0,0.0,0.0,,,,0
1/1/2004,20:44,-6.9935,0.09826,-7.2676,1,1,1,2,,,,,,,100.0,0.0,0.0,,,,0
1/1/2004,20:45,-6.9823,0.0,-7.1027,1,1,1,2,,,,,,,100.0,0.0,0.0,,,,0
1/1/2004,20:46,-6.9823,0.0,-7.2172,1,1,1,2,,,,,,,100.0,0.0,0.0,,,,0
1/1/2004,20:47,-6.9823,0.0,-7.2905,1,1,1,2,,,,,,,100.0,0.0,0.0,,,,0
1/1/2004,20:48,-6.7151,0.0,-7.0867,1,1,1,2,,,,,,,100.0,0.0,0.0,,,,0
1/1/2004,20:49,-6.5168,0.50221,-6.9631,1,1,1,2,,,,,,,100.0,0.0,0.0,,,,0
1/1/2004,20:50,-6.5055,0.68781,-6.8348,1,1,1,2,,,,,,,100.0,0.0,0.0,,,,0
1/1/2004,20:51,-6.4929,1.2337,-6.6104,1,1,1,2,,,,,,,100.0,0.0,0.0,,,,0
1/1/2004,20:52,-6.5168,1.7905,-6.5807,1,1,1,2,,,,,,,100.0,0.0,0.0,,,,0
1/1/2004,20:53,-6.5168,1.8342,-6.6723,1,1,1,2,,,,,,,100.0,0.0,0.0,,,,0
1/1/2004,20:54,-6.5168,1.5831,-6.9104,1,1,1,2,,,,,,,100.0,0.0,0.0,,,,0
1/1/2004,20:55,-6.5168,1.3756,-6.9356,1,1,1,2,,,,,,,100.0,0.0,0.0,,,,0
1/1/2004,20:56,-6.8191,1.2337,-7.1623,1,1,1,2,,,,,,,100.0,0.0,0.0,,,,0
1/1/2004,20:57,-7.2846,0.66598,-7.7141,1,1,1,2,,,,,,,100.0,0.0,0.0,,,,0
1/1/2004,20:58,-7.7501,0.10918,-8.0301,1,1,1,2,,,,,,,100.0,0.0,0.0,,,,0
1/1/2004,20:59,-7.902,-0.1856,-7.9774,1,1,1,2,,,,,,,100.0,0.0,0.0,,,,0
1/1/2004,21:00,-7.4478,-0.06551,-7.7003,1,1,1,2,,,,,,,100.0,0.0,0.0,,,,0
1/1/2004,21:01,-7.1328,0.25111,-7.6088,1,1,1,2,,,,,,,100.0,0.0,0.0,,,,0
1/1/2004,21:02,-7.1328,1.6158,-7.682,1,1,1,2,,,,,,,100.0,0.0,0.0,,,,0
1/1/2004,21:03,-6.9823,2.4128,-7.5126,1,1,1,2,,,,,,,100.0,0.0,0.0,,,,0
1/1/2004,21:04,-6.9823,2.0198,-7.2653,1,1,1,2,,,,,,,100.0,0.0,0.0,,,,0
1/1/2004,21:05,-7.0174,2.7404,-7.1256,1,1,1,2,,,,,,,100.0,0.0,0.0,,,,0
1/1/2004,21:06,-7.0399,3.6356,-7.0546,1,1,1,2,,,,,,,100.0,0.0,0.0,,,,0
1/1/2004,21:07,-7.2143,4.0177,-7.0386,1,1,1,2,,,,,,,100.0,0.0,0.0,,,,0
1/1/2004,21:08,-7.2143,5.6881,-7.0386,1,1,1,2,,,,,,,100.0,0.0,0.0,,,,0
1/1/2004,21:09,-7.2143,6.2995,-7.0546,1,1,1,2,,,,,,,100.0,0.0,0.0,,,,0
1/1/2004,21:10,-7.2959,6.0157,-7.2081,1,1,1,2,,,,,,,100.0,0.0,0.0,,,,0
1/1/2004,21:11,-7.4478,5.3061,-7.3157,1,1,1,2,,,,,,,100.0,0.0,0.0,,,,0
1/1/2004,21:12,-7.459,4.4545,-7.2012,1,1,1,2,,,,,,,100.0,0.0,0.0,,,,0
1/1/2004,21:13,-7.587,4.3453,-7.1554,1,1,1,2,,,,,,,100.0,0.0,0.0,,,,0
1/1/2004,21:14,-7.6925,4.3016,-7.1531,1,1,1,2,,,,,,,100.0,0.0,0.0,,,,0
1/1/2004,21:15,-7.8542,4.4326,-7.2699,1,1,1,2,,,,,,,100.0,0.0,0.0,,,,0
1/1/2004,21:16,-7.9133,4.3234,-7.3638,1,1,1,2,,,,,,,100.0,0.0,0.0,,,,0
1/1/2004,21:17,-8.0412,3.6029,-7.4645,1,1,1,2,,,,,,,100.0,0.0,0.0,,,,0
1/1/2004,21:18,-8.3548,3.4063,-7.6614,1,1,1,2,,,,,,,100.0,0.0,0.0,,,,0
1/1/2004,21:19,-8.3787,3.0679,-7.7393,1,1,1,2,,,,,,,100.0,0.0,0.0,,,,0
1/1/2004,21:20,-8.3787,2.5984,-7.8927,1,1,1,2,,,,,,,100.0,0.0,0.0,,,,0
1/1/2004,21:21,-8.3787,2.0853,-7.895,1,1,1,2,,,,,,,100.0,0.0,0.0,,,,0
1/1/2004,21:22,-8.4476,1.9106,-8.0301,1,1,1,2,,,,,,,100.0,0.0,0.0,,,,0
1/1/2004,21:23,-8.6347,1.6704,-8.1903,1,1,1,2,,,,,,,100.0,0.0,0.0,,,,0
1/1/2004,21:24,-8.8442,1.2774,-8.2796,1,1,1,2,,,,,,,100.0,0.0,0.0,,,,0
1/1/2004,21:25,-8.8442,0.80791,-8.1949,1,1,1,2,,,,,,,100.0,0.0,0.0,,,,0
1/1/2004,21:26,-8.8442,0.70965,-8.2522,1,1,1,2,,,,,,,100.0,0.0,0.0,,,,0
1/1/2004,21:27,-8.8442,0.22927,-8.4102,1,1,1,2,,,,,,,100.0,0.0,0.0,,,,0
1/1/2004,21:28,-8.8442,0.0,-8.4262,1,1,1,2,,,,,,,100.0,0.0,0.0,,,,0
1/1/2004,21:29,-8.937,0.0,-8.472,1,1,1,2,,,,,,,100.0,0.0,0.0,,,,0
1/1/2004,21:30,-9.0299,0.0,-8.5361,1,1,1,2,,,,,,,100.0,0.0,0.0,,,,0
1/1/2004,21:31,-9.0763,0.14193,-8.5819,1,1,1,2,,,,,,,100.0,0.0,0.0,,,,0
1/1/2004,21:32,-9.0763,0.73149,-8.6964,1,1,1,2,,,,,,,100.0,0.0,0.0,,,,0
1/1/2004,21:33,-8.9834,0.9826,-8.6964,1,1,1,2,,,,,,,100.0,0.0,0.0,,,,0
1/1/2004,21:34,-8.8442,0.65507,-8.4605,1,1,1,2,,,,,,,100.0,0.0,0.0,,,,0
1/1/2004,21:35,-8.8442,0.29478,-8.3254,1,1,1,2,,,,,,,100.0,0.0,0.0,,,,0
1/1/2004,21:36,-8.8442,0.06551,-8.4491,1,1,1,2,,,,,,,100.0,0.0,0.0,,,,0
1/1/2004,21:37,-8.8555,0.14193,-8.5178,1,1,1,2,,,,,,,100.0,0.0,0.0,,,,0
1/1/2004,21:38,-8.937,0.0,-8.5246,1,1,1,2,,,,,,,100.0,0.0,0.0,,,,0
1/1/2004,21:39,-9.0763,-0.16377,-8.63,1,1,1,2,,,,,,,100.0,0.0,0.0,,,,0
1/1/2004,21:40,-9.0763,-0.41487,-8.6208,1,1,1,2,,,,,,,100.0,0.0,0.0,,,,0
1/1/2004,21:41,-9.0763,-0.63323,-8.6414,1,1,1,2,,,,,,,100.0,0.0,0.0,,,,0
1/1/2004,21:42,-9.0425,-0.65507,-8.6346,1,1,1,2,,,,,,,100.0,0.0,0.0,,,,0
1/1/2004,21:43,-9.2042,-0.1201,-8.8338,1,1,1,2,,,,,,,100.0,0.0,0.0,,,,0
1/1/2004,21:44,-9.3097,0.56773,-8.9711,1,1,1,2,,,,,,,100.0,0.0,0.0,,,,0
1/1/2004,21:45,-9.3097,0.57865,-9.1246,1,1,1,2,,,,,,,100.0,0.0,0.0,,,,0
1/1/2004,21:46,-9.321,0.6114,-9.2047,1,1,1,2,,,,,,,100.0,0.0,0.0,,,,0
1/1/2004,21:47,-9.4953,0.13101,-9.1978,1,1,1,2,,,,,,,100.0,0.0,0.0,,,,0
1/1/2004,21:48,-9.7752,-0.1201,-9.2024,1,1,1,2,,,,,,,100.0,0.0,0.0,,,,0
1/1/2004,21:49,-9.7752,0.17468,-9.2596,1,1,1,2,,,,,,,100.0,0.0,0.0,,,,0
1/1/2004,21:50,-9.7752,0.52406,-9.2825,1,1,1,2,,,,,,,100.0,0.0,0.0,,,,0
1/1/2004,21:51,-9.7752,0.0,-9.2093,1,1,1,2,,,,,,,100.0,0.0,0.0,,,,0
1/1/2004,21:52,-9.5882,0.17469,-9.2207,1,1,1,2,,,,,,,100.0,0.0,0.0,,,,0
1/1/2004,21:53,-9.3913,0.01092,-9.1772,1,1,1,2,,,,,,,100.0,0.0,0.0,,,,0
1/1/2004,21:54,-9.3097,0.22927,-9.1154,1,1,1,2,,,,,,,100.0,0.0,0.0,,,,0
1/1/2004,21:55,-9.3322,0.22927,-9.0421,1,1,1,2,,,,,,,100.0,0.0,0.0,,,,0
1/1/2004,21:56,-9.3449,0.21836,-8.9482,1,1,1,2,,,,,,,100.0,0.0,0.0,,,,0
1/1/2004,21:57,-9.3097,0.05459,-8.8406,1,1,1,2,,,,,,,100.0,0.0,0.0,,,,0
1/1/2004,21:58,-9.3097,0.62232,-8.8635,1,1,1,2,,,,,,,100.0,0.0,0.0,,,,0
1/1/2004,21:59,-9.1705,0.65507,-8.875,1,1,1,2,,,,,,,100.0,0.0,0.0,,,,0
1/1/2004,22:00,-8.8906,0.1856,-8.5636,1,1,1,2,,,,,,,100.0,0.0,0.0,,,,0
1/1/2004,22:01,-8.6698,-0.09826,-8.172,1,1,1,2,,,,,,,100.0,0.0,0.0,,,,0
1/1/2004,22:02,-8.6108,0.36029,-8.0919,1,1,1,2,,,,,,,100.0,0.0,0.0,,,,0
1/1/2004,22:03,-8.6923,0.36029,-8.0598,1,1,1,2,,,,,,,100.0,0.0,0.0,,,,0
1/1/2004,22:04,-8.5883,0.06551,-7.8332,1,1,1,2,,,,,,,100.0,0.0,0.0,,,,0
1/1/2004,22:05,-8.3787,0.0,-7.6935,1,1,1,2,,,,,,,100.0,0.0,0.0,,,,0
1/1/2004,22:06,-8.0061,-0.34937,-7.7667,1,1,1,2,,,,,,,100.0,0.0,0.0,,,,0
1/1/2004,22:07,-7.8781,-0.65507,-7.8629,1,1,1,2,,,,,,,100.0,0.0,0.0,,,,0
1/1/2004,22:08,-7.6798,-0.54589,-7.8057,1,1,1,2,,,,,,,100.0,0.0,0.0,,,,0
1/1/2004,22:09,-7.6798,0.22928,-7.8812,1,1,1,2,,,,,,,100.0,0.0,0.0,,,,0
1/1/2004,22:10,-7.8893,0.65507,-8.0369,1,1,1,2,,,,,,,100.0,0.0,0.0,,,,0
1/1/2004,22:11,-7.9133,0.50222,-7.9224,1,1,1,2,,,,,,,100.0,0.0,0.0,,,,0
1/1/2004,22:12,-7.9245,0.06551,-7.8194,1,1,1,2,,,,,,,100.0,0.0,0.0,,,,0
1/1/2004,22:13,-7.8893,0.58956,-7.7874,1,1,1,2,,,,,,,100.0,0.0,0.0,,,,0
1/1/2004,22:14,-7.7037,0.80793,-7.7301,1,1,1,2,,,,,,,100.0,0.0,0.0,,,,0
1/1/2004,22:15,-7.9133,0.57865,-7.6958,1,1,1,2,,,,,,,100.0,0.0,0.0,,,,0
1/1/2004,22:16,-7.9133,0.51314,-7.6637,1,1,1,2,,,,,,,100.0,0.0,0.0,,,,0
1/1/2004,22:17,-8.0651,0.90619,-7.7072,1,1,1,2,,,,,,,100.0,0.0,0.0,,,,0
1/1/2004,22:18,-8.4603,1.3102,-7.9316,1,1,1,2,,,,,,,100.0,0.0,0.0,,,,0
1/1/2004,22:19,-8.705,1.4739,-8.0919,1,1,1,2,,,,,,,100.0,0.0,0.0,,,,0
1/1/2004,22:20,-8.8442,1.9652,-8.4147,1,1,1,2,,,,,,,100.0,0.0,0.0,,,,0
1/1/2004,22:21,-8.8442,1.6377,-8.6803,1,1,1,2,,,,,,,100.0,0.0,0.0,,,,0
1/1/2004,22:22,-8.8681,1.6268,-8.8498,1,1,1,2,,,,,,,100.0,0.0,0.0,,,,0
1/1/2004,22:23,-9.0763,1.3429,-9.0192,1,1,1,2,,,,,,,100.0,0.0,0.0,,,,0
1/1/2004,22:24,-9.0538,1.0918,-9.1635,1,1,1,2,,,,,,,100.0,0.0,0.0,,,,0
1/1/2004,22:25,-8.8681,0.67691,-9.0582,1,1,1,2,,,,,,,100.0,0.0,0.0,,,,0
1/1/2004,22:26,-8.8794,0.65508,-9.0719,1,1,1,2,,,,,,,100.0,0.0,0.0,,,,0
1/1/2004,22:27,-9.2745,0.65508,-9.239,1,1,1,2,,,,,,,100.0,0.0,0.0,,,,0
1/1/2004,22:28,-9.3097,0.65508,-9.2642,1,1,1,2,,,,,,,100.0,0.0,0.0,,,,0
1/1/2004,22:29,-9.3097,0.94986,-9.3444,1,1,1,2,,,,,,,100.0,0.0,0.0,,,,0
1/1/2004,22:30,-9.3097,0.77517,-9.4062,1,1,1,2,,,,,,,100.0,0.0,0.0,,,,0
1/1/2004,22:31,-9.3097,0.65508,-9.3581,1,1,1,2,,,,,,,100.0,0.0,0.0,,,,0
1/1/2004,22:32,-9.3097,0.39305,-9.207,1,1,1,2,,,,,,,100.0,0.0,0.0,,,,0
1/1/2004,22:33,-9.3097,0.0,-9.0902,1,1,1,2,,,,,,,100.0,0.0,0.0,,,,0
1/1/2004,22:34,-9.2745,-0.09826,-8.9002,1,1,1,2,,,,,,,100.0,0.0,0.0,,,,0
1/1/2004,22:35,-9.1353,-0.61141,-8.9574,1,1,1,2,,,,,,,100.0,0.0,0.0,,,,0
1/1/2004,22:36,-9.3097,-0.60049,-9.0146,1,1,1,2,,,,,,,100.0,0.0,0.0,,,,0
1/1/2004,22:37,-9.321,-0.02184,-9.1955,1,1,1,2,,,,,,,100.0,0.0,0.0,,,,0
1/1/2004,22:38,-9.6233,0.33846,-9.3467,1,1,1,2,,,,,,,100.0,0.0,0.0,,,,0
1/1/2004,22:39,-9.7752,0.21836,-9.4703,1,1,1,2,,,,,,,100.0,0.0,0.0,,,,0
1/1/2004,22:40,-9.7288,0.04367,-9.3902,1,1,1,2,,,,,,,100.0,0.0,0.0,,,,0
1/1/2004,22:41,-9.3913,-0.19652,-9.1612,1,1,1,2,,,,,,,100.0,0.0,0.0,,,,0
1/1/2004,22:42,-9.3097,-0.62233,-8.9208,1,1,1,2,,,,,,,100.0,0.0,0.0,,,,0
1/1/2004,22:43,-9.3097,-0.17469,-9.0788,1,1,1,2,,,,,,,100.0,0.0,0.0,,,,0
1/1/2004,22:44,-9.3097,0.64417,-9.2299,1,1,1,2,,,,,,,100.0,0.0,0.0,,,,0
1/1/2004,22:45,-9.3097,0.65508,-9.278,1,1,1,2,,,,,,,100.0,0.0,0.0,,,,0
1/1/2004,22:46,-9.3097,0.65508,-9.223,1,1,1,2,,,,,,,100.0,0.0,0.0,,,,0
1/1/2004,22:47,-9.3097,0.5459,-9.239,1,1,1,2,,,,,,,100.0,0.0,0.0,,,,0
1/1/2004,22:48,-9.3097,1.4084,-9.3947,1,1,1,2,,,,,,,100.0,0.0,0.0,,,,0
1/1/2004,22:49,-9.3097,2.1727,-9.3512,1,1,1,2,,,,,,,100.0,0.0,0.0,,,,0
1/1/2004,22:50,-9.3097,2.0963,-9.3077,1,1,1,2,,,,,,,100.0,0.0,0.0,,,,0
1/1/2004,22:51,-9.3097,1.6596,-9.2619,1,1,1,2,,,,,,,100.0,0.0,0.0,,,,0
1/1/2004,22:52,-9.4489,1.2774,-9.4543,1,1,1,2,,,,,,,100.0,0.0,0.0,,,,0
1/1/2004,22:53,-9.7513,1.0154,-9.5619,1,1,1,2,,,,,,,100.0,0.0,0.0,,,,0
1/1/2004,22:54,-9.7991,0.65509,-9.5779,1,1,1,2,,,,,,,100.0,0.0,0.0,,,,0
1/1/2004,22:55,-10.124,0.2402,-9.5688,7,1,1,2,,,,,,,100.0,0.0,0.0,,,,0
1/1/2004,22:56,-10.0199,0.39305,-9.5367,7,1,1,2,,,,,,,100.0,0.0,0.0,,,,0
1/1/2004,22:57,-10.2294,0.44764,-9.6878,7,1,1,2,,,,,,,100.0,0.0,0.0,,,,0
1/1/2004,22:58,-10.2407,0.18561,-9.7977,7,1,1,2,,,,,,,100.0,0.0,0.0,,,,0
1/1/2004,22:59,-10.1015,0.86253,-9.7176,7,1,1,2,,,,,,,100.0,0.0,0.0,,,,0
1/1/2004,23:00,-9.7639,1.0263,-9.5367,1,1,1,2,,,,,,,100.0,0.0,0.0,,,,0
1/1/2004,23:01,-9.74,1.1246,-9.5207,1,1,1,2,,,,,,,100.0,0.0,0.0,,,,0
1/1/2004,23:02,-9.8793,0.84069,-9.5504,1,1,1,2,,,,,,,100.0,0.0,0.0,,,,0
1/1/2004,23:03,-10.0775,0.61141,-9.6214,7,1,1,2,,,,,,,100.0,0.0,0.0,,,,0
1/1/2004,23:04,-10.2407,-0.17469,-9.7474,7,1,1,2,,,,,,,100.0,0.0,0.0,,,,0
1/1/2004,23:05,-10.2407,-0.74242,-9.6901,7,1,1,2,,,,,,,100.0,0.0,0.0,,,,0
1/1/2004,23:06,-10.2407,-0.58957,-9.6054,7,1,1,2,,,,,,,100.0,0.0,0.0,,,,0
1/1/2004,23:07,-10.2407,-0.51315,-9.7336,7,1,1,2,,,,,,,100.0,0.0,0.0,,,,0
1/1/2004,23:08,-10.439,-0.65508,-9.8756,7,1,1,2,,,,,,,100.0,0.0,0.0,,,,0
1/1/2004,23:09,-10.3222,-0.65508,-9.7794,7,1,1,2,,,,,,,100.0,0.0,0.0,,,,0
1/1/2004,23:10,-10.2407,-1.0372,-9.5619,7,1,1,2,,,,,,,100.0,0.0,0.0,,,,0
1/1/2004,23:11,-10.2407,-0.666,-9.555,7,1,1,2,,,,,,,100.0,0.0,0.0,,,,0
1/1/2004,23:12,-9.8919,-0.02184,-9.4176,1,1,1,2,,,,,,,100.0,0.0,0.0,,,,0
1/1/2004,23:13,-9.7752,-0.46948,-9.2871,1,1,1,2,,,,,,,100.0,0.0,0.0,,,,0
1/1/2004,23:14,-9.7639,-0.68784,-9.1681,1,1,1,2,,,,,,,100.0,0.0,0.0,,,,0
1/1/2004,23:15,-9.5544,-0.87344,-8.8864,1,1,1,2,,,,,,,100.0,0.0,0.0,,,,0
1/1/2004,23:16,-9.3674,-0.65508,-8.8383,1,1,1,2,,,,,,,100.0,0.0,0.0,,,,0
1/1/2004,23:17,-9.6472,-0.4258,-9.0055,1,1,1,2,,,,,,,100.0,0.0,0.0,,,,0
1/1/2004,23:18,-9.7752,0.0,-9.1955,1,1,1,2,,,,,,,100.0,0.0,0.0,,,,0
1/1/2004,23:19,-9.7991,-0.14193,-9.2184,1,1,1,2,,,,,,,100.0,0.0,0.0,,,,0
1/1/2004,23:20,-9.7752,-0.44764,-9.1726,1,1,1,2,,,,,,,100.0,0.0,0.0,,,,0
1/1/2004,23:21,-9.7752,-0.61141,-9.1383,1,1,1,2,,,,,,,100.0,0.0,0.0,,,,0
1/1/2004,23:22,-9.8103,-0.58958,-9.2024,1,1,1,2,,,,,,,100.0,0.0,0.0,,,,0
1/1/2004,23:23,-10.1704,-0.31663,-9.2436,7,1,1,2,,,,,,,100.0,0.0,0.0,,,,0
1/1/2004,23:24,-10.2407,-0.65509,-9.2093,7,1,1,2,,,,,,,100.0,0.0,0.0,,,,0
1/1/2004,23:25,-10.2407,-0.57866,-9.2116,7,1,1,2,,,,,,,100.0,0.0,0.0,,,,0
1/1/2004,23:26,-10.0888,-0.34938,-9.1497,7,1,1,2,,,,,,,100.0,0.0,0.0,,,,0
1/1/2004,23:27,-9.6121,-0.14194,-9.0833,1,1,1,2,,,,,,,100.0,0.0,0.0,,,,0
1/1/2004,23:28,-9.3561,-0.05459,-8.8933,1,1,1,2,,,,,,,100.0,0.0,0.0,,,,0
1/1/2004,23:29,-9.3674,-0.14194,-8.8589,1,1,1,2,,,,,,,100.0,0.0,0.0,,,,0
1/1/2004,23:30,-9.3097,-0.08734,-8.8818,1,1,1,2,,,,,,,100.0,0.0,0.0,,,,0
1/1/2004,23:31,-9.3097,-0.6005,-8.836,1,1,1,2,,,,,,,100.0,0.0,0.0,,,,0
1/1/2004,23:32,-9.3097,-0.65509,-8.7971,1,1,1,2,,,,,,,100.0,0.0,0.0,,,,0
1/1/2004,23:33,-9.3097,-0.34938,-8.8223,1,1,1,2,,,,,,,100.0,0.0,0.0,,,,0
1/1/2004,23:34,-9.3097,-0.20744,-8.8132,1,1,1,2,,,,,,,100.0,0.0,0.0,,,,0
1/1/2004,23:35,-9.2169,-0.42581,-8.6002,1,1,1,2,,,,,,,100.0,0.0,0.0,,,,0
1/1/2004,23:36,-8.9834,-0.65509,-8.5132,1,1,1,2,,,,,,,100.0,0.0,0.0,,,,0
1/1/2004,23:37,-8.8442,-0.64417,-8.5017,1,1,1,2,,,,,,,100.0,0.0,0.0,,,,0
1/1/2004,23:38,-8.9258,-0.58958,-8.4811,1,1,1,2,,,,,,,100.0,0.0,0.0,,,,0
1/1/2004,23:39,-9.0777,-0.06551,-8.5567,1,1,1,2,,,,,,,100.0,0.0,0.0,,,,0
1/1/2004,23:40,-8.9722,0.44764,-8.5842,1,1,1,2,,,,,,,100.0,0.0,0.0,,,,0
1/1/2004,23:41,-8.6923,0.06551,-8.4056,1,1,1,2,,,,,,,100.0,0.0,0.0,,,,0
1/1/2004,23:42,-8.3548,-0.27295,-8.259,1,1,1,2,,,,,,,100.0,0.0,0.0,,,,0
1/1/2004,23:43,-7.9709,-0.65509,-8.1331,1,1,1,2,,,,,,,100.0,0.0,0.0,,,,0
1/1/2004,23:44,-7.8429,-0.99355,-8.0575,1,1,1,2,,,,,,,100.0,0.0,0.0,,,,0
1/1/2004,23:45,-7.8893,-1.4303,-8.1194,1,1,1,2,,,,,,,100.0,0.0,0.0,,,,0
1/1/2004,23:46,-8.03,-1.7469,-8.3392,1,1,1,2,,,,,,,100.0,0.0,0.0,,,,0
1/1/2004,23:47,-7.9245,-1.9434,-8.33,1,1,1,2,,,,,,,100.0,0.0,0.0,,,,0
1/1/2004,23:48,-7.9133,-1.9653,-8.2957,1,1,1,2,,,,,,,100.0,0.0,0.0,,,,0
1/1/2004,23:49,-7.9245,-2.0089,-8.4331,1,1,1,2,,,,,,,100.0,0.0,0.0,,,,0
1/1/2004,23:50,-8.3548,-2.1836,-8.7353,1,1,1,2,,,,,,,100.0,0.0,0.0,,,,0
1/1/2004,23:51,-8.3787,-2.0744,-8.946,1,1,1,2,,,,,,,100.0,0.0,0.0,,,,0
1/1/2004,23:52,-8.3548,-1.4958,-8.7994,1,1,1,2,,,,,,,100.0,0.0,0.0,,,,0
1/1/2004,23:53,-7.9948,-1.0918,-8.5132,1,1,1,2,,,,,,,100.0,0.0,0.0,,,,0
1/1/2004,23:54,-8.0764,-1.2993,-8.472,1,1,1,2,,,,,,,100.0,0.0,0.0,,,,0
1/1/2004,23:55,-8.262,-1.4849,-8.4331,1,1,1,2,,,,,,,100.0,0.0,0.0,,,,0
1/1/2004,23:56,-8.1692,-1.5395,-8.3941,1,1,1,2,,,,,,,100.0,0.0,0.0,,,,0
1/1/2004,23:57,-8.2859,-1.6486,-8.2613,1,1,1,2,,,,,,,100.0,0.0,0.0,,,,0
1/1/2004,23:58,-8.2747,-1.5067,-8.1217,1,1,1,2,,,,,,,100.0,0.0,0.0,,,,0
1/1/2004,23:59,-7.9948,-1.4194,-8.0575,1,1,1,2,,,,,,,100.0,0.0,0.0,,,,0
1/2/2004,0:00,-7.9133,-0.91712,-7.9225,1,1,1,2,,,,,,,100.0,0.0,0.0,,,,0
1/2/2004,0:01,-7.9133,-0.25112,-7.9041,1,1,1,2,,,,,,,100.0,0.0,0.0,,,,0
1/2/2004,0:02,-8.0187,0.07643,-8.0621,1,1,1,2,,,,,,,100.0,0.0,0.0,,,,0
1/2/2004,0:03,-8.3787,0.27296,-8.1446,1,1,1,2,,,,,,,100.0,0.0,0.0,,,,0
1/2/2004,0:04,-8.3787,0.28387,-8.117,1,1,1,2,,,,,,,100.0,0.0,0.0,,,,0
1/2/2004,0:05,-8.3787,0.0,-8.0002,1,1,1,2,,,,,,,100.0,0.0,0.0,,,,0
1/2/2004,0:06,-8.3787,-0.02184,-7.9979,1,1,1,2,,,,,,,100.0,0.0,0.0,,,,0
1/2/2004,0:07,-8.3787,-0.22928,-8.078,1,1,1,2,,,,,,,100.0,0.0,0.0,,,,0
1/2/2004,0:08,-8.3787,0.01092,-8.0551,1,1,1,2,,,,,,,100.0,0.0,0.0,,,,0
1/2/2004,0:09,-8.134,0.49133,-7.8674,1,1,1,2,,,,,,,100.0,0.0,0.0,,,,0
1/2/2004,0:10,-7.9133,0.6551,-7.7025,1,1,1,2,,,,,,,100.0,0.0,0.0,,,,0
1/2/2004,0:11,-7.7164,0.63327,-7.627,1,1,1,2,,,,,,,100.0,0.0,0.0,,,,0
1/2/2004,0:12,-7.8556,0.6551,-7.6385,1,1,1,2,,,,,,,100.0,0.0,0.0,,,,0
1/2/2004,0:13,-7.902,0.65511,-7.6865,1,1,1,2,,,,,,,100.0,0.0,0.0,,,,0
1/2/2004,0:14,-7.9245,0.73154,-7.7049,1,1,1,2,,,,,,,100.0,0.0,0.0,,,,0
1/2/2004,0:15,-7.9597,0.65511,-7.7323,1,1,1,2,,,,,,,100.0,0.0,0.0,,,,0
1/2/2004,0:16,-7.9259,0.72062,-7.7667,1,1,1,2,,,,,,,100.0,0.0,0.0,,,,0
1/2/2004,0:17,-8.2395,1.1574,-7.8697,1,1,1,2,,,,,,,100.0,0.0,0.0,,,,0
1/2/2004,0:18,-8.3787,1.3102,-7.9018,1,1,1,2,,,,,,,100.0,0.0,0.0,,,,0
1/2/2004,0:19,-8.3787,1.1028,-7.9087,1,1,1,2,,,,,,,100.0,0.0,0.0,,,,0
1/2/2004,0:20,-8.3787,0.99358,-7.9178,1,1,1,2,,,,,,,100.0,0.0,0.0,,,,0
1/2/2004,0:21,-8.3787,0.66602,-7.8606,1,1,1,2,,,,,,,100.0,0.0,0.0,,,,0
1/2/2004,0:22,-8.3787,0.99358,-7.8698,1,1,1,2,,,,,,,100.0,0.0,0.0,,,,0
1/2/2004,0:23,-8.3787,1.2993,-7.8514,1,1,1,2,,,,,,,100.0,0.0,0.0,,,,0
1/2/2004,0:24,-8.3787,1.3102,-7.8308,1,1,1,2,,,,,,,100.0,0.0,0.0,,,,0
1/2/2004,0:25,-8.2747,1.3102,-7.8308,1,1,1,2,,,,,,,100.0,0.0,0.0,,,,0
1/2/2004,0:26,-8.2972,1.3102,-7.8011,1,1,1,2,,,,,,,100.0,0.0,0.0,,,,0
1/2/2004,0:27,-8.3787,1.1683,-7.8034,1,1,1,2,,,,,,,100.0,0.0,0.0,,,,0
1/2/2004,0:28,-8.3787,1.0263,-7.7828,1,1,1,2,,,,,,,100.0,0.0,0.0,,,,0
1/2/2004,0:29,-8.3787,0.65511,-7.7942,1,1,1,2,,,,,,,100.0,0.0,0.0,,,,0
1/2/2004,0:30,-8.4251,0.65511,-7.8652,1,1,1,2,,,,,,,100.0,0.0,0.0,,,,0
1/2/2004,0:31,-8.3787,0.65511,-7.9132,1,1,1,2,,,,,,,100.0,0.0,0.0,,,,0
1/2/2004,0:32,-8.3787,0.65511,-7.9063,1,1,1,2,,,,,,,100.0,0.0,0.0,,,,0
1/2/2004,0:33,-8.3914,0.65511,-7.9361,1,1,1,2,,,,,,,100.0,0.0,0.0,,,,0
1/2/2004,0:34,-8.4378,0.63327,-7.9155,1,1,1,2,,,,,,,100.0,0.0,0.0,,,,0
1/2/2004,0:35,-8.4139,0.65511,-7.9155,1,1,1,2,,,,,,,100.0,0.0,0.0,,,,0
1/2/2004,0:36,-8.3787,0.4695,-7.8559,1,1,1,2,,,,,,,100.0,0.0,0.0,,,,0
1/2/2004,0:37,-8.3787,0.33847,-7.8055,1,1,1,2,,,,,,,100.0,0.0,0.0,,,,0
1/2/2004,0:38,-8.4026,0.42582,-7.8994,1,1,1,2,,,,,,,100.0,0.0,0.0,,,,0
1/2/2004,0:39,-8.5883,0.4149,-8.0574,1,1,1,2,,,,,,,100.0,0.0,0.0,,,,0
1/2/2004,0:40,-8.6122,0.55685,-8.0918,1,1,1,2,,,,,,,100.0,0.0,0.0,,,,0
1/2/2004,0:41,-8.6122,0.65511,-8.1124,1,1,1,2,,,,,,,100.0,0.0,0.0,,,,0
1/2/2004,0:42,-8.6122,0.90624,-8.1353,1,1,1,2,,,,,,,100.0,0.0,0.0,,,,0
1/2/2004,0:43,-8.6122,1.0045,-8.0826,1,1,1,2,,,,,,,100.0,0.0,0.0,,,,0
1/2/2004,0:44,-8.6009,0.65511,-7.9567,1,1,1,2,,,,,,,100.0,0.0,0.0,,,,0
1/2/2004,0:45,-8.5067,0.79705,-7.9934,1,1,1,2,,,,,,,100.0,0.0,0.0,,,,0
1/2/2004,0:46,-8.5194,1.0591,-8.0117,1,1,1,2,,,,,,,100.0,0.0,0.0,,,,0
1/2/2004,0:47,-8.4378,0.78614,-7.943,1,1,1,2,,,,,,,100.0,0.0,0.0,,,,0
1/2/2004,0:48,-8.3787,1.07,-8.0163,1,1,1,2,,,,,,,100.0,0.0,0.0,,,,0
1/2/2004,0:49,-8.3787,0.7643,-7.9613,1,1,1,2,,,,,,,100.0,0.0,0.0,,,,0
1/2/2004,0:50,-8.3787,0.65511,-7.8308,1,1,1,2,,,,,,,100.0,0.0,0.0,,,,0
1/2/2004,0:51,-8.3787,0.65511,-7.6957,1,1,1,2,,,,,,,100.0,0.0,0.0,,,,0
1/2/2004,0:52,-8.3787,0.65511,-7.7736,1,1,1,2,,,,,,,100.0,0.0,0.0,,,,0
1/2/2004,0:53,-8.2156,0.65511,-7.911,1,1,1,2,,,,,,,100.0,0.0,0.0,,,,0
1/2/2004,0:54,-8.2395,0.65511,-7.8698,1,1,1,2,,,,,,,100.0,0.0,0.0,,,,0
1/2/2004,0:55,-8.3787,0.65511,-7.7232,1,1,1,2,,,,,,,100.0,0.0,0.0,,,,0
1/2/2004,0:56,-8.3675,0.65511,-7.6477,1,1,1,2,,,,,,,100.0,0.0,0.0,,,,0
1/2/2004,0:57,-8.3098,0.60052,-7.6614,1,1,1,2,,,,,,,100.0,0.0,0.0,,,,0
1/2/2004,0:58,-8.3787,0.2948,-7.6339,1,1,1,2,,,,,,,100.0,0.0,0.0,,,,0
1/2/2004,0:59,-8.3787,0.01092,-7.5675,1,1,1,2,,,,,,,100.0,0.0,0.0,,,,0
1/2/2004,1:00,-8.3787,0.10919,-7.6545,1,1,1,2,,,,,,,100.0,0.0,0.0,,,,0
1/2/2004,1:01,-8.3787,0.1747,-7.7072,1,1,1,2,,,,,,,100.0,0.0,0.0,,,,0
1/2/2004,1:02,-8.3787,0.4695,-7.8331,1,1,1,2,,,,,,,100.0,0.0,0.0,,,,0
1/2/2004,1:03,-8.3787,0.61144,-7.9269,1,1,1,2,,,,,,,100.0,0.0,0.0,,,,0
1/2/2004,1:04,-8.3787,0.65511,-8.0666,1,1,1,2,,,,,,,100.0,0.0,0.0,,,,0
1/2/2004,1:05,-8.4491,0.4695,-7.9567,1,1,1,2,,,,,,,100.0,0.0,0.0,,,,0
1/2/2004,1:06,-8.4955,0.55685,-7.9178,1,1,1,2,,,,,,,100.0,0.0,0.0,,,,0
1/2/2004,1:07,-8.5306,0.65511,-7.959,1,1,1,2,,,,,,,100.0,0.0,0.0,,,,0
1/2/2004,1:08,-8.5306,0.43674,-7.9224,1,1,1,2,,,,,,,100.0,0.0,0.0,,,,0
1/2/2004,1:09,-8.4842,0.49134,-8.0071,1,1,1,2,,,,,,,100.0,0.0,0.0,,,,0
1/2/2004,1:10,-8.3787,0.53501,-8.0598,1,1,1,2,,,,,,,100.0,0.0,0.0,,,,0
1/2/2004,1:11,-8.3787,0.65511,-8.0827,1,1,1,2,,,,,,,100.0,0.0,0.0,,,,0
1/2/2004,1:12,-8.3787,0.65511,-8.0964,1,1,1,2,,,,,,,100.0,0.0,0.0,,,,0
1/2/2004,1:13,-8.3787,0.65511,-8.0757,1,1,1,2,,,,,,,100.0,0.0,0.0,,,,0
1/2/2004,1:14,-8.4378,0.65511,-8.0368,1,1,1,2,,,,,,,100.0,0.0,0.0,,,,0
1/2/2004,1:15,-8.5531,1.0045,-7.9659,1,1,1,2,,,,,,,100.0,0.0,0.0,,,,0
1/2/2004,1:16,-8.4603,1.0919,-7.8903,1,1,1,2,,,,,,,100.0,0.0,0.0,,,,0
1/2/2004,1:17,-8.3787,1.3648,-7.8308,1,1,1,2,,,,,,,100.0,0.0,0.0,,,,0
1/2/2004,1:18,-8.1931,1.9544,-7.611,1,1,1,2,,,,,,,100.0,0.0,0.0,,,,0
1/2/2004,1:19,-7.9133,1.8234,-7.3591,1,1,1,2,,,,,,,100.0,0.0,0.0,,,,0
1/2/2004,1:20,-7.9133,1.4085,-7.3156,1,1,1,2,,,,,,,100.0,0.0,0.0,,,,0
1/2/2004,1:21,-8.2044,1.1355,-7.3866,1,1,1,2,,,,,,,100.0,0.0,0.0,,,,0
1/2/2004,1:22,-8.3787,0.84073,-7.4347,1,1,1,2,,,,,,,100.0,0.0,0.0,,,,0
1/2/2004,1:23,-8.2156,0.7643,-7.4942,1,1,1,2,,,,,,,100.0,0.0,0.0,,,,0
1/2/2004,1:24,-8.0187,1.0809,-7.54,1,1,1,2,,,,,,,100.0,0.0,0.0,,,,0
1/2/2004,1:25,-8.3562,0.62236,-7.5515,1,1,1,2,,,,,,,100.0,0.0,0.0,,,,0
1/2/2004,1:26,-8.3787,0.04367,-7.5629,1,1,1,2,,,,,,,100.0,0.0,0.0,,,,0
1/2/2004,1:27,-8.3787,0.4695,-7.5767,1,1,1,2,,,,,,,100.0,0.0,0.0,,,,0
1/2/2004,1:28,-8.3436,1.3867,-7.5469,1,1,1,2,,,,,,,100.0,0.0,0.0,,,,0
1/2/2004,1:29,-8.3787,1.1683,-7.5538,1,1,1,2,,,,,,,100.0,0.0,0.0,,,,0
1/2/2004,1:30,-8.3787,0.82981,-7.5813,1,1,1,2,,,,,,,100.0,0.0,0.0,,,,0
1/2/2004,1:31,-8.3098,1.4303,-7.6225,1,1,1,2,,,,,,,100.0,0.0,0.0,,,,0
1/2/2004,1:32,-8.1579,1.5832,-7.5904,1,1,1,2,,,,,,,100.0,0.0,0.0,,,,0
1/2/2004,1:33,-8.2634,1.3321,-7.6178,1,1,1,2,,,,,,,100.0,0.0,0.0,,,,0
1/2/2004,1:34,-8.3787,1.2666,-7.6911,1,1,1,2,,,,,,,100.0,0.0,0.0,,,,0
1/2/2004,1:35,-8.3787,1.0373,-7.6933,1,1,1,2,,,,,,,100.0,0.0,0.0,,,,0
1/2/2004,1:36,-8.3675,0.65511,-7.6521,1,1,1,2,,,,,,,100.0,0.0,0.0,,,,0
1/2/2004,1:37,-8.1819,0.41491,-7.6751,1,1,1,2,,,,,,,100.0,0.0,0.0,,,,0
1/2/2004,1:38,-8.3675,0.02184,-7.7804,1,1,1,2,,,,,,,100.0,0.0,0.0,,,,0
1/2/2004,1:39,-8.3787,0.0,-7.9842,1,1,1,2,,,,,,,100.0,0.0,0.0,,,,0
1/2/2004,1:40,-8.3787,-0.22929,-7.9269,1,1,1,2,,,,,,,100.0,0.0,0.0,,,,0
1/2/2004,1:41,-8.3787,-0.60052,-7.9109,1,1,1,2,,,,,,,100.0,0.0,0.0,,,,0
1/2/2004,1:42,-8.3787,-0.26205,-7.8651,1,1,1,2,,,,,,,100.0,0.0,0.0,,,,0
1/2/2004,1:43,-8.3787,0.03276,-7.7965,1,1,1,2,,,,,,,100.0,0.0,0.0,,,,0
1/2/2004,1:44,-8.3787,0.60052,-7.7301,1,1,1,2,,,,,,,100.0,0.0,0.0,,,,0
1/2/2004,1:45,-8.3787,0.65511,-7.6957,1,1,1,2,,,,,,,100.0,0.0,0.0,,,,0
1/2/2004,1:46,-8.3787,0.4695,-7.6545,1,1,1,2,,,,,,,100.0,0.0,0.0,,,,0
1/2/2004,1:47,-8.3436,-0.07643,-7.5629,1,1,1,2,,,,,,,100.0,0.0,0.0,,,,0
1/2/2004,1:48,-8.3675,-0.21837,-7.5515,1,1,1,2,,,,,,,100.0,0.0,0.0,,,,0
1/2/2004,1:49,-8.2508,-0.56777,-7.4027,1,1,1,2,,,,,,,100.0,0.0,0.0,,,,0
1/2/2004,1:50,-7.9484,-0.65511,-7.3683,1,1,1,2,,,,,,,100.0,0.0,0.0,,,,0
1/2/2004,1:51,-7.9259,-0.65511,-7.4255,1,1,1,2,,,,,,,100.0,0.0,0.0,,,,0
1/2/2004,1:52,-8.0651,-0.65511,-7.5331,1,1,1,2,,,,,,,100.0,0.0,0.0,,,,0
1/2/2004,1:53,-8.1003,-0.66603,-7.5514,1,1,1,2,,,,,,,100.0,0.0,0.0,,,,0
1/2/2004,1:54,-7.9259,-0.65511,-7.5286,1,1,1,2,,,,,,,100.0,0.0,0.0,,,,0
1/2/2004,1:55,-7.9133,-0.65511,-7.4393,1,1,1,2,,,,,,,100.0,0.0,0.0,,,,0
1/2/2004,1:56,-7.9133,-0.65511,-7.3271,1,1,1,2,,,,,,,100.0,0.0,0.0,,,,0
1/2/2004,1:57,-7.7037,-0.65511,-7.2721,1,1,1,2,,,,,,,100.0,0.0,0.0,,,,0
1/2/2004,1:58,-7.6812,-0.65511,-7.2698,1,1,1,2,,,,,,,100.0,0.0,0.0,,,,0
1/2/2004,1:59,-7.5181,-0.38215,-7.2034,1,1,1,2,,,,,,,100.0,0.0,0.0,,,,0
1/2/2004,2:00,-7.4829,-0.48042,-7.1073,1,1,1,2,,,,,,,100.0,0.0,0.0,,,,0
1/2/2004,2:01,-7.5532,-0.28388,-7.1348,1,1,1,2,,,,,,,100.0,0.0,0.0,,,,0
1/2/2004,2:02,-7.6812,0.16378,-7.3156,1,1,1,2,,,,,,,100.0,0.0,0.0,,,,0
1/2/2004,2:03,-7.6812,0.31664,-7.3729,1,1,1,2,,,,,,,100.0,0.0,0.0,,,,0
1/2/2004,2:04,-7.6573,0.32756,-7.3729,1,1,1,2,,,,,,,100.0,0.0,0.0,,,,0
1/2/2004,2:05,-7.4717,0.19653,-7.3592,1,1,1,2,,,,,,,100.0,0.0,0.0,,,,0
1/2/2004,2:06,-7.4604,-0.03276,-7.3729,1,1,1,2,,,,,,,100.0,0.0,0.0,,,,0
1/2/2004,2:07,-7.4478,-0.13102,-7.3569,1,1,1,2,,,,,,,100.0,0.0,0.0,,,,0
1/2/2004,2:08,-7.4478,0.0,-7.2653,1,1,1,2,,,,,,,100.0,0.0,0.0,,,,0
1/2/2004,2:09,-7.4478,0.06551,-7.3042,1,1,1,2,,,,,,,100.0,0.0,0.0,,,,0
1/2/2004,2:10,-7.4478,0.0,-7.3363,1,1,1,2,,,,,,,100.0,0.0,0.0,,,,0
1/2/2004,2:11,-7.4478,0.10919,-7.3821,1,1,1,2,,,,,,,100.0,0.0,0.0,,,,0
1/2/2004,2:12,-7.2973,0.63328,-7.4095,1,1,1,2,,,,,,,100.0,0.0,0.0,,,,0
1/2/2004,2:13,-7.3549,0.77522,-7.2287,1,1,1,2,,,,,,,100.0,0.0,0.0,,,,0
1/2/2004,2:14,-7.4478,0.70971,-7.1141,1,1,1,2,,,,,,,100.0,0.0,0.0,,,,0
1/2/2004,2:15,-7.4253,0.74246,-7.1645,1,1,1,2,,,,,,,100.0,0.0,0.0,,,,0
1/2/2004,2:16,-7.4478,0.97175,-7.2286,1,1,1,2,,,,,,,100.0,0.0,0.0,,,,0
1/2/2004,2:17,-7.4478,1.3211,-7.2675,1,1,1,2,,,,,,,100.0,0.0,0.0,,,,0
1/2/2004,2:18,-7.4478,1.2556,-7.2607,1,1,1,2,,,,,,,100.0,0.0,0.0,,,,0
1/2/2004,2:19,-7.4478,0.82981,-7.2378,1,1,1,2,,,,,,,100.0,0.0,0.0,,,,0
1/2/2004,2:20,-7.4478,0.41491,-7.3156,1,1,1,2,,,,,,,100.0,0.0,0.0,,,,0
1/2/2004,2:21,-7.5181,-0.09827,-7.4645,1,1,1,2,,,,,,,100.0,0.0,0.0,,,,0
1/2/2004,2:22,-7.6812,-0.51317,-7.6476,1,1,1,2,,,,,,,100.0,0.0,0.0,,,,0
1/2/2004,2:23,-7.5293,-0.25113,-7.6591,1,1,1,2,,,,,,,100.0,0.0,0.0,,,,0
1/2/2004,2:24,-7.3437,-0.31664,-7.5606,1,1,1,2,,,,,,,100.0,0.0,0.0,,,,0
1/2/2004,2:25,-7.2157,-0.63328,-7.4874,1,1,1,2,,,,,,,100.0,0.0,0.0,,,,0
1/2/2004,2:26,-7.2031,-0.65511,-7.5881,1,1,1,2,,,,,,,100.0,0.0,0.0,,,,0
1/2/2004,2:27,-7.2157,-0.65511,-7.6843,1,1,1,2,,,,,,,100.0,0.0,0.0,,,,0
1/2/2004,2:28,-7.3198,-0.65511,-7.6935,1,1,1,2,,,,,,,100.0,0.0,0.0,,,,0
1/2/2004,2:29,-7.4126,-0.65511,-7.7393,1,1,1,2,,,,,,,100.0,0.0,0.0,,,,0
1/2/2004,2:30,-7.774,-0.80797,-7.9522,1,1,1,2,,,,,,,100.0,0.0,0.0,,,,0
1/2/2004,2:31,-7.9133,-0.73154,-8.0736,1,1,1,2,,,,,,,100.0,0.0,0.0,,,,0
1/2/2004,2:32,-7.7037,-0.48042,-7.9408,1,1,1,2,,,,,,,100.0,0.0,0.0,,,,0
1/2/2004,2:33,-7.3789,-0.14194,-7.6797,1,1,1,2,,,,,,,100.0,0.0,0.0,,,,0
1/2/2004,2:34,-7.1103,-0.03276,-7.5103,1,1,1,2,,,,,,,100.0,0.0,0.0,,,,0
1/2/2004,2:35,-6.9823,0.0,-7.3477,1,1,1,2,,,,,,,100.0,0.0,0.0,,,,0
1/2/2004,2:36,-6.8543,0.09827,-7.121,1,1,1,2,,,,,,,100.0,0.0,0.0,,,,0
1/2/2004,2:37,-6.7502,0.48042,-7.0111,1,1,1,2,,,,,,,100.0,0.0,0.0,,,,0
1/2/2004,2:38,-6.7502,0.65511,-6.9218,1,1,1,2,,,,,,,100.0,0.0,0.0,,,,0
1/2/2004,2:39,-6.6096,0.65511,-6.8417,1,1,1,2,,,,,,,100.0,0.0,0.0,,,,0
1/2/2004,2:40,-6.5168,0.49134,-6.6539,1,1,1,2,,,,,,,100.0,0.0,0.0,,,,0
1/2/2004,2:41,-6.5168,0.27296,-6.6036,1,1,1,2,,,,,,,100.0,0.0,0.0,,,,0
1/2/2004,2:42,-6.5168,1.4849,-6.5166,1,1,1,2,,,,,,,100.0,0.0,0.0,,,,0
1/2/2004,2:43,-6.5168,2.5004,-6.4685,1,1,1,2,,,,,,,100.0,0.0,0.0,,,,0
1/2/2004,2:44,-6.5168,1.8234,-6.5005,1,1,1,2,,,,,,,100.0,0.0,0.0,,,,0
1/2/2004,2:45,-6.5168,1.6705,-6.5692,1,1,1,2,,,,,,,100.0,0.0,0.0,,,,0
1/2/2004,2:46,-6.5168,1.5504,-6.6059,1,1,1,2,,,,,,,100.0,0.0,0.0,,,,0
1/2/2004,2:47,-6.5168,1.1901,-6.6471,1,1,1,2,,,,,,,100.0,0.0,0.0,,,,0
1/2/2004,2:48,-6.5168,0.72063,-6.8096,1,1,1,2,,,,,,,100.0,0.0,0.0,,,,0
1/2/2004,2:49,-6.5168,0.5896,-6.8967,1,1,1,2,,,,,,,100.0,0.0,0.0,,,,0
1/2/2004,2:50,-6.5168,0.30572,-6.8829,1,1,1,2,,,,,,,100.0,0.0,0.0,,,,0
1/2/2004,2:51,-6.5168,0.19653,-6.8715,1,1,1,2,,,,,,,100.0,0.0,0.0,,,,0
1/2/2004,2:52,-6.5295,-0.15286,-7.089,1,1,1,2,,,,,,,100.0,0.0,0.0,,,,0
1/2/2004,2:53,-6.8191,-0.25113,-7.3844,1,1,1,2,,,,,,,100.0,0.0,0.0,,,,0
1/2/2004,2:54,-6.9823,-0.01092,-7.4004,1,1,1,2,,,,,,,100.0,0.0,0.0,,,,0
1/2/2004,2:55,-6.9598,0.0,-7.2767,1,1,1,2,,,,,,,100.0,0.0,0.0,,,,0
1/2/2004,2:56,-6.7263,0.0,-7.0867,1,1,1,2,,,,,,,100.0,0.0,0.0,,,,0
1/2/2004,2:57,-6.5168,0.0,-6.9768,1,1,1,2,,,,,,,100.0,0.0,0.0,,,,0
1/2/2004,2:58,-6.5168,0.14194,-6.8783,1,1,1,2,,,,,,,100.0,0.0,0.0,,,,0
1/2/2004,2:59,-6.6574,0.21837,-6.9745,1,1,1,2,,,,,,,100.0,0.0,0.0,,,,0
1/2/2004,3:00,-7.1342,-0.61144,-7.5561,1,1,1,2,,,,,,,100.0,0.0,0.0,,,,0
1/2/2004,3:01,-7.4365,-0.70971,-7.8698,1,1,1,2,,,,,,,100.0,0.0,0.0,,,,0
1/2/2004,3:02,-7.1567,-0.44766,-7.7553,1,1,1,2,,,,,,,100.0,0.0,0.0,,,,0
1/2/2004,3:03,-7.0751,-0.26205,-7.7782,1,1,1,2,,,,,,,100.0,0.0,0.0,,,,0
1/2/2004,3:04,-7.2157,-0.30572,-7.9774,1,1,1,2,,,,,,,100.0,0.0,0.0,,,,0
1/2/2004,3:05,-6.9598,1.1464,-7.5286,1,1,1,2,,,,,,,100.0,0.0,0.0,,,,0
1/2/2004,3:06,-6.6223,1.5286,-7.1142,1,1,1,2,,,,,,,100.0,0.0,0.0,,,,0
1/2/2004,3:07,-6.5168,1.5068,-6.9356,1,1,1,2,,,,,,,100.0,0.0,0.0,,,,0
1/2/2004,3:08,-6.3537,1.7251,-6.6196,1,1,1,2,,,,,,,100.0,0.0,0.0,,,,0
1/2/2004,3:09,-6.2608,2.2711,-6.4845,1,1,1,2,,,,,,,100.0,0.0,0.0,,,,0
1/2/2004,3:10,-6.2144,2.675,-6.3151,1,1,1,2,,,,,,,100.0,0.0,0.0,,,,0
1/2/2004,3:11,-6.4704,0.15286,-6.6768,1,1,1,2,,,,,,,100.0,0.0,0.0,,,,0
1/2/2004,3:12,-6.7151,-1.2775,-7.002,1,1,1,2,,,,,,,100.0,0.0,0.0,,,,0
1/2/2004,3:13,-6.8191,-0.87349,-7.0089,1,1,1,2,,,,,,,100.0,0.0,0.0,,,,0
1/2/2004,3:14,-6.8191,-0.1747,-6.8967,1,1,1,2,,,,,,,100.0,0.0,0.0,,,,0
1/2/2004,3:15,-6.7151,0.21837,-6.8531,1,1,1,2,,,,,,,100.0,0.0,0.0,,,,0
1/2/2004,3:16,-6.9246,0.06551,-6.9264,1,1,1,2,,,,,,,100.0,0.0,0.0,,,,0
1/2/2004,3:17,-7.2157,-0.7643,-7.4737,1,1,1,2,,,,,,,100.0,0.0,0.0,,,,0
1/2/2004,3:18,-7.8907,-1.7361,-8.3415,1,1,1,2,,,,,,,100.0,0.0,0.0,,,,0
1/2/2004,3:19,-8.3675,-1.9653,-9.0398,1,1,1,2,,,,,,,100.0,0.0,0.0,,,,0
1/2/2004,3:20,-8.3787,-1.9435,-9.1887,1,1,1,2,,,,,,,100.0,0.0,0.0,,,,0
1/2/2004,3:21,-8.3436,-1.2993,-8.7994,1,1,1,2,,,,,,,100.0,0.0,0.0,,,,0
1/2/2004,3:22,-7.9133,-0.55685,-8.2499,1,1,1,2,,,,,,,100.0,0.0,0.0,,,,0
1/2/2004,3:23,-7.7979,0.2948,-7.856,1,1,1,2,,,,,,,100.0,0.0,0.0,,,,0
1/2/2004,3:24,-7.6221,0.65511,-7.6179,1,1,1,2,,,,,,,100.0,0.0,0.0,,,,0
1/2/2004,3:25,-7.5181,0.65511,-7.556,1,1,1,2,,,,,,,100.0,0.0,0.0,,,,0
1/2/2004,3:26,-7.4604,1.0591,-7.5583,1,1,1,2,,,,,,,100.0,0.0,0.0,,,,0
1/2/2004,3:27,-7.4478,1.0919,-7.5606,1,1,1,2,,,,,,,100.0,0.0,0.0,,,,0
1/2/2004,3:28,-7.4478,1.1901,-7.556,1,1,1,2,,,,,,,100.0,0.0,0.0,,,,0
1/2/2004,3:29,-7.4829,1.7906,-7.6476,1,1,1,2,,,,,,,100.0,0.0,0.0,,,,0
1/2/2004,3:30,-7.7389,1.8234,-7.6934,1,1,1,2,,,,,,,100.0,0.0,0.0,,,,0
1/2/2004,3:31,-7.9133,1.5941,-7.698,1,1,1,2,,,,,,,100.0,0.0,0.0,,,,0
1/2/2004,3:32,-8.1003,1.2993,-7.8079,1,1,1,2,,,,,,,100.0,0.0,0.0,,,,0
1/2/2004,3:33,-8.3787,0.54593,-7.9613,1,1,1,2,,,,,,,100.0,0.0,0.0,,,,0
1/2/2004,3:34,-8.3914,-0.30572,-8.101,1,1,1,2,,,,,,,100.0,0.0,0.0,,,,0
1/2/2004,3:35,-8.3787,-0.65511,-8.0415,1,1,1,2,,,,,,,100.0,0.0,0.0,,,,0
1/2/2004,3:36,-8.3787,-0.78614,-7.9201,1,1,1,2,,,,,,,100.0,0.0,0.0,,,,0
1/2/2004,3:37,-8.3787,-1.0919,-7.9018,1,1,1,2,,,,,,,100.0,0.0,0.0,,,,0
1/2/2004,3:38,-8.3787,-0.82981,-7.7873,1,1,1,2,,,,,,,100.0,0.0,0.0,,,,0
1/2/2004,3:39,-8.1003,-0.57868,-7.698,1,1,1,2,,,,,,,100.0,0.0,0.0,,,,0
1/2/2004,3:40,-7.9133,-0.21837,-7.7141,1,1,1,2,,,,,,,100.0,0.0,0.0,,,,0
1/2/2004,3:41,-7.9133,-0.32756,-7.7347,1,1,1,2,,,,,,,100.0,0.0,0.0,,,,0
1/2/2004,3:42,-7.9133,-0.56777,-7.7576,1,1,1,2,,,,,,,100.0,0.0,0.0,,,,0
1/2/2004,3:43,-7.8317,-0.65511,-7.84,1,1,1,2,,,,,,,100.0,0.0,0.0,,,,0
1/2/2004,3:44,-7.5293,0.0,-7.8904,1,1,1,2,,,,,,,100.0,0.0,0.0,,,,0
1/2/2004,3:45,-7.4604,0.65511,-7.7965,1,1,1,2,,,,,,,100.0,0.0,0.0,,,,0
1/2/2004,3:46,-7.6573,0.65511,-7.7209,1,1,1,2,,,,,,,100.0,0.0,0.0,,,,0
1/2/2004,3:47,-7.6812,0.84073,-7.6958,1,1,1,2,,,,,,,100.0,0.0,0.0,,,,0
1/2/2004,3:48,-7.6812,1.1683,-7.7599,1,1,1,2,,,,,,,100.0,0.0,0.0,,,,0
1/2/2004,3:49,-7.6686,1.5395,-7.9202,1,1,1,2,,,,,,,100.0,0.0,0.0,,,,0
1/2/2004,3:50,-7.4829,1.8889,-8.0667,1,1,1,2,,,,,,,100.0,0.0,0.0,,,,0
1/2/2004,3:51,-7.4478,1.9653,-8.1377,1,1,1,2,,,,,,,100.0,0.0,0.0,,,,0
1/2/2004,3:52,-7.4717,2.009,-8.2705,1,1,1,2,,,,,,,100.0,0.0,0.0,,,,0
1/2/2004,3:53,-7.4478,2.9589,-8.1903,1,1,1,2,,,,,,,100.0,0.0,0.0,,,,0
1/2/2004,3:54,-7.4478,2.8825,-8.0942,1,1,1,2,,,,,,,100.0,0.0,0.0,,,,0
1/2/2004,3:55,-7.4478,2.2711,-8.0369,1,1,1,2,,,,,,,100.0,0.0,0.0,,,,0
1/2/2004,3:56,-7.3901,2.1728,-7.9499,1,1,1,2,,,,,,,100.0,0.0,0.0,,,,0
1/2/2004,3:57,-7.3662,2.14,-7.8492,1,1,1,2,,,,,,,100.0,0.0,0.0,,,,0
1/2/2004,3:58,-7.2382,1.8343,-7.7438,1,1,1,2,,,,,,,100.0,0.0,0.0,,,,0
1/2/2004,3:59,-7.2157,1.747,-7.682,1,1,1,2,,,,,,,100.0,0.0,0.0,,,,0
1/2/2004,4:00,-7.1342,1.9653,-7.5927,1,1,1,2,,,,,,,100.0,0.0,0.0,,,,0
1/2/2004,4:01,-6.9823,1.9653,-7.5584,1,1,1,2,,,,,,,100.0,0.0,0.0,,,,0
1/2/2004,4:02,-6.9823,1.9107,-7.6248,1,1,1,2,,,,,,,100.0,0.0,0.0,,,,0
1/2/2004,4:03,-7.0751,1.4958,-7.6248,1,1,1,2,,,,,,,100.0,0.0,0.0,,,,0
1/2/2004,4:04,-7.0413,0.90624,-7.5973,1,1,1,2,,,,,,,100.0,0.0,0.0,,,,0
1/2/2004,4:05,-7.1229,0.65511,-7.595,1,1,1,2,,,,,,,100.0,0.0,0.0,,,,0
1/2/2004,4:06,-7.0751,0.22929,-7.6591,1,1,1,2,,,,,,,100.0,0.0,0.0,,,,0
1/2/2004,4:07,-7.0751,-0.24021,-7.6935,1,1,1,2,,,,,,,100.0,0.0,0.0,,,,0
1/2/2004,4:08,-6.9823,-0.45858,-7.737,1,1,1,2,,,,,,,100.0,0.0,0.0,,,,0
1/2/2004,4:09,-6.9949,-0.62236,-7.8011,1,1,1,2,,,,,,,100.0,0.0,0.0,,,,0
1/2/2004,4:10,-7.1342,-0.65511,-7.8583,1,1,1,2,,,,,,,100.0,0.0,0.0,,,,0
1/2/2004,4:11,-7.2157,-0.65511,-7.9202,1,1,1,2,,,,,,,100.0,0.0,0.0,,,,0
1/2/2004,4:12,-7.2382,-0.65511,-7.9064,1,1,1,2,,,,,,,100.0,0.0,0.0,,,,0
1/2/2004,4:13,-7.2509,-0.65511,-7.8744,1,1,1,2,,,,,,,100.0,0.0,0.0,,,,0
1/2/2004,4:14,-7.4014,-0.65511,-7.8583,1,1,1,2,,,,,,,100.0,0.0,0.0,,,,0
1/2/2004,4:15,-7.3662,-0.62236,-7.8515,1,1,1,2,,,,,,,100.0,0.0,0.0,,,,0
1/2/2004,4:16,-7.2846,-0.6442,-7.9202,1,1,1,2,,,,,,,100.0,0.0,0.0,,,,0
1/2/2004,4:17,-7.3324,-0.37123,-8.0461,1,1,1,2,,,,,,,100.0,0.0,0.0,,,,0
1/2/2004,4:18,-7.4478,-0.63328,-8.0575,1,1,1,2,,,,,,,100.0,0.0,0.0,,,,0
1/2/2004,4:19,-7.5181,-0.65511,-8.0804,1,1,1,2,,,,,,,100.0,0.0,0.0,,,,0
1/2/2004,4:20,-7.5406,-0.65511,-8.1056,1,1,1,2,,,,,,,100.0,0.0,0.0,,,,0
1/2/2004,4:21,-7.4717,-0.65511,-8.1331,1,1,1,2,,,,,,,100.0,0.0,0.0,,,,0
1/2/2004,4:22,-7.4604,-0.65511,-8.1514,1,1,1,2,,,,,,,100.0,0.0,0.0,,,,0
1/2/2004,4:23,-7.4478,-0.65511,-8.1125,1,1,1,2,,,,,,,100.0,0.0,0.0,,,,0
1/2/2004,4:24,-7.4478,-0.30572,-8.1056,1,1,1,2,,,,,,,100.0,0.0,0.0,,,,0
1/2/2004,4:25,-7.3549,-0.48042,-8.069,1,1,1,2,,,,,,,100.0,0.0,0.0,,,,0
1/2/2004,4:26,-7.3789,-0.38215,-8.0667,1,1,1,2,,,,,,,100.0,0.0,0.0,,,,0
1/2/2004,4:27,-7.4478,-0.2948,-8.0461,1,1,1,2,,,,,,,100.0,0.0,0.0,,,,0
1/2/2004,4:28,-7.4478,-0.60052,-8.0484,1,1,1,2,,,,,,,100.0,0.0,0.0,,,,0
1/2/2004,4:29,-7.6109,-0.1201,-8.069,1,1,1,2,,,,,,,100.0,0.0,0.0,,,,0
1/2/2004,4:30,-7.7979,0.30572,-8.1033,1,1,1,2,,,,,,,100.0,0.0,0.0,,,,0
1/2/2004,4:31,-7.9133,0.65511,-8.1033,1,1,1,2,,,,,,,100.0,0.0,0.0,,,,0
1/2/2004,4:32,-7.9133,0.4695,-8.1354,1,1,1,2,,,,,,,100.0,0.0,0.0,,,,0
1/2/2004,4:33,-7.9133,0.56777,-8.3071,1,1,1,2,,,,,,,100.0,0.0,0.0,,,,0
1/2/2004,4:34,-7.9133,0.67695,-8.4147,1,1,1,2,,,,,,,100.0,0.0,0.0,,,,0
1/2/2004,4:35,-7.9133,0.65511,-8.472,1,1,1,2,,,,,,,100.0,0.0,0.0,,,,0
1/2/2004,4:36,-7.9133,0.6442,-8.5178,1,1,1,2,,,,,,,100.0,0.0,0.0,,,,0
1/2/2004,4:37,-7.9133,0.65511,-8.6185,1,1,1,2,,,,,,,100.0,0.0,0.0,,,,0
1/2/2004,4:38,-7.9133,0.65511,-8.6391,1,1,1,2,,,,,,,100.0,0.0,0.0,,,,0
1/2/2004,4:39,-7.9133,0.65511,-8.5704,1,1,1,2,,,,,,,100.0,0.0,0.0,,,,0
1/2/2004,4:40,-7.9133,0.65511,-8.4926,1,1,1,2,,,,,,,100.0,0.0,0.0,,,,0
1/2/2004,4:41,-7.9133,0.65511,-8.4125,1,1,1,2,,,,,,,100.0,0.0,0.0,,,,0
1/2/2004,4:42,-7.9133,0.44766,-8.2796,1,1,1,2,,,,,,,100.0,0.0,0.0,,,,0
1/2/2004,4:43,-7.8781,0.21837,-8.1171,1,1,1,2,,,,,,,100.0,0.0,0.0,,,,0
1/2/2004,4:44,-7.8092,0.43674,-8.0278,1,1,1,2,,,,,,,100.0,0.0,0.0,,,,0
1/2/2004,4:45,-7.6812,0.65511,-8.0095,1,1,1,2,,,,,,,100.0,0.0,0.0,,,,0
1/2/2004,4:46,-7.6812,0.66603,-7.9911,1,1,1,2,,,,,,,100.0,0.0,0.0,,,,0
1/2/2004,4:47,-7.6812,0.94992,-7.9591,1,1,1,2,,,,,,,100.0,0.0,0.0,,,,0
1/2/2004,4:48,-7.5884,1.0809,-7.9637,1,1,1,2,,,,,,,100.0,0.0,0.0,,,,0
1/2/2004,4:49,-7.7164,1.1574,-8.0049,1,1,1,2,,,,,,,100.0,0.0,0.0,,,,0
1/2/2004,4:50,-7.9133,1.3102,-8.0232,1,1,1,2,,,,,,,100.0,0.0,0.0,,,,0
1/2/2004,4:51,-7.9133,1.3102,-7.8606,1,1,1,2,,,,,,,100.0,0.0,0.0,,,,0
1/2/2004,4:52,-7.9133,1.1792,-7.7347,1,1,1,2,,,,,,,100.0,0.0,0.0,,,,0
1/2/2004,4:53,-7.7501,0.97175,-7.6294,1,1,1,2,,,,,,,100.0,0.0,0.0,,,,0
1/2/2004,4:54,-7.4604,0.65511,-7.437,1,1,1,2,,,,,,,100.0,0.0,0.0,,,,0
1/2/2004,4:55,-7.1806,0.4695,-7.3019,1,1,1,2,,,,,,,100.0,0.0,0.0,,,,0
1/2/2004,4:56,-6.9949,-0.18562,-7.1691,1,1,1,2,,,,,,,100.0,0.0,0.0,,,,0
1/2/2004,4:57,-6.9823,-0.60052,-7.1806,1,1,1,2,,,,,,,100.0,0.0,0.0,,,,0
1/2/2004,4:58,-6.9823,-0.65511,-7.2058,1,1,1,2,,,,,,,100.0,0.0,0.0,,,,0
1/2/2004,4:59,-6.9949,-0.99359,-7.3981,1,1,1,2,,,,,,,100.0,0.0,0.0,,,,0
1/2/2004,5:00,-7.1693,-1.0919,-7.6637,1,1,1,2,,,,,,,100.0,0.0,0.0,,,,0
1/2/2004,5:01,-7.2157,-1.0919,-7.6935,1,1,1,2,,,,,,,100.0,0.0,0.0,,,,0
1/2/2004,5:02,-7.1918,-0.89532,-7.6248,1,1,1,2,,,,,,,100.0,0.0,0.0,,,,0
1/2/2004,5:03,-6.9949,-0.65511,-7.4553,1,1,1,2,,,,,,,100.0,0.0,0.0,,,,0
1/2/2004,5:04,-6.9823,-0.65511,-7.3225,1,1,1,2,,,,,,,100.0,0.0,0.0,,,,0
1/2/2004,5:05,-6.9823,-0.42582,-7.366,1,1,1,2,,,,,,,100.0,0.0,0.0,,,,0
1/2/2004,5:06,-6.9823,0.15286,-7.3729,1,1,1,2,,,,,,,100.0,0.0,0.0,,,,0
1/2/2004,5:07,-6.9823,0.66603,-7.2996,1,1,1,2,,,,,,,100.0,0.0,0.0,,,,0
1/2/2004,5:08,-6.8431,0.84073,-7.1256,1,1,1,2,,,,,,,100.0,0.0,0.0,,,,0
1/2/2004,5:09,-6.6799,0.67695,-7.0043,1,1,1,2,,,,,,,100.0,0.0,0.0,,,,0
1/2/2004,5:10,-6.5168,0.65511,-6.9424,1,1,1,2,,,,,,,100.0,0.0,0.0,,,,0
1/2/2004,5:11,-6.5168,0.96083,-6.844,1,1,1,2,,,,,,,100.0,0.0,0.0,,,,0
1/2/2004,5:12,-6.5168,1.1355,-6.6127,1,1,1,2,,,,,,,100.0,0.0,0.0,,,,0
1/2/2004,5:13,-6.4943,1.3102,-6.3975,1,1,1,2,,,,,,,100.0,0.0,0.0,,,,0
1/2/2004,5:14,-6.3537,1.3102,-6.2372,1,1,1,2,,,,,,,100.0,0.0,0.0,,,,0
1/2/2004,5:15,-6.2721,1.3102,-6.1594,1,1,1,2,,,,,,,100.0,0.0,0.0,,,,0
1/2/2004,5:16,-6.424,1.3102,-6.1571,1,1,1,2,,,,,,,100.0,0.0,0.0,,,,0
1/2/2004,5:17,-6.5168,1.3102,-6.1823,1,1,1,2,,,,,,,100.0,0.0,0.0,,,,0
1/2/2004,5:18,-6.5168,1.1683,-6.1891,1,1,1,2,,,,,,,100.0,0.0,0.0,,,,0
1/2/2004,5:19,-6.6448,1.0373,-6.2624,1,1,1,2,,,,,,,100.0,0.0,0.0,,,,0
1/2/2004,5:20,-6.9007,0.66603,-6.4273,1,1,1,2,,,,,,,100.0,0.0,0.0,,,,0
1/2/2004,5:21,-7.0287,0.65511,-6.6219,1,1,1,2,,,,,,,100.0,0.0,0.0,,,,0
1/2/2004,5:22,-7.2973,0.65511,-6.8531,1,1,1,2,,,,,,,100.0,0.0,0.0,,,,0
1/2/2004,5:23,-7.4478,0.50225,-6.9951,1,1,1,2,,,,,,,100.0,0.0,0.0,,,,0
1/2/2004,5:24,-7.4604,0.1747,-7.0432,1,1,1,2,,,,,,,100.0,0.0,0.0,,,,0
1/2/2004,5:25,-7.6573,0.1747,-7.1188,1,1,1,2,,,,,,,100.0,0.0,0.0,,,,0
1/2/2004,5:26,-7.7979,0.65511,-7.3225,1,1,1,2,,,,,,,100.0,0.0,0.0,,,,0
1/2/2004,5:27,-7.9133,0.65511,-7.4874,1,1,1,2,,,,,,,100.0,0.0,0.0,,,,0
1/2/2004,5:28,-7.9133,0.65511,-7.6179,1,1,1,2,,,,,,,100.0,0.0,0.0,,,,0
1/2/2004,5:29,-7.9133,0.32756,-7.6935,1,1,1,2,,,,,,,100.0,0.0,0.0,,,,0
1/2/2004,5:30,-7.9133,0.0,-7.7599,1,1,1,2,,,,,,,100.0,0.0,0.0,,,,0
1/2/2004,5:31,-7.9948,-0.38215,-7.8171,1,1,1,2,,,,,,,100.0,0.0,0.0,,,,0
1/2/2004,5:32,-8.1115,-0.65511,-7.8538,1,1,1,2,,,,,,,100.0,0.0,0.0,,,,0
1/2/2004,5:33,-8.1692,-0.65511,-7.8492,1,1,1,2,,,,,,,100.0,0.0,0.0,,,,0
1/2/2004,5:34,-8.0061,-0.65511,-7.737,1,1,1,2,,,,,,,100.0,0.0,0.0,,,,0
1/2/2004,5:35,-7.9259,-0.65511,-7.6912,1,1,1,2,,,,,,,100.0,0.0,0.0,,,,0
1/2/2004,5:36,-7.9133,-0.98267,-7.611,1,1,1,2,,,,,,,100.0,0.0,0.0,,,,0
1/2/2004,5:37,-7.7389,-1.0919,-7.4714,1,1,1,2,,,,,,,100.0,0.0,0.0,,,,0
1/2/2004,5:38,-7.5757,-1.1901,-7.3683,1,1,1,2,,,,,,,100.0,0.0,0.0,,,,0
1/2/2004,5:39,-7.5532,-1.0809,-7.2882,1,1,1,2,,,,,,,100.0,0.0,0.0,,,,0
1/2/2004,5:40,-7.6812,-0.65511,-7.2035,1,1,1,2,,,,,,,100.0,0.0,0.0,,,,0
1/2/2004,5:41,-7.5068,-0.61144,-7.0592,1,1,1,2,,,,,,,100.0,0.0,0.0,,,,0
1/2/2004,5:42,-7.227,-0.43674,-7.0134,1,1,1,2,,,,,,,100.0,0.0,0.0,,,,0
1/2/2004,5:43,-6.9823,-0.65511,-7.002,1,1,1,2,,,,,,,100.0,0.0,0.0,,,,0
1/2/2004,5:44,-6.9823,-0.96083,-7.0478,1,1,1,2,,,,,,,100.0,0.0,0.0,,,,0
1/2/2004,5:45,-6.9823,-1.0919,-7.1096,1,1,1,2,,,,,,,100.0,0.0,0.0,,,,0
1/2/2004,5:46,-6.9823,-1.0919,-7.0272,1,1,1,2,,,,,,,100.0,0.0,0.0,,,,0
1/2/2004,5:47,-6.9823,-1.0919,-7.0066,1,1,1,2,,,,,,,100.0,0.0,0.0,,,,0
1/2/2004,5:48,-6.8318,-1.0919,-7.0249,1,1,1,2,,,,,,,100.0,0.0,0.0,,,,0
1/2/2004,5:49,-6.5407,-0.70971,-7.0134,1,1,1,2,,,,,,,100.0,0.0,0.0,,,,0
1/2/2004,5:50,-6.5168,-0.49134,-6.9653,1,1,1,2,,,,,,,100.0,0.0,0.0,,,,0
1/2/2004,5:51,-6.5168,0.03276,-6.8165,1,1,1,2,,,,,,,100.0,0.0,0.0,,,,0
1/2/2004,5:52,-6.5168,0.5896,-6.6333,1,1,1,2,,,,,,,100.0,0.0,0.0,,,,0
1/2/2004,5:53,-6.5168,0.65511,-6.5532,1,1,1,2,,,,,,,100.0,0.0,0.0,,,,0
1/2/2004,5:54,-6.5168,0.65511,-6.5005,1,1,1,2,,,,,,,100.0,0.0,0.0,,,,0
1/2/2004,5:55,-6.5168,0.65511,-6.4067,1,1,1,2,,,,,,,100.0,0.0,0.0,,,,0
1/2/2004,5:56,-6.5168,0.66603,-6.2761,1,1,1,2,,,,,,,100.0,0.0,0.0,,,,0
1/2/2004,5:57,-6.5168,1.0919,-6.2143,1,1,1,2,,,,,,,100.0,0.0,0.0,,,,0
1/2/2004,5:58,-6.5168,1.2338,-6.1823,1,1,1,2,,,,,,,100.0,0.0,0.0,,,,0
1/2/2004,5:59,-6.5168,1.4303,-6.212,1,1,1,2,,,,,,,100.0,0.0,0.0,,,,0
1/2/2004,6:00,-6.5168,1.7579,-6.196,1,1,1,2,,,,,,,100.0,0.0,0.0,,,,0
1/2/2004,6:01,-6.4479,1.9653,-6.0495,1,1,1,2,,,,,,,100.0,0.0,0.0,,,,0
1/2/2004,6:02,-6.2257,2.1182,-6.0792,1,1,1,2,,,,,,,100.0,0.0,0.0,,,,0
1/2/2004,6:03,-6.0977,2.1837,-5.9121,1,1,1,2,,,,,,,100.0,0.0,0.0,,,,0
1/2/2004,6:04,-6.0162,1.605,-5.8869,1,1,1,2,,,,,,,100.0,0.0,0.0,,,,0
1/2/2004,6:05,-6.0288,-0.44766,-6.2418,1,1,1,2,,,,,,,100.0,0.0,0.0,,,,0
1/2/2004,6:06,-6.2608,-1.8562,-6.7478,1,1,1,2,,,,,,,100.0,0.0,0.0,,,,0
1/2/2004,6:07,-6.0513,-1.9326,-6.6883,1,1,1,2,,,,,,,100.0,0.0,0.0,,,,0
1/2/2004,6:08,-6.1216,-2.0527,-6.6585,1,1,1,2,,,,,,,100.0,0.0,0.0,,,,0
1/2/2004,6:09,-6.3073,-2.544,-6.8738,1,1,1,2,,,,,,,100.0,0.0,0.0,,,,0
1/2/2004,6:10,-6.1329,-2.7515,-6.931,1,1,1,2,,,,,,,100.0,0.0,0.0,,,,0
1/2/2004,6:11,-6.1216,-3.0572,-7.1966,1,1,1,2,,,,,,,100.0,0.0,0.0,,,,0
1/2/2004,6:12,-6.2721,-3.0026,-7.5675,1,1,1,2,,,,,,,100.0,0.0,0.0,,,,0
1/2/2004,6:13,-6.2721,-2.5659,-7.6156,1,1,1,2,,,,,,,100.0,0.0,0.0,,,,0
1/2/2004,6:14,-6.2608,-2.0964,-7.3729,1,1,1,2,,,,,,,100.0,0.0,0.0,,,,0
1/2/2004,6:15,-5.9697,-1.9435,-7.105,1,1,1,2,,,,,,,100.0,0.0,0.0,,,,0
1/2/2004,6:16,-5.8193,-1.747,-6.8921,1,1,1,2,,,,,,,100.0,0.0,0.0,,,,0
1/2/2004,6:17,-5.7729,-1.6159,-6.6952,1,1,1,2,,,,,,,100.0,0.0,0.0,,,,0
1/2/2004,6:18,-5.6097,-1.3211,-6.6539,1,1,1,2,,,,,,,100.0,0.0,0.0,,,,0
1/2/2004,6:19,-5.5858,-1.3102,-6.6356,1,1,1,2,,,,,,,100.0,0.0,0.0,,,,0
1/2/2004,6:20,-5.5858,-1.201,-6.583,1,1,1,2,,,,,,,100.0,0.0,0.0,,,,0
1/2/2004,6:21,-5.5858,-1.0373,-6.4547,1,1,1,2,,,,,,,100.0,0.0,0.0,,,,0
1/2/2004,6:22,-5.5858,-0.65511,-6.3563,1,1,1,2,,,,,,,100.0,0.0,0.0,,,,0
1/2/2004,6:23,-5.5858,-0.65511,-6.3265,1,1,1,2,,,,,,,100.0,0.0,0.0,,,,0
1/2/2004,6:24,-5.5858,-0.65511,-6.2967,1,1,1,2,,,,,,,100.0,0.0,0.0,,,,0
1/2/2004,6:25,-5.5858,-0.60052,-6.2281,1,1,1,2,,,,,,,100.0,0.0,0.0,,,,0
1/2/2004,6:26,-5.5858,-0.42582,-6.2258,1,1,1,2,,,,,,,100.0,0.0,0.0,,,,0
1/2/2004,6:27,-5.5858,-0.2948,-6.1617,1,1,1,2,,,,,,,100.0,0.0,0.0,,,,0
1/2/2004,6:28,-5.4818,-0.21837,-5.9808,1,1,1,2,,,,,,,100.0,0.0,0.0,,,,0
1/2/2004,6:29,-5.4691,-0.01092,-5.8869,1,1,1,2,,,,,,,100.0,0.0,0.0,,,,0
1/2/2004,6:30,-5.5858,0.0,-5.8159,1,1,1,2,,,,,,,100.0,0.0,0.0,,,,0
1/2/2004,6:31,-5.5858,0.15286,-5.7793,1,1,1,2,,,,,,,100.0,0.0,0.0,,,,0
1/2/2004,6:32,-5.5043,0.33848,-5.6968,1,1,1,2,,,,,,,100.0,0.0,0.0,,,,0
1/2/2004,6:33,-5.3538,0.61144,-5.7335,1,1,1,2,,,,,,,100.0,0.0,0.0,,,,0
1/2/2004,6:34,-5.3538,1.0591,-5.8205,1,1,1,2,,,,,,,100.0,0.0,0.0,,,,0
1/2/2004,6:35,-5.1316,1.5177,-5.7243,1,1,1,2,,,,,,,100.0,0.0,0.0,,,,0
1/2/2004,6:36,-4.8995,1.5941,-5.5732,1,1,1,2,,,,,,,100.0,0.0,0.0,,,,0
1/2/2004,6:37,-4.7252,1.5286,-5.4129,1,1,1,2,,,,,,,100.0,0.0,0.0,,,,0
1/2/2004,6:38,-4.6549,1.6378,-5.3534,1,1,1,2,,,,,,,100.0,0.0,0.0,,,,0
1/2/2004,6:39,-4.6549,1.747,-5.2183,1,1,1,2,,,,,,,100.0,0.0,0.0,,,,0
1/2/2004,6:40,-4.8531,1.747,-5.2343,1,1,1,2,,,,,,,100.0,0.0,0.0,,,,0
1/2/2004,6:41,-4.8883,1.747,-5.39,1,1,1,2,,,,,,,100.0,0.0,0.0,,,,0
1/2/2004,6:42,-4.8883,1.747,-5.4473,1,1,1,2,,,,,,,100.0,0.0,0.0,,,,0
1/2/2004,6:43,-4.8883,1.8562,-5.4931,1,1,1,2,,,,,,,100.0,0.0,0.0,,,,0
1/2/2004,6:44,-4.8531,1.9653,-5.4312,1,1,1,2,,,,,,,100.0,0.0,0.0,,,,0
1/2/2004,6:45,-4.7139,2.151,-5.2549,1,1,1,2,,,,,,,100.0,0.0,0.0,,,,0
1/2/2004,6:46,-4.69,2.6314,-5.1679,1,1,1,2,,,,,,,100.0,0.0,0.0,,,,0
1/2/2004,6:47,-4.8883,2.9698,-5.1656,1,1,1,2,,,,,,,100.0,0.0,0.0,,,,0
1/2/2004,6:48,-4.8883,2.9917,-5.2206,1,1,1,2,,,,,,,100.0,0.0,0.0,,,,0
1/2/2004,6:49,-4.9572,2.6641,-5.4495,1,1,1,2,,,,,,,100.0,0.0,0.0,,,,0
1/2/2004,6:50,-5.0163,2.5004,-5.7197,1,1,1,2,,,,,,,100.0,0.0,0.0,,,,0
1/2/2004,6:51,-5.1091,2.1837,-5.9098,1,1,1,2,,,,,,,100.0,0.0,0.0,,,,0
1/2/2004,6:52,-5.0627,2.3912,-5.8228,1,1,1,2,,,,,,,100.0,0.0,0.0,,,,0
1/2/2004,6:53,-4.9699,2.6205,-5.6442,1,1,1,2,,,,,,,100.0,0.0,0.0,,,,0
1/2/2004,6:54,-4.8883,2.6314,-5.5091,1,1,1,2,,,,,,,100.0,0.0,0.0,,,,0
1/2/2004,6:55,-4.7252,2.675,-5.319,1,1,1,2,,,,,,,100.0,0.0,0.0,,,,0
1/2/2004,6:56,-4.6549,2.7624,-5.1038,1,1,1,2,,,,,,,100.0,0.0,0.0,,,,0
1/2/2004,6:57,-4.6549,2.8934,-4.8817,1,1,1,2,,,,,,,100.0,0.0,0.0,,,,0
1/2/2004,6:58,-4.6549,3.0572,-4.7809,1,1,1,2,,,,,,,100.0,0.0,0.0,,,,0
1/2/2004,6:59,-4.562,3.0572,-4.6481,1,1,1,2,,,,,,,100.0,0.0,0.0,,,,0
1/2/2004,7:00,-4.2597,3.0572,-4.5748,1,1,1,2,,,,,,,100.0,0.0,0.0,,,,0
1/2/2004,7:01,-4.2006,3.0572,-4.5153,1,1,1,2,,,,,,,100.0,0.0,0.0,,,,0
1/2/2004,7:02,-4.1894,3.0572,-4.4878,1,1,1,2,,,,,,,100.0,0.0,0.0,,,,0
1/2/2004,7:03,-4.1894,3.0572,-4.4924,1,1,1,2,,,,,,,100.0,0.0,0.0,,,,0
1/2/2004,7:04,-4.1894,2.8388,-4.4878,1,1,1,2,,,,,,,100.0,0.0,0.0,,,,0
1/2/2004,7:05,-4.1894,2.6969,-4.4878,1,1,1,2,,,,,,,100.0,0.0,0.0,,,,0
1/2/2004,7:06,-4.1894,2.3693,-4.584,1,1,1,2,,,,,,,100.0,0.0,0.0,,,,0
1/2/2004,7:07,-4.1894,2.1837,-4.6687,1,1,1,2,,,,,,,100.0,0.0,0.0,,,,0
1/2/2004,7:08,-4.1317,2.1837,-4.5817,1,1,1,2,,,,,,,100.0,0.0,0.0,,,,0
1/2/2004,7:09,-3.8631,2.1837,-4.355,1,1,1,2,,,,,,,100.0,0.0,0.0,,,,0
1/2/2004,7:10,-3.5495,2.2711,-4.0849,1,1,1,2,,,,,,,100.0,0.0,0.0,,,,0
1/2/2004,7:11,-3.4679,2.6205,-3.8032,1,1,1,2,,,,,,,100.0,0.0,0.0,,,,0
1/2/2004,7:12,-3.2823,2.6205,-3.604,1,1,1,2,,,,,,,100.0,0.0,0.0,,,,0
1/2/2004,7:13,-3.2584,2.6205,-3.4621,1,1,1,2,,,,,,,100.0,0.0,0.0,,,,0
1/2/2004,7:14,-3.2584,2.7078,-3.3567,1,1,1,2,,,,,,,100.0,0.0,0.0,,,,0
1/2/2004,7:15,-2.9448,2.817,-3.185,1,1,1,2,,,,,,,100.0,0.0,0.0,,,,0
1/2/2004,7:16,-2.9799,2.6205,-3.1255,1,1,1,2,,,,,,,100.0,0.0,0.0,,,,0
1/2/2004,7:17,-3.2584,2.3257,-3.3522,1,1,1,2,,,,,,,100.0,0.0,0.0,,,,0
1/2/2004,7:18,-3.2584,2.0745,-3.4804,1,1,1,2,,,,,,,100.0,0.0,0.0,,,,0
1/2/2004,7:19,-3.2584,2.009,-3.3796,1,1,1,2,,,,,,,100.0,0.0,0.0,,,,0
1/2/2004,7:20,-2.9096,2.1837,-3.0682,1,1,1,2,,,,,,,100.0,0.0,0.0,,,,0
1/2/2004,7:21,-2.4329,2.4785,-2.7179,1,1,1,2,,,,,,,100.0,0.0,0.0,,,,0
1/2/2004,7:22,-2.0954,2.6205,-2.4156,1,1,1,2,,,,,,,100.0,0.0,0.0,,,,0
1/2/2004,7:23,-1.9435,2.6205,-2.2027,1,1,1,2,,,,,,,100.0,0.0,0.0,,,,0
1/2/2004,7:24,-1.8155,2.6532,-1.9463,1,1,1,2,,,,,,,100.0,0.0,0.0,,,,0
1/2/2004,7:25,-1.4893,2.8279,-1.6234,1,1,1,2,,,,,,,89.8950914986712,1.2897847170269985,704.4163353970623,,,,0
1/2/2004,7:26,-1.3725,2.9698,-1.3349,1,1,1,2,,,,,,,89.82258680541602,4.36236154473292,1408.8326707941246,,,,0
1/2/2004,7:27,-1.1644,3.0572,-1.0327,1,1,1,2,,,,,,,89.67716933664238,7.937960086516945,1408.8326707941246,,,,0
1/2/2004,7:28,-1.0364,2.7842,-0.77392,1,1,1,2,,,,,,,89.53090757543013,11.534266823366698,1408.8326707941246,,,,0
1/2/2004,7:29,-0.6399,2.4894,-0.31827,1,1,1,2,,,,,,,89.38376938455878,15.152047388413699,1408.8326707941246,,,,0
1/2/2004,7:30,0.3727,2.1837,0.56556,1,1,1,2,,,,,,,89.23576290287065,18.79107624764781,1408.8326707941246,,,,0
1/2/2004,7:31,1.6524,2.1837,1.889,1,1,1,2,,,,,,,89.08692275479353,22.4504758676017,1408.8326707941246,,,,0
1/2/2004,7:32,3.0264,2.1837,3.4002,1,1,1,2,,,,,,,88.93729999989483,26.128963947548424,1408.8326707941246,,,,0
1/2/2004,7:33,4.7364,2.1837,5.0465,1,1,1,2,,,,,,,88.78695519280173,29.82502418202041,1408.8326707941246,,,,0
1/2/2004,7:34,6.5407,2.4676,6.8348,1,1,1,2,,,,,,,88.63595336359336,33.5370297990862,1408.8326707941246,,,,0
1/2/2004,7:35,8.4955,2.7078,8.7123,1,1,1,2,,,,,,,88.48436058638814,37.263328039714445,1408.8326707941246,,,,0
1/2/2004,7:36,10.7301,2.9808,10.938,1,1,1,2,,,,,,,88.33224194162264,41.00229035922621,1408.8326707941246,,,,0
1/2/2004,7:37,13.1742,3.0572,13.562,1,1,1,2,,,,,,,88.17966008654429,44.75234766196596,1408.8326707941246,,,,0
1/2/2004,7:38,15.5945,3.0572,16.003,1,1,1,2,,,,,,,88.02667444094936,48.5120103973785,1408.8326707941246,,,,0
1/2/2004,7:39,17.4564,3.0572,17.983,1,1,1,2,,,,,,,87.8733407612371,52.279879097939975,1408.8326707941246,,,,0
1/2/2004,7:40,19.0511,3.0572,19.547,1,1,1,2,,,,,,,87.71971097633136,56.0546484691167,1408.8326707941246,,,,0
1/2/2004,7:41,20.6459,3.1991,21.194,1,1,1,2,,,,,,,87.56583319619583,59.83510722755693,1408.8326707941246,,,,0
1/2/2004,7:42,22.9143,3.0572,23.376,1,1,1,2,,,,,,,87.41175183043148,63.62013522563669,1408.8326707941246,,,,0
1/2/2004,7:43,25.8,3.0572,26.055,1,1,1,2,,,,,,,87.25750777310103,67.40869894166607,1408.8326707941246,,,,0
1/2/2004,7:44,28.9656,3.2537,29.155,1,1,1,2,,,,,,,87.10313857252495,71.19984733288464,1408.8326707941246,,,,0
1/2/2004,7:45,32.283,4.3019,32.319,1,1,1,2,,,,,,,86.94867882448972,74.99270219743399,1408.8326707941246,,,,0
1/2/2004,7:46,34.8903,4.0508,34.886,1,1,1,2,,,,,,,86.79416030970421,78.78645481330707,1408.8326707941246,,,,0
1/2/2004,7:47,36.9955,5.5248,36.906,1,1,1,2,,,,,,,86.63961212594343,82.58036270454335,1408.8326707941246,,,,0
1/2/2004,7:48,39.5916,17.459,38.9,1,1,1,2,,,,,,,86.4850610682339,86.37374031401615,1408.8326707941246,,,,0
1/2/2004,7:49,41.9654,24.927,40.944,1,1,1,2,,,,,,,86.33053178844204,90.1659550919477,1408.8326707941246,,,,0
1/2/2004,7:50,44.4208,27.187,43.223,1,1,1,2,,,,,,,86.17604699127773,93.95642268872339,1408.8326707941246,,,,0
1/2/2004,7:51,46.038,17.273,45.412,1,1,1,2,,,,,,,86.02162761468614,97.74460253004355,1408.8326707941246,,,,0
1/2/2004,7:52,48.1334,19.773,47.42,1,1,1,2,,,,,,,85.86729299501384,101.52999376515852,1408.8326707941246,,,,0
1/2/2004,7:53,49.4835,12.13,49.336,1,1,1,2,,,,,,,85.71306101721059,105.3121315819514,1408.8326707941246,,,,0
1/2/2004,7:54,51.1246,9.7721,51.246,1,1,1,2,,,,,,,85.55894825128941,109.09058385898979,1408.8326707941246,,,,0
1/2/2004,7:55,54.068,11.956,53.966,1,1,1,2,,,,,,,85.40497002409433,112.86494940326011,1408.8326707941246,,,,0
1/2/2004,7:56,58.0253,13.266,57.808,1,1,1,2,,,,,,,85.25114068552955,116.6348514222392,1408.8326707941246,,,,0
1/2/2004,7:57,62.098,13.364,61.909,1,1,1,2,,,,,,,85.09747360604648,120.39993758319434,1408.8326707941246,,,,0
1/2/2004,7:58,64.6476,8.2326,64.881,1,1,1,2,,,,,,,84.94398116417227,124.1598803162973,1408.8326707941246,,,,0
1/2/2004,7:59,67.0679,7.774,67.254,1,1,1,2,,,,,,,84.79067498327254,127.91437100948963,1408.8326707941246,,,,0
1/2/2004,8:00,69.4192,6.8787,69.724,1,1,1,2,,,,,,,84.63756595360294,131.66311946640502,1408.8326707941246,,,,0
